seg_id,rate,year,year_std,path_name,path_supplement,notes
1,highway,1988,1988,沪嘉高速,,上海到嘉定
2,highway,1989,1988,广佛高速,,广州到佛山
3,highway,1990,1988,沈大高速,,沈阳到大连
4,highway,1991,1988,合宁高速,,合肥到南京
5,highway,1993,1988,京津塘高速,,北京到天津
6,highway,1993,1988,济青高速,,济南到青岛
7,highway,1993,1988,京石高速,,北京到石家庄
8,first-rate,1994,1988,,,
9,highway,1994,1988,成渝高速,,成都到简阳
10,first-rate,1994,1988,,,
11,highway,1994,1988,南海三水高速,,南海到三水
12,first-rate,1994,1988,,,
13,first-rate,1994,1988,,,
14,highway,1994,1988,郑开高速,,郑州到开封
15,first-rate,1994,1988,,,
16,first-rate,1994,1988,,,
17,first-rate,1994,1988,,,
18,first-rate,1994,1988,,,
19,first-rate,1994,1988,,,
20,first-rate,1994,1988,,,
21,first-rate,1994,1988,,,
22,highway,1994,1988,,,青岛到烟台
23,first-rate,1994,1988,,,
24,highway,1994,1988,,,西安到铜川
25,first-rate,1994,1988,,,
26,first-rate,1994,1988,,,
27,first-rate,1994,1988,,,
28,first-rate,1994,1988,,,
29,first-rate,1994,1988,,,
30,first-rate,1994,1988,,,
31,first-rate,1994,1988,,,
32,first-rate,1994,1988,,,
33,first-rate,1994,1988,,,
34,first-rate,1994,1988,,,
35,first-rate,1994,1988,,,
36,first-rate,1994,1988,,,
37,first-rate,1994,1988,,,
38,first-rate,1994,1988,,,
39,first-rate,1994,1988,,,
40,first-rate,1994,1988,,,
41,first-rate,1994,1988,,,
42,first-rate,1994,1988,,,
43,first-rate,1994,1988,,,
44,first-rate,1994,1988,,,
45,first-rate,1994,1988,,,
46,first-rate,1994,1988,,,
47,first-rate,1994,1988,,,
48,first-rate,1994,1988,,,
49,first-rate,1994,1988,,,
50,first-rate,1994,1988,,,
51,first-rate,1994,1988,,,
52,first-rate,1994,1988,,,
53,first-rate,1994,1988,,,
54,first-rate,1994,1988,,,
55,first-rate,1994,1988,,,
56,first-rate,1994,1988,,,
57,first-rate,1994,1988,,,
58,first-rate,1994,1988,,,
59,first-rate,1994,1988,,,
60,first-rate,1994,1988,,,
61,first-rate,1994,1988,,,
62,first-rate,1994,1988,,,
63,first-rate,1994,1988,,,
64,first-rate,1994,1988,,,
65,first-rate,1994,1988,,,
66,first-rate,1994,1988,,,
67,first-rate,1994,1988,,,
68,first-rate,1994,1988,,,
69,first-rate,1994,1988,,,
70,first-rate,1994,1988,,,
71,first-rate,1994,1988,,,
72,first-rate,1994,1988,,,
73,first-rate,1994,1988,,,
74,first-rate,1994,1988,,,
75,first-rate,1994,1988,,,
76,first-rate,1994,1988,,,
77,first-rate,1994,1988,,,
78,first-rate,1994,1988,,,
79,first-rate,1994,1988,,,
80,first-rate,1994,1988,,,
81,first-rate,1994,1988,,,
82,first-rate,1994,1988,,,
83,first-rate,1994,1988,,,
84,first-rate,1994,1988,,,
85,first-rate,1994,1988,,,
86,first-rate,1994,1988,,,
87,first-rate,1994,1988,,,
88,first-rate,1994,1988,,,
89,first-rate,1994,1988,,,
90,first-rate,1994,1988,,,
91,first-rate,1994,1988,,,
92,first-rate,1994,1988,,,
93,first-rate,1994,1988,,,
94,first-rate,1994,1988,,,
95,first-rate,1994,1988,,,
96,first-rate,1994,1988,,,
97,first-rate,1994,1988,,,
98,first-rate,1994,1988,,,
99,first-rate,1994,1988,,,
100,first-rate,1994,1988,,,
101,first-rate,1994,1988,,,
102,first-rate,1994,1988,,,
103,first-rate,1994,1988,,,
104,first-rate,1994,1988,,,
105,first-rate,1994,1988,,,
106,first-rate,1994,1988,,,
107,first-rate,1994,1988,,,
108,first-rate,1994,1988,,,
109,first-rate,1994,1988,,,
110,first-rate,1994,1988,,,
111,first-rate,1994,1988,,,
112,first-rate,1994,1988,,,
113,first-rate,1994,1988,,,
114,first-rate,1994,1988,,,
115,first-rate,1994,1988,,,
116,first-rate,1994,1988,,,
117,first-rate,1994,1988,,,
118,first-rate,1994,1988,,,
119,first-rate,1994,1988,,,
120,first-rate,1994,1988,,,
121,first-rate,1994,1988,,,
122,first-rate,1994,1988,,,
123,first-rate,1994,1988,,,
124,first-rate,1994,1988,,,
125,first-rate,1994,1988,,,
126,first-rate,1994,1988,,,
127,first-rate,1994,1988,,,
128,first-rate,1994,1988,,,
129,first-rate,1994,1988,,,
130,first-rate,1994,1988,,,
131,first-rate,1994,1988,,,
132,first-rate,1994,1988,,,
133,first-rate,1994,1988,,,
134,first-rate,1994,1988,,,
135,first-rate,1994,1988,,,
136,first-rate,1994,1988,,,
137,first-rate,1994,1988,,,
138,first-rate,1994,1988,,,
139,first-rate,1994,1988,,,
140,first-rate,1994,1988,,,
141,first-rate,1994,1988,,,
142,first-rate,1994,1988,,,
143,first-rate,1994,1988,,,
144,first-rate,1994,1988,,,
145,first-rate,1994,1988,,,
146,first-rate,1994,1988,,,
147,first-rate,1994,1988,,,
148,first-rate,1994,1988,,,
149,first-rate,1994,1988,,,
150,first-rate,1994,1988,,,
151,first-rate,1994,1988,,,
152,first-rate,1994,1988,,,
153,first-rate,1994,1988,,,
154,first-rate,1994,1988,,,
155,first-rate,1994,1988,,,
156,first-rate,1994,1988,,,
157,first-rate,1994,1988,,,
158,first-rate,1994,1988,,,
159,first-rate,1994,1988,,,
160,first-rate,1994,1988,,,
161,first-rate,1994,1988,,,
162,first-rate,1994,1988,,,
163,first-rate,1994,1988,,,
164,first-rate,1994,1988,,,
165,first-rate,1994,1988,,,
166,first-rate,1994,1988,,,
167,first-rate,1994,1988,,,
168,first-rate,1994,1988,,,
169,first-rate,1994,1988,,,
170,first-rate,1994,1988,,,
171,first-rate,1994,1988,,,
172,first-rate,1994,1988,,,
173,first-rate,1994,1988,,,
174,first-rate,1994,1988,,,
175,first-rate,1994,1988,,,
176,first-rate,1994,1988,,,
177,first-rate,1994,1988,,,
178,first-rate,1994,1988,,,
179,first-rate,1994,1988,,,
180,first-rate,1994,1988,,,
181,first-rate,1994,1988,,,
182,first-rate,1994,1988,,,
183,first-rate,1994,1988,,,
184,first-rate,1994,1988,,,
185,first-rate,1994,1988,,,
186,first-rate,1994,1988,,,
187,first-rate,1994,1988,,,
188,first-rate,1994,1988,,,
189,first-rate,1994,1988,,,
190,first-rate,1994,1988,,,
191,first-rate,1994,1988,,,
192,first-rate,1994,1988,,,
193,first-rate,1994,1988,,,
194,first-rate,1994,1988,,,
195,first-rate,1994,1988,,,
196,first-rate,1994,1988,,,
197,first-rate,1994,1988,,,
198,first-rate,1994,1988,,,
199,first-rate,1994,1988,,,
200,first-rate,1994,1988,,,
201,first-rate,1994,1988,,,
202,first-rate,1994,1988,,,
203,first-rate,1994,1988,,,
204,first-rate,1994,1988,,,
205,first-rate,1994,1988,,,
206,first-rate,1994,1988,,,
207,first-rate,1994,1988,,,
208,first-rate,1994,1988,,,
209,first-rate,1994,1988,,,
210,first-rate,1994,1988,,,
211,first-rate,1994,1988,,,
212,first-rate,1994,1988,,,
213,first-rate,1994,1988,,,
214,first-rate,1994,1988,,,
215,first-rate,1994,1988,,,
216,first-rate,1994,1988,,,
217,first-rate,1994,1988,,,
218,first-rate,1994,1988,,,
219,first-rate,1994,1988,,,
220,first-rate,1994,1988,,,
221,first-rate,1994,1988,,,
222,first-rate,1994,1988,,,
223,first-rate,1994,1988,,,
224,first-rate,1994,1988,,,
225,first-rate,1994,1988,,,
226,first-rate,1994,1988,,,
227,first-rate,1994,1988,,,
228,first-rate,1994,1988,,,
229,first-rate,1994,1988,,,
230,first-rate,1994,1988,,,
231,first-rate,1994,1988,,,
232,first-rate,1994,1988,,,
233,first-rate,1994,1988,,,
234,first-rate,1994,1988,,,
235,first-rate,1994,1988,,,
236,first-rate,1994,1988,,,
237,first-rate,1994,1988,,,
238,first-rate,1994,1988,,,
239,first-rate,1994,1988,,,
240,first-rate,1994,1988,,,
241,first-rate,1994,1988,,,
242,first-rate,1994,1988,,,
243,first-rate,1994,1988,,,
244,first-rate,1994,1988,,,
245,first-rate,1994,1988,,,
246,first-rate,1994,1988,,,
247,first-rate,1994,1988,,,
248,first-rate,1994,1988,,,
249,first-rate,1994,1988,,,
250,first-rate,1994,1988,,,
251,first-rate,1994,1988,,,
252,first-rate,1994,1988,,,
253,first-rate,1994,1988,,,
254,first-rate,1994,1988,,,
255,first-rate,1994,1988,,,
256,first-rate,1994,1988,,,
257,first-rate,1994,1988,,,
258,first-rate,1994,1988,,,
259,first-rate,1994,1988,,,
260,first-rate,1994,1988,,,
261,first-rate,1994,1988,,,
262,first-rate,1994,1988,,,
263,first-rate,1994,1988,,,
264,first-rate,1994,1988,,,
265,first-rate,1994,1988,,,
266,first-rate,1994,1988,,,
267,first-rate,1994,1988,,,
268,first-rate,1994,1988,,,
269,first-rate,1994,1988,,,
270,first-rate,1994,1988,,,
271,first-rate,1994,1988,,,
272,first-rate,1994,1988,,,
273,first-rate,1994,1988,,,
274,first-rate,1994,1988,,,
275,first-rate,1994,1988,,,
276,first-rate,1994,1988,,,
277,first-rate,1994,1988,,,
278,first-rate,1994,1988,,,
279,first-rate,1994,1988,,,
280,first-rate,1994,1988,,,
281,first-rate,1994,1988,,,
282,first-rate,1994,1988,,,
283,first-rate,1994,1988,,,
284,first-rate,1994,1988,,,
285,first-rate,1994,1988,,,
286,first-rate,1994,1988,,,
287,first-rate,1994,1988,,,
288,first-rate,1994,1988,,,
289,first-rate,1994,1988,,,
290,first-rate,1994,1988,,,
291,first-rate,1994,1988,,,
292,first-rate,1994,1988,,,
293,first-rate,1994,1988,,,
294,first-rate,1994,1988,,,
295,first-rate,1994,1988,,,
296,first-rate,1994,1988,,,
297,first-rate,1994,1988,,,
298,first-rate,1994,1988,,,
299,first-rate,1994,1988,,,
300,first-rate,1994,1988,,,
301,first-rate,1994,1988,,,
302,first-rate,1994,1988,,,
303,first-rate,1994,1988,,,
304,first-rate,1994,1988,,,
305,first-rate,1994,1988,,,
306,first-rate,1994,1988,,,
307,first-rate,1994,1988,,,
308,first-rate,1994,1988,,,
309,first-rate,1994,1988,,,
310,first-rate,1994,1988,,,
311,first-rate,1994,1988,,,
312,first-rate,1994,1988,,,
313,first-rate,1994,1988,,,
314,first-rate,1994,1988,,,
315,first-rate,1994,1988,,,
316,first-rate,1994,1988,,,
317,first-rate,1994,1988,,,
318,first-rate,1994,1988,,,
319,first-rate,1994,1988,,,
320,first-rate,1994,1988,,,
321,first-rate,1994,1988,,,
322,first-rate,1994,1988,,,
323,first-rate,1994,1988,,,
324,first-rate,1994,1988,,,
325,first-rate,1994,1988,,,
326,first-rate,1994,1988,,,
327,first-rate,1994,1988,,,
328,first-rate,1994,1988,,,
329,first-rate,1994,1988,,,
330,first-rate,1994,1988,,,
331,first-rate,1994,1988,,,
332,first-rate,1994,1988,,,
333,first-rate,1994,1988,,,
334,first-rate,1994,1988,,,
335,first-rate,1994,1988,,,
336,first-rate,1994,1988,,,
337,first-rate,1994,1988,,,
338,first-rate,1994,1988,,,
339,first-rate,1994,1988,,,
340,first-rate,1994,1988,,,
341,first-rate,1994,1988,,,
342,first-rate,1994,1988,,,
343,first-rate,1994,1988,,,
344,first-rate,1994,1988,,,
345,first-rate,1994,1988,,,
346,first-rate,1994,1988,,,
347,first-rate,1994,1988,,,
348,first-rate,1994,1988,,,
349,first-rate,1994,1988,,,
350,first-rate,1994,1988,,,
351,first-rate,1994,1988,,,
352,first-rate,1994,1988,,,
353,first-rate,1994,1988,,,
354,first-rate,1994,1988,,,
355,first-rate,1994,1988,,,
356,first-rate,1994,1988,,,
357,first-rate,1994,1988,,,
358,first-rate,1994,1988,,,
359,first-rate,1994,1988,,,
360,first-rate,1994,1988,,,
361,first-rate,1994,1988,,,
362,first-rate,1994,1988,,,
363,first-rate,1994,1988,,,
364,first-rate,1994,1988,,,
365,first-rate,1994,1988,,,
366,first-rate,1994,1988,,,
367,first-rate,1994,1988,,,
368,first-rate,1994,1988,,,
369,first-rate,1994,1988,,,
370,first-rate,1994,1988,,,
371,first-rate,1994,1988,,,
372,first-rate,1994,1988,,,
373,first-rate,1994,1988,,,
374,first-rate,1994,1988,,,
375,first-rate,1994,1988,,,
376,first-rate,1994,1988,,,
377,first-rate,1994,1988,,,
378,first-rate,1994,1988,,,
379,first-rate,1994,1988,,,
380,first-rate,1994,1988,,,
381,first-rate,1994,1988,,,
382,first-rate,1994,1988,,,
383,first-rate,1994,1988,,,
384,first-rate,1994,1988,,,
385,first-rate,1994,1988,,,
386,first-rate,1994,1988,,,
387,first-rate,1994,1988,,,
388,first-rate,1994,1988,,,
389,first-rate,1994,1988,,,
390,first-rate,1994,1988,,,
391,first-rate,1994,1988,,,
392,first-rate,1994,1988,,,
393,first-rate,1994,1988,,,
394,first-rate,1994,1988,,,
395,first-rate,1994,1988,,,
396,first-rate,1994,1988,,,
397,first-rate,1994,1988,,,
398,first-rate,1994,1988,,,
399,first-rate,1994,1988,,,
400,first-rate,1994,1988,,,
401,first-rate,1994,1988,,,
402,first-rate,1994,1988,,,
403,first-rate,1994,1988,,,
404,first-rate,1994,1988,,,
405,first-rate,1994,1988,,,
406,first-rate,1994,1988,,,
407,first-rate,1994,1988,,,
408,first-rate,1994,1988,,,
409,first-rate,1994,1988,,,
410,first-rate,1994,1988,,,
411,first-rate,1994,1988,,,
412,first-rate,1994,1988,,,
413,first-rate,1994,1988,,,
414,first-rate,1994,1988,,,
415,first-rate,1994,1988,,,
416,first-rate,1994,1988,,,
417,first-rate,1994,1988,,,
418,first-rate,1994,1988,,,
419,first-rate,1994,1988,,,
420,first-rate,1994,1988,,,
421,first-rate,1994,1988,,,
422,first-rate,1994,1988,,,
423,first-rate,1994,1988,,,
424,first-rate,1994,1988,,,
425,first-rate,1994,1988,,,
426,first-rate,1994,1988,,,
427,first-rate,1994,1988,,,
428,first-rate,1994,1988,,,
429,first-rate,1994,1988,,,
430,first-rate,1994,1988,,,
431,first-rate,1994,1988,,,
432,first-rate,1994,1988,,,
433,first-rate,1994,1988,,,
434,first-rate,1994,1988,,,
435,first-rate,1994,1988,,,
436,first-rate,1994,1988,,,
437,first-rate,1994,1988,,,
438,first-rate,1994,1988,,,
439,first-rate,1994,1988,,,
440,first-rate,1994,1988,,,
441,first-rate,1994,1988,,,
442,first-rate,1994,1988,,,
443,first-rate,1994,1988,,,
444,first-rate,1994,1988,,,
445,first-rate,1994,1988,,,
446,first-rate,1994,1988,,,
447,first-rate,1994,1988,,,
448,first-rate,1994,1988,,,
449,first-rate,1994,1988,,,
450,first-rate,1994,1988,,,
451,first-rate,1994,1988,,,
452,first-rate,1994,1988,,,
453,first-rate,1994,1988,,,
454,first-rate,1994,1988,,,
455,first-rate,1994,1988,,,
456,first-rate,1994,1988,,,
457,first-rate,1994,1988,,,
458,first-rate,1994,1988,,,
459,first-rate,1994,1988,,,
460,first-rate,1994,1988,,,
461,first-rate,1994,1988,,,
462,first-rate,1994,1988,,,
463,first-rate,1994,1988,,,
464,first-rate,1994,1988,,,
465,first-rate,1994,1988,,,
466,first-rate,1994,1988,,,
467,first-rate,1994,1988,,,
468,first-rate,1994,1988,,,
469,first-rate,1994,1988,,,
470,first-rate,1994,1988,,,
471,first-rate,1994,1988,,,
472,first-rate,1994,1988,,,
473,first-rate,1994,1988,,,
474,first-rate,1994,1988,,,
475,first-rate,1994,1988,,,
476,first-rate,1994,1988,,,
477,first-rate,1994,1988,,,
478,first-rate,1994,1988,,,
479,first-rate,1994,1988,,,
480,first-rate,1994,1988,,,
481,first-rate,1994,1988,,,
482,first-rate,1994,1988,,,
483,first-rate,1994,1988,,,
484,first-rate,1994,1988,,,
485,first-rate,1994,1988,,,
486,first-rate,1994,1988,,,
487,first-rate,1994,1988,,,
488,first-rate,1994,1988,,,
489,first-rate,1994,1988,,,
490,first-rate,1994,1988,,,
491,first-rate,1994,1988,,,
492,first-rate,1994,1988,,,
493,first-rate,1994,1988,,,
494,first-rate,1994,1988,,,
495,first-rate,1994,1988,,,
496,first-rate,1994,1988,,,
497,first-rate,1994,1988,,,
498,first-rate,1994,1988,,,
499,first-rate,1994,1988,,,
500,first-rate,1994,1988,,,
501,first-rate,1994,1988,,,
502,first-rate,1994,1988,,,
503,first-rate,1994,1988,,,
504,first-rate,1994,1988,,,
505,first-rate,1994,1988,,,
506,first-rate,1994,1988,,,
507,first-rate,1994,1988,,,
508,first-rate,1994,1988,,,
509,first-rate,1994,1988,,,
510,first-rate,1994,1988,,,
511,first-rate,1994,1988,,,
512,first-rate,1994,1988,,,
513,first-rate,1994,1988,,,
514,first-rate,1994,1988,,,
515,first-rate,1994,1988,,,
516,first-rate,1994,1988,,,
517,first-rate,1994,1988,,,
518,first-rate,1994,1988,,,
519,first-rate,1994,1988,,,
520,first-rate,1994,1988,,,
521,first-rate,1994,1988,,,
522,first-rate,1994,1988,,,
523,first-rate,1994,1988,,,
524,first-rate,1994,1988,,,
525,first-rate,1994,1988,,,
526,first-rate,1994,1988,,,
527,first-rate,1994,1988,,,
528,first-rate,1994,1988,,,
529,first-rate,1994,1988,,,
530,first-rate,1994,1988,,,
531,first-rate,1994,1988,,,
532,first-rate,1994,1988,,,
533,first-rate,1994,1988,,,
534,first-rate,1994,1988,,,
535,first-rate,1994,1988,,,
536,first-rate,1994,1988,,,
537,first-rate,1994,1988,,,
538,first-rate,1994,1988,,,
539,first-rate,1994,1988,,,
540,first-rate,1994,1988,,,
541,first-rate,1994,1988,,,
542,first-rate,1994,1988,,,
543,first-rate,1994,1988,,,
544,first-rate,1994,1988,,,
545,first-rate,1994,1988,,,
546,highway,1995,1988,广深高速,,广州到深圳
547,highway,1995,1988,成渝高速,,简阳到重庆
548,highway,1995,1988,西宝高速,,西安到宝鸡
549,highway,1995,1988,海南东线高速,,海口到三亚
550,highway,1995,1988,宜黄高速,,宜昌到黄石
551,highway,1995,1988,石太高速,,石家庄到太原
552,highway,1995,1988,,,郑州到洛阳
553,highway,1995,1988,合铜公路,,合肥到铜陵
554,highway,1995,1988,合巢芜高速,,合肥到芜湖
555,highway,1995,1988,,,大庆到牡丹江
556,highway,1995,1988,,,深圳到惠州
557,highway,1996,1988,,,上海到嘉善
558,highway,1996,1988,,,昆明到曲靖
559,highway,1996,1988,,,昆明
560,highway,1996,1988,,,昆明到石林
561,highway,1996,1988,,,贵阳到关岭
562,highway,1996,1988,,,广州到肇庆
563,highway,1996,1988,,,湘潭到长沙
564,highway,1996,1988,,,佛山到开平
565,highway,1996,1988,郑许高速,,郑州到许昌
566,highway,1996,1988,,,广州
567,highway,1996,1988,,,广州
568,highway,1996,1988,,,广州
569,highway,1996,1988,,,广州
570,highway,1996,1988,,,广州到惠州
571,highway,1996,1988,,,惠州
572,highway,1996,1988,,,惠州到惠东
573,highway,1996,1988,,,冠县到济南
574,highway,1996,1988,,,北京
575,highway,1996,1988,,,北京到三河市
576,highway,1996,1988,,,九江到南昌
577,highway,1996,1988,,,天津到唐山
578,highway,1996,1988,,,唐山
579,highway,1996,1988,,,合肥
580,highway,1996,1988,,,汕头
581,highway,1996,1988,,,唐山
582,highway,1996,1988,,,唐山到京唐港
583,highway,1996,1988,,,唐山到秦皇岛
584,highway,1996,1988,,,汕头到诏安
585,highway,1996,1988,,,南京到上海
586,highway,1996,1988,,,连云港
587,highway,1996,1988,,,青岛
588,highway,1996,1988,,,福州
589,highway,1996,1988,,,杭州到宁波
590,highway,1996,1988,,,沈阳
591,highway,1996,1988,,,沈阳
592,highway,1996,1988,,,沈阳到本溪
593,highway,1996,1988,,,沈阳
594,highway,1996,1988,,,沈阳到铁岭
595,highway,1996,1988,,,沈阳到抚顺
596,highway,1996,1988,,,长春到四平
597,first-rate,1996,1988,,,
598,first-rate,1996,1988,,,
599,first-rate,1996,1988,,,
600,first-rate,1996,1988,,,
601,first-rate,1996,1988,,,
602,first-rate,1996,1988,,,
603,first-rate,1996,1988,,,
604,first-rate,1996,1988,,,
605,first-rate,1996,1988,,,
606,first-rate,1996,1988,,,
607,first-rate,1996,1988,,,
608,first-rate,1996,1988,,,
609,highway,1996,1988,,,惠阳到汕头
610,highway,1996,1988,,,惠州到惠阳
611,highway,1997,1997,,,柳州到鹿寨
612,highway,1997,1997,,,桂林到柳州
613,highway,1997,1997,呼包高速,,包头到呼和浩特
614,highway,1997,1997,,,广州
615,highway,1997,1997,,,广州
616,highway,1997,1997,,,德州到济南
617,highway,1997,1997,,,长春
618,highway,1997,1997,,,长春
619,highway,1997,1997,,,长春
620,highway,1997,1997,,,长春到吉林
621,highway,1997,1997,,,哈尔滨到依兰
622,highway,1998,1997,,,防城港到钦州
623,highway,1998,1997,,,南宁到钦州
624,highway,1998,1997,,,钦州到合浦
625,highway,1998,1997,,,原平到太原
626,highway,1998,1997,,,益阳到长沙
627,highway,1998,1997,,,石家庄到郑州
628,highway,1998,1997,,,许昌到漯河
629,highway,1998,1997,,,北京
630,highway,1998,1997,,,厦门
631,highway,1998,1997,,,厦门
632,highway,1998,1997,,,厦门到福州
633,highway,1998,1997,,,无锡到高港
634,highway,1998,1997,,,嘉兴到杭州
635,highway,1998,1997,,,烟台到乳山
636,highway,1998,1997,,,铁岭到四平
637,highway,1998,1997,,,海口到三亚
638,highway,1998,1997,,,三河到唐山
639,highway,1998,1997,,,秦皇岛到凌海
640,highway,1998,1997,,,乌鲁木齐到吐鲁番
641,highway,1998,1997,,,大理到昆明
642,highway,1998,1997,,,西安到灵宝
643,highway,1998,1997,,,常德到益阳
644,highway,1998,1997,,,石家庄到沧州
645,highway,1998,1997,,,上塘到樟树
646,highway,1998,1997,,,合肥到姚里
647,highway,1998,1997,,,上塘到南昌
648,highway,1998,1997,,,海林到穆棱
649,highway,1998,1997,,,红城到皋兰
650,highway,1998,1997,,,玉溪到元江
651,highway,1998,1997,,,鹤岗到佳木斯
652,first-rate,1998,1997,,,
653,first-rate,1998,1997,,,
654,first-rate,1998,1997,,,
655,first-rate,1998,1997,,,
656,highway,1998,1997,,,乌鲁木齐到吉木萨尔
657,highway,1998,1997,,,遵义到贵阳
658,highway,1998,1997,,,佳木斯到依兰
659,highway,1999,1997,,,成都到乐山
660,highway,1999,1997,,,广州
661,highway,1999,1997,,,潍坊到莱阳
662,highway,1999,1997,,,曲靖到陆良
663,highway,1999,1997,,,保定到天津
664,highway,1999,1997,,,济南到泰安
665,highway,2000,1997,,,昆明到玉溪
666,highway,2000,1997,,,乌鲁木齐到奎屯
667,highway,2000,1997,,,大理
668,highway,2000,1997,,,成都到都江堰
669,highway,2000,1997,,,罗江到绵阳
670,highway,2000,1997,,,贵阳
671,highway,2000,1997,,,南宁
672,highway,2000,1997,,,长沙到浏阳
673,highway,2000,1997,,,广州
674,highway,2000,1997,,,广州
675,highway,2000,1997,,,惠州
676,highway,2000,1997,,,黄石到九江
677,highway,2000,1997,,,九江到景德镇
678,highway,2000,1997,,,沧州到黄骅
679,highway,2000,1997,,,合肥
680,highway,2000,1997,,,合肥
681,highway,2000,1997,,,合肥东
682,highway,2000,1997,,,福州
683,highway,2000,1997,,,运城到三门峡
684,first-rate,2000,1997,,,
685,first-rate,2000,1997,,,
686,first-rate,2000,1997,,,
687,first-rate,2000,1997,,,
688,first-rate,2000,1997,,,
689,first-rate,2000,1997,,,
690,first-rate,2000,1997,,,
691,first-rate,2000,1997,,,
692,first-rate,2000,1997,,,
693,first-rate,2000,1997,,,
694,first-rate,2000,1997,,,
695,first-rate,2000,1997,,,
696,first-rate,2000,1997,,,
697,first-rate,2000,1997,,,
698,first-rate,2000,1997,,,
699,first-rate,2000,1997,,,
700,first-rate,2000,1997,,,
701,first-rate,2000,1997,,,
702,first-rate,2000,1997,,,
703,first-rate,2000,1997,,,
704,highway,2001,1997,,,兰州北
705,highway,2001,1997,,,广安到邻水
706,highway,2001,1997,,,铜川到黄陵
707,highway,2001,1997,,,呼和浩特
708,highway,2001,1997,,,焦作到晋城
709,highway,2001,1997,,,广州
710,highway,2001,1997,,,广州
711,highway,2001,1997,,,广州
712,highway,2001,1997,,,广州
713,highway,2001,1997,,,中山北
714,highway,2001,1997,,,张家口到北京
715,highway,2001,1997,,,汕头南
716,highway,2001,1997,,,龙岩到漳州
717,highway,2001,1997,,,新沂到连云港
718,highway,2001,1997,,,盐城到常州
719,highway,2001,1997,,,临潼到阎良
720,highway,2002,1997,,,成都到绵阳
721,highway,2002,1997,,,自贡到内江
722,highway,2002,1997,,,西安到乾县
723,highway,2002,1997,,,北海到岑溪
724,highway,2002,1997,,,宜昌到秭归
725,highway,2002,1997,,,漳平到厦门
726,highway,2002,1997,,,淮安到扬州
727,highway,2002,1997,,,南京到扬州
728,highway,2002,1997,,,淮安到连云港
729,highway,2002,1997,,,江阴到南通
730,highway,2002,1997,,,凌海到沈阳
731,highway,2002,1997,,,皋兰到中川
732,highway,2002,1997,,,山丹到古浪
733,highway,2002,1997,,,西宁
734,highway,2002,1997,,,雅安到眉山
735,highway,2002,1997,,,峨眉山到乐山
736,highway,2002,1997,,,成都到南充
737,highway,2002,1997,,,兰州到白银
738,highway,2002,1997,,,宜宾到自贡
739,highway,2002,1997,,,绵阳到广元
740,highway,2002,1997,,,毕节到贵阳
741,highway,2002,1997,,,隆昌到泸州
742,highway,2002,1997,,,天水到宝鸡
743,highway,2002,1997,,,中宁
744,highway,2002,1997,,,渝北到合川
745,highway,2002,1997,,,银川到中宁
746,highway,2002,1997,,,重庆
747,highway,2002,1997,,,重庆到遵义
748,highway,2002,1997,,,银川
749,highway,2002,1997,,,重庆到涪陵
750,highway,2002,1997,,,重庆到邻水
751,highway,2002,1997,,,银川到平罗
752,highway,2002,1997,,,贵阳到麻江
753,highway,2002,1997,,,达州到邻水
754,highway,2002,1997,,,麻江到河池
755,highway,2002,1997,,,扶绥到南宁
756,highway,2002,1997,,,扶风
757,highway,2002,1997,,,南宁
758,highway,2002,1997,,,河池到南宁
759,highway,2002,1997,,,南宁到柳州
760,highway,2002,1997,,,北海
761,highway,2002,1997,,,西安到蓝田
762,highway,2002,1997,,,合浦到铁山港
763,highway,2002,1997,,,柳州
764,highway,2002,1997,,,贵港到梧州
765,highway,2002,1997,,,潼关到运城
766,highway,2002,1997,,,湛江到高州
767,highway,2002,1997,,,海口到文昌
768,highway,2002,1997,,,灵宝到三门峡
769,highway,2002,1997,,,运城到太原
770,highway,2002,1997,,,三门峡到洛阳
771,highway,2002,1997,,,邵阳到湘潭
772,highway,2002,1997,,,交城到太原
773,highway,2002,1997,,,古交到太原
774,highway,2002,1997,,,太原
775,highway,2002,1997,,,阳城到晋城
776,highway,2002,1997,,,太原
777,highway,2002,1997,,,洛阳到汝州
778,highway,2002,1997,,,大同到原平
779,highway,2002,1997,,,连州到广东
780,highway,2002,1997,,,开平到新会
781,highway,2002,1997,,,丰镇到大同
782,highway,2002,1997,,,长治到邯郸
783,highway,2002,1997,,,大同
784,highway,2002,1997,,,大同
785,highway,2002,1997,,,大同到张家口
786,highway,2002,1997,,,江门
787,highway,2002,1997,,,江门到台山
788,highway,2002,1997,,,湘潭到郴州
789,highway,2002,1997,,,江门到中山
790,highway,2002,1997,,,湘潭到株洲
791,highway,2002,1997,,,武汉到长沙
792,highway,2002,1997,,,郴州到资兴
793,highway,2002,1997,,,郴州到宜章
794,highway,2002,1997,,,兴和到张家口
795,highway,2002,1997,,,中山到珠海
796,highway,2002,1997,,,东莞
797,highway,2002,1997,,,石家庄
798,highway,2002,1997,,,武汉
799,highway,2002,1997,,,武汉到鸡公山
800,highway,2002,1997,,,开封到兰考
801,highway,2002,1997,,,武汉
802,highway,2002,1997,,,深圳
803,highway,2002,1997,,,邯郸到聊城
804,highway,2002,1997,,,武汉
805,highway,2002,1997,,,菏泽到东明
806,highway,2002,1997,,,北京
807,highway,2002,1997,,,北京
808,highway,2002,1997,,,北京
809,highway,2002,1997,,,北京到廊坊
810,highway,2002,1997,,,北京
811,highway,2002,1997,,,北京
812,highway,2002,1997,,,沧州到德州
813,highway,2002,1997,,,北京
814,highway,2002,1997,,,杭州到南昌
815,highway,2002,1997,,,合肥到黄梅
816,highway,2002,1997,,,沧州到天津
817,highway,2002,1997,,,济南
818,highway,2002,1997,,,济南
819,highway,2002,1997,,,济南
820,highway,2002,1997,,,新沂到临沂
821,highway,2002,1997,,,泰安
822,highway,2002,1997,,,淄博到滨州
823,highway,2002,1997,,,汕头
824,highway,2002,1997,,,淄博到莱芜
825,highway,2002,1997,,,漳州到诏安
826,highway,2002,1997,,,蒙阴到临沂
827,highway,2002,1997,,,泰安到新泰
828,highway,2002,1997,,,日照到临沂北
829,highway,2002,1997,,,漳州
830,highway,2002,1997,,,青州到河口
831,highway,2002,1997,,,新沂到淮安
832,highway,2002,1997,,,芜湖
833,highway,2002,1997,,,马鞍山到南京
834,highway,2002,1997,,,南京到扬州
835,highway,2002,1997,,,延平到福州
836,highway,2002,1997,,,南京到高淳区
837,highway,2002,1997,,,淮安到扬州
838,highway,2002,1997,,,芜湖到广德
839,highway,2002,1997,,,高淳区
840,highway,2002,1997,,,朝阳到锦州
841,highway,2002,1997,,,江都到高港
842,highway,2002,1997,,,莱阳
843,highway,2002,1997,,,阜新到锦州
844,highway,2002,1997,,,湖州到杭州
845,highway,2002,1997,,,宁德到福州
846,highway,2002,1997,,,盘锦到海城
847,highway,2002,1997,,,大连到庄河
848,highway,2002,1997,,,昆山到嘉兴
849,highway,2002,1997,,,福鼎到三门
850,highway,2002,1997,,,乳山到即墨
851,highway,2002,1997,,,绍兴到三门
852,highway,2002,1997,,,金山到松江
853,highway,2002,1997,,,宁波到三门
854,highway,2002,1997,,,本溪到丹东
855,highway,2002,1997,,,长春到营城子
856,highway,2002,1997,,,长春到德惠
857,highway,2002,1997,,,哈尔滨
858,highway,2002,1997,,,哈尔滨到庆安
859,highway,2002,1997,,,佳木斯到同江
860,highway,2002,1997,,,绥芬河到穆棱
861,highway,2002,1997,,,兰州到定西
862,highway,2002,1997,,,石嘴山到乌海
863,highway,2002,1997,,,广州到宜章
864,highway,2002,1997,,,漯河到周口
865,highway,2002,1997,,,漯河到确山
866,highway,2002,1997,,,确山到信阳
867,highway,2002,1997,,,广州到深圳
868,highway,2002,1997,,,周口到阜阳北
869,highway,2002,1997,,,开封到虞城
870,highway,2002,1997,,,虞城到徐州
871,highway,2002,1997,,,蚌埠到合肥
872,highway,2002,1997,,,莱西到胶州
873,highway,2002,1997,,,莱西到烟台
874,highway,2002,1997,,,邛崃到成都
875,highway,2002,1997,,,垫江到长寿
876,highway,2002,1997,,,垫江
877,highway,2002,1997,,,垫江到万州
878,highway,2002,1997,,,阳江到斗门
879,highway,2002,1997,,,新余到醴陵
880,highway,2002,1997,,,新余到樟树
881,highway,2002,1997,,,菏泽到曲阜
882,highway,2002,1997,,,曲阜到临沂
883,highway,2002,1997,,,宿迁到盱眙
884,highway,2002,1997,,,宁德到霞浦
885,highway,2002,1997,,,江阴到常熟
886,highway,2002,1997,,,福鼎到霞浦
887,highway,2002,1997,,,安顺到顶效
888,highway,2002,1997,,,定西到天水
889,highway,2002,1997,,,扶绥到友谊关
890,highway,2002,1997,,,北海到湛江
891,highway,2002,1997,,,赣州到河源
892,highway,2002,1997,,,唐官屯到滨海新区
893,first-rate,2002,1997,,,
894,first-rate,2002,1997,,,
895,first-rate,2002,1997,,,
896,first-rate,2002,1997,,,
897,first-rate,2002,1997,,,
898,first-rate,2002,1997,,,
899,first-rate,2002,1997,,,
900,first-rate,2002,1997,,,
901,first-rate,2002,1997,,,
902,first-rate,2002,1997,,,
903,first-rate,2002,1997,,,
904,first-rate,2002,1997,,,
905,first-rate,2002,1997,,,
906,first-rate,2002,1997,,,
907,first-rate,2002,1997,,,
908,first-rate,2002,1997,,,
909,first-rate,2002,1997,,,
910,first-rate,2002,1997,,,
911,highway,2002,1997,,,泰安到莱芜
912,highway,2002,1997,,,新泰到莱芜
913,highway,2003,2003,,,西宁到倒淌河
914,highway,2003,2003,,,西宁到湟中
915,highway,2003,2003,,,陆良
916,highway,2003,2003,,,南充
917,highway,2003,2003,,,重庆
918,highway,2003,2003,,,重庆
919,highway,2003,2003,,,南宁
920,highway,2003,2003,,,南宁
921,highway,2003,2003,,,南宁
922,highway,2003,2003,,,南宁
923,highway,2003,2003,,,西安
924,highway,2003,2003,,,西安
925,highway,2003,2003,,,西安
926,highway,2003,2003,,,十堰到襄阳
927,highway,2003,2003,,,龙圩
928,highway,2003,2003,,,永州到衡阳
929,highway,2003,2003,,,常德
930,highway,2003,2003,,,开平到恩平
931,highway,2003,2003,,,长治
932,highway,2003,2003,,,郑州到登封
933,highway,2003,2003,,,焦作到原阳
934,highway,2003,2003,,,长沙
935,highway,2003,2003,,,广州
936,highway,2003,2003,,,广州
937,highway,2003,2003,,,深圳
938,highway,2003,2003,,,河源
939,highway,2003,2003,,,北京
940,highway,2003,2003,,,北京
941,highway,2003,2003,,,北京
942,highway,2003,2003,,,北京
943,highway,2003,2003,,,梅州到揭阳
944,highway,2003,2003,,,揭阳到汕头
945,highway,2003,2003,,,揭阳到澄海
946,highway,2003,2003,,,虞城
947,highway,2003,2003,,,徐州到宿迁
948,highway,2003,2003,,,徐州
949,highway,2003,2003,,,徐州到蚌埠
950,highway,2003,2003,,,徐州
951,highway,2003,2003,,,铜陵
952,highway,2003,2003,,,南京
953,highway,2003,2003,,,南京
954,highway,2003,2003,,,南京
955,highway,2003,2003,,,昌邑
956,highway,2003,2003,,,胶州
957,highway,2003,2003,,,烟台
958,highway,2003,2003,,,烟台
959,highway,2003,2003,,,杭州
960,highway,2003,2003,,,杭州
961,highway,2003,2003,,,杭州
962,highway,2003,2003,,,杭州
963,highway,2003,2003,,,杭州
964,highway,2003,2003,,,杭州
965,highway,2003,2003,,,松江
966,highway,2003,2003,,,青浦
967,highway,2003,2003,,,松江
968,first-rate,2003,2003,,,
969,first-rate,2003,2003,,,
970,first-rate,2003,2003,,,
971,first-rate,2003,2003,,,
972,first-rate,2003,2003,,,
973,first-rate,2003,2003,,,
974,first-rate,2003,2003,,,
975,first-rate,2003,2003,,,
976,first-rate,2003,2003,,,
977,first-rate,2003,2003,,,
978,first-rate,2003,2003,,,
979,highway,2004,2003,,,滁州到全椒
980,highway,2004,2003,,,大通到西宁
981,highway,2004,2003,,,西宁
982,highway,2004,2003,,,石林到开远
983,highway,2004,2003,,,关岭到曲靖
984,highway,2004,2003,,,彭州到成都
985,highway,2004,2003,,,兰州到临洮
986,highway,2004,2003,,,六盘水到关岭
987,highway,2004,2003,,,中宁到马家河湾
988,highway,2004,2003,,,银川到榆林
989,highway,2004,2003,,,阳江到茂名
990,highway,2004,2003,,,襄阳到荆门
991,highway,2004,2003,,,朔州到山阴
992,highway,2004,2003,,,恩平到阳江
993,highway,2004,2003,,,荆门到荆州
994,highway,2004,2003,,,太原
995,highway,2004,2003,,,长治到晋城
996,highway,2004,2003,,,广州到中山
997,highway,2004,2003,,,中山到珠海
998,highway,2004,2003,,,信阳到武胜关
999,highway,2004,2003,,,武汉
1000,highway,2004,2003,,,武汉
1001,highway,2004,2003,,,滕州到枣庄
1002,highway,2004,2003,,,怀宁到安庆
1003,highway,2004,2003,,,南京
1004,highway,2004,2003,,,杭州到黄山
1005,highway,2004,2003,,,常州到江阴
1006,highway,2004,2003,,,杭州
1007,highway,2004,2003,,,常熟到昆山
1008,highway,2004,2003,,,常熟到太仓
1009,highway,2004,2003,,,太仓到嘉定
1010,highway,2004,2003,,,青浦
1011,highway,2004,2003,,,泸州到毕节
1012,highway,2004,2003,,,鹤壁到濮阳
1013,highway,2004,2003,,,雅安到攀枝花
1014,highway,2004,2003,,,泰安-徐州
1015,highway,2004,2003,,,徐州-新沂
1016,highway,2005,2003,,,梧州到肇庆
1017,highway,2005,2003,,,张家界到常德
1018,highway,2005,2003,,,呼和浩特到兴和
1019,highway,2005,2003,,,娄底
1020,highway,2005,2003,,,太原到长治
1021,highway,2005,2003,,,湘潭
1022,highway,2005,2003,,,许昌到平顶山
1023,highway,2005,2003,,,樟树到泰和
1024,highway,2005,2003,,,泰和到赣州
1025,highway,2005,2003,,,衡水到德州
1026,highway,2005,2003,,,樟树
1027,highway,2005,2003,,,南昌
1028,highway,2005,2003,,,宿迁到淮安
1029,highway,2005,2003,,,马鞍山到芜湖
1030,highway,2005,2003,,,淮安到盐城
1031,highway,2005,2003,,,胶州到日照
1032,highway,2005,2003,,,金华到丽水
1033,highway,2005,2003,,,盐城到南通
1034,highway,2005,2003,,,丽水到温州
1035,highway,2005,2003,,,福安
1036,highway,2005,2003,,,新昌到义乌
1037,highway,2005,2003,,,太仓
1038,highway,2005,2003,,,新昌到宁波
1039,highway,2005,2003,,,闵行
1040,highway,2005,2003,,,宝山
1041,highway,2005,2003,,,闵行
1042,highway,2005,2003,,,丹东到庄河
1043,highway,2005,2003,,,上海
1044,highway,2005,2003,,,宁波到北仑
1045,highway,2005,2003,,,哈尔滨到德惠
1046,highway,2005,2003,,,河源到梅州
1047,highway,2005,2003,,,阳朔到贺州
1048,highway,2005,2003,,,西青到唐官屯
1049,first-rate,2005,2003,,,
1050,highway,2005,2003,,,垫江到涪陵
1051,highway,2005,2003,,,河池到柳州
1052,highway,2006,2003,,,昆山到青浦
1053,highway,2006,2003,,,乌海到包头
1054,highway,2006,2003,,,鄂尔多斯到榆林
1055,highway,2006,2003,,,包头到鄂尔多斯
1056,highway,2006,2003,,,盐城到大丰
1057,highway,2006,2003,,,奎屯到三台
1058,highway,2006,2003,,,克拉玛依到玛纳斯
1059,highway,2006,2003,,,通海到蒙自
1060,highway,2006,2003,,,昂思多到西宁
1061,highway,2006,2003,,,成都
1062,highway,2006,2003,,,成都
1063,highway,2006,2003,,,成都
1064,highway,2006,2003,,,成都
1065,highway,2006,2003,,,成都
1066,highway,2006,2003,,,成都
1067,highway,2006,2003,,,马家河湾到白银
1068,highway,2006,2003,,,中卫到中宁
1069,highway,2006,2003,,,靖边到黄陵
1070,highway,2006,2003,,,西安到柞水
1071,highway,2006,2003,,,新绛到阎良
1072,highway,2006,2003,,,北海
1073,highway,2006,2003,,,榆林
1074,highway,2006,2003,,,新安到洛阳
1075,highway,2006,2003,,,洛阳到登封
1076,highway,2006,2003,,,衡阳
1077,highway,2006,2003,,,三水到四会
1078,highway,2006,2003,,,随州到孝感
1079,highway,2006,2003,,,通许到许昌
1080,highway,2006,2003,,,信阳到光山
1081,highway,2006,2003,,,深圳到澳门
1082,highway,2006,2003,,,井冈山到泰和
1083,highway,2006,2003,,,开封到菏泽
1084,highway,2006,2003,,,濮阳
1085,highway,2006,2003,,,河源
1086,highway,2006,2003,,,南昌到进贤
1087,highway,2006,2003,,,瑞金到朋口
1088,highway,2006,2003,,,龙岩
1089,highway,2006,2003,,,延平到沙县
1090,highway,2006,2003,,,昌邑到烟台
1091,highway,2006,2003,,,杭州到龙游
1092,highway,2006,2003,,,黄岛到薛家岛
1093,highway,2006,2003,,,无锡到长兴
1094,highway,2006,2003,,,缙云到台州
1095,highway,2006,2003,,,昆山
1096,highway,2006,2003,,,青浦
1097,highway,2006,2003,,,南通到海门
1098,highway,2006,2003,,,海门到常熟
1099,highway,2006,2003,,,太仓到嘉定
1100,highway,2006,2003,,,嘉定
1101,highway,2006,2003,,,闵行到奉贤
1102,highway,2006,2003,,,上海
1103,highway,2006,2003,,,上海
1104,highway,2006,2003,,,上海
1105,highway,2006,2003,,,沈阳到抚顺
1106,highway,2006,2003,,,武汉
1107,highway,2006,2003,,,光山到姚里
1108,highway,2006,2003,,,景德镇到婺源
1109,highway,2006,2003,,,太仓市
1110,highway,2006,2003,,,南阳平顶山
1111,first-rate,2006,2003,,,
1112,first-rate,2006,2003,,,
1113,highway,2006,2003,,,邢台到威县
1114,highway,2006,2003,,,海门到启东
1115,highway,2006,2003,,,福州延平（为福银高速福建段，于06年1月正式通车）
1116,highway,2006,2003,,,准格尔旗到呼和浩特
1117,highway,2006,2003,,,西宁到兰州
1118,highway,2006,2003,,,兰考到通许
1119,highway,2006,2003,,,襄阳到随州
1120,highway,2006,2003,,,武汉
1121,highway,2006,2003,,,溧阳到宜兴
1122,highway,2006,2003,,,广安到高坪区
1123,highway,2006,2003,,,高唐到威县
1124,highway,2007,2003,,,虞城到蚌埠
1125,highway,2007,2003,,,濮阳到开封
1126,highway,2007,2003,,,开封到通许
1127,highway,2007,2003,,,杨武到建水
1128,highway,2007,2003,,,开州到万州
1129,highway,2007,2003,,,万州到观音寺
1130,highway,2007,2003,,,云阳到万州
1131,highway,2007,2003,,,柳州
1132,highway,2007,2003,,,桂林
1133,highway,2007,2003,,,桂林
1134,highway,2007,2003,,,桂林
1135,highway,2007,2003,,,桂林到阳朔
1136,highway,2007,2003,,,龙圩到岑溪
1137,highway,2007,2003,,,南阳到襄阳
1138,highway,2007,2003,,,衡阳
1139,highway,2007,2003,,,乌兰察布到丰镇
1140,highway,2007,2003,,,乌兰察布到察右后旗
1141,highway,2007,2003,,,宝丰到叶县
1142,highway,2007,2003,,,长沙
1143,highway,2007,2003,,,长沙
1144,highway,2007,2003,,,江门到斗门
1145,highway,2007,2003,,,张家口到化稍营
1146,highway,2007,2003,,,张北到张家口
1147,highway,2007,2003,,,石家庄到济南
1148,highway,2007,2003,,,周口
1149,highway,2007,2003,,,商丘到周口
1150,highway,2007,2003,,,周口到平舆
1151,highway,2007,2003,,,大名到濮阳
1152,highway,2007,2003,,,光山到新县
1153,highway,2007,2003,,,商丘
1154,highway,2007,2003,,,阜阳到合肥
1155,highway,2007,2003,,,满洲里到牙克石
1156,highway,2007,2003,,,通州到武清
1157,highway,2007,2003,,,蚌埠到南京
1158,highway,2007,2003,,,滨州
1159,highway,2007,2003,,,巴林右旗到赤峰
1160,highway,2007,2003,,,赤峰
1161,highway,2007,2003,,,通辽到赤峰
1162,highway,2007,2003,,,婺源
1163,highway,2007,2003,,,婺源到开化
1164,highway,2007,2003,,,三明
1165,highway,2007,2003,,,三明到沙县
1166,highway,2007,2003,,,连云港到盐城
1167,highway,2007,2003,,,扬州到丹阳
1168,highway,2007,2003,,,丹阳到溧阳
1169,highway,2007,2003,,,龙游到丽水
1170,highway,2007,2003,,,广德到长兴
1171,highway,2007,2003,,,湖州到上海
1172,highway,2007,2003,,,奉贤区
1173,highway,2007,2003,,,奉贤区到金山区
1174,highway,2007,2003,,,上海市内
1175,highway,2007,2003,,,上海到嵊泗列岛
1176,highway,2007,2003,,,哈尔滨环线
1177,highway,2007,2003,,,哈尔滨环线
1178,highway,2007,2003,,,哈尔滨环线
1179,highway,2007,2003,,,哈尔滨环线
1180,highway,2007,2003,,,汝州到平顶山
1181,first-rate,2007,2003,,,
1182,first-rate,2007,2003,,,
1183,highway,2007,2003,,,菏泽到兰考
1184,highway,2007,2003,,,沾化区南北段
1185,highway,2007,2003,,,建德到淳安
1186,highway,2007,2003,,,林州到安阳
1187,highway,2007,2003,,,通许到周口
1188,highway,2007,2003,,,丽水南
1189,highway,2007,2003,,,信阳到南阳
1190,highway,2008,2003,,,邻水到垫江
1191,highway,2008,2003,,,芜湖到安庆
1192,highway,2008,2003,,,彰武到沈阳
1193,highway,2008,2003,,,库尔勒到白杨河
1194,highway,2008,2003,,,瑞丽到大理
1195,highway,2008,2003,,,丽江到大理
1196,highway,2008,2003,,,官家山到开远
1197,highway,2008,2003,,,重庆到遂宁
1198,highway,2008,2003,,,广元到西安
1199,highway,2008,2003,,,南川区
1200,highway,2008,2003,,,垫江区
1201,highway,2008,2003,,,麻江到邵阳
1202,highway,2008,2003,,,垫江到忠县
1203,highway,2008,2003,,,桂林到永州
1204,highway,2008,2003,,,柳林到文水
1205,highway,2008,2003,,,宜昌市
1206,highway,2008,2003,,,永州
1207,highway,2008,2003,,,斗门
1208,highway,2008,2003,,,澳门到珠海
1209,highway,2008,2003,,,赣州到南雄
1210,highway,2008,2003,,,保定到沧州
1211,highway,2008,2003,,,新余
1212,highway,2008,2003,,,济南到巨野
1213,highway,2008,2003,,,北京
1214,highway,2008,2003,,,抚州到沙县
1215,highway,2008,2003,,,济南到莱芜
1216,highway,2008,2003,,,天津
1217,highway,2008,2003,,,海兴到黄骅
1218,highway,2008,2003,,,安庆
1219,highway,2008,2003,,,余江到景德镇
1220,highway,2008,2003,,,景德镇到经公桥
1221,highway,2008,2003,,,莱芜到青岛
1222,highway,2008,2003,,,秦皇岛到乐亭
1223,highway,2008,2003,,,淮安
1224,highway,2008,2003,,,淮安
1225,highway,2008,2003,,,连云港到日照
1226,highway,2008,2003,,,连云港
1227,highway,2008,2003,,,淮安
1228,highway,2008,2003,,,南京溧水
1229,highway,2008,2003,,,平度
1230,highway,2008,2003,,,城阳
1231,highway,2008,2003,,,慈溪到桐乡
1232,highway,2008,2003,,,营城子到白山
1233,highway,2008,2003,,,宜宾到昭通
1234,highway,2008,2003,,,柳林到靖边
1235,highway,2008,2003,,,铜陵到黄山
1236,highway,2008,2003,,,清水到三台
1237,highway,2008,2003,,,巴林右旗到元上都遗址
1238,highway,2008,2003,,,扎鲁特旗到巴林右旗
1239,highway,2008,2003,,,乌兰浩特到扎鲁特旗
1240,highway,2008,2003,,,阿荣旗乌兰浩特
1241,highway,2008,2003,,,嘉善到海盐
1242,highway,2008,2003,,,淮安
1243,highway,2008,2003,,,乐亭到曹妃甸东西向
1244,highway,2009,2003,,,马家河湾到泾源
1245,highway,2009,2003,,,庆元到丽水
1246,highway,2009,2003,,,高坪区到合川区
1247,highway,2009,2003,,,晋城到洛阳
1248,highway,2009,2003,,,武宁到新余
1249,first-rate,2009,2003,,,
1250,first-rate,2009,2003,,,
1251,first-rate,2009,2003,,,
1252,first-rate,2009,2003,,,
1253,highway,2009,2003,,,霍尔果斯到清水河
1254,first-rate,2009,2003,,,
1255,highway,2009,2003,,,景洪到元江
1256,first-rate,2009,2003,,,
1257,highway,2009,2003,,,昆明到禄劝
1258,first-rate,2009,2003,,,
1259,highway,2009,2003,,,嵩明到昭通
1260,first-rate,2009,2003,,,
1261,highway,2009,2003,,,开远到南宁
1262,first-rate,2009,2003,,,
1263,highway,2009,2003,,,南充
1264,highway,2009,2003,,,南充
1265,highway,2009,2003,,,盐池到中宁
1266,highway,2009,2003,,,重庆市环城
1267,highway,2009,2003,,,重庆市环城
1268,highway,2009,2003,,,重庆市环城
1269,highway,2009,2003,,,重庆市环城
1270,highway,2009,2003,,,重庆市环城
1271,highway,2009,2003,,,重庆市环城
1272,highway,2009,2003,,,垫江
1273,highway,2009,2003,,,长武到乾县
1274,highway,2009,2003,,,玉林到横县
1275,highway,2009,2003,,,西安
1276,highway,2009,2003,,,蓝田到南阳
1277,highway,2009,2003,,,阳朔到鹿寨
1278,highway,2009,2003,,,运城
1279,highway,2009,2003,,,宜昌到荆门
1280,highway,2009,2003,,,常德市
1281,highway,2009,2003,,,常德市
1282,highway,2009,2003,,,常德到荆州
1283,highway,2009,2003,,,南阳到南召
1284,highway,2009,2003,,,南阳
1285,highway,2009,2003,,,汝阳到平顶山东西段
1286,highway,2009,2003,,,济源到焦作
1287,highway,2009,2003,,,南阳
1288,highway,2009,2003,,,湘潭
1289,highway,2009,2003,,,大同
1290,highway,2009,2003,,,焦作到巩义
1291,highway,2009,2003,,,登封到巩义
1292,highway,2009,2003,,,长沙
1293,highway,2009,2003,,,登封到长葛
1294,highway,2009,2003,,,焦作
1295,highway,2009,2003,,,衡阳
1296,highway,2009,2003,,,宝丰到长葛
1297,highway,2009,2003,,,衡阳
1298,highway,2009,2003,,,焦作到新乡
1299,highway,2009,2003,,,随州到仙桃
1300,highway,2009,2003,,,台山
1301,highway,2009,2003,,,平顶山到漯河
1302,highway,2009,2003,,,泌阳
1303,highway,2009,2003,,,泌阳到确山
1304,highway,2009,2003,,,许昌
1305,highway,2009,2003,,,新乡到长垣
1306,highway,2009,2003,,,许昌到扶沟
1307,highway,2009,2003,,,唐县到石家庄
1308,highway,2009,2003,,,确山到平舆
1309,highway,2009,2003,,,扶沟到太康
1310,highway,2009,2003,,,平舆到光山
1311,highway,2009,2003,,,毫州到太康
1312,highway,2009,2003,,,北京
1313,highway,2009,2003,,,固安到涞水
1314,highway,2009,2003,,,廊坊
1315,highway,2009,2003,,,商丘到菏泽
1316,highway,2009,2003,,,廊坊市
1317,highway,2009,2003,,,承德到北京
1318,highway,2009,2003,,,南昌
1319,highway,2009,2003,,,南昌
1320,highway,2009,2003,,,通州到宝坻
1321,highway,2009,2003,,,天津
1322,highway,2009,2003,,,天津
1323,highway,2009,2003,,,天津
1324,highway,2009,2003,,,天津
1325,highway,2009,2003,,,六安到潜山
1326,highway,2009,2003,,,黄骅到天津
1327,highway,2009,2003,,,海兴到无棣
1328,highway,2009,2003,,,天津
1329,highway,2009,2003,,,经工桥到安庆
1330,highway,2009,2003,,,龙岩
1331,highway,2009,2003,,,景德镇
1332,highway,2009,2003,,,唐山
1333,highway,2009,2003,,,唐山
1334,highway,2009,2003,,,永安
1335,highway,2009,2003,,,潍坊到昌邑市
1336,highway,2009,2003,,,南平到建瓯
1337,highway,2009,2003,,,南平到浦城
1338,highway,2009,2003,,,延平区
1339,highway,2009,2003,,,延平区
1340,highway,2009,2003,,,朝阳到阜新
1341,highway,2009,2003,,,镇江
1342,highway,2009,2003,,,阜新到彰武
1343,highway,2009,2003,,,大连
1344,highway,2009,2003,,,盐城
1345,highway,2009,2003,,,嘉兴
1346,highway,2009,2003,,,杭州到海盐
1347,highway,2009,2003,,,仙居到东阳
1348,highway,2009,2003,,,营口
1349,highway,2009,2003,,,彰武到康平
1350,highway,2009,2003,,,海盐到金山
1351,highway,2009,2003,,,嘉定
1352,highway,2009,2003,,,嘉定到宝山
1353,highway,2009,2003,,,慈溪到宁波
1354,highway,2009,2003,,,本溪到辽阳
1355,highway,2009,2003,,,四平到康平
1356,highway,2009,2003,,,奉贤
1357,highway,2009,2003,,,宁波到舟山
1358,highway,2009,2003,,,抚顺
1359,highway,2009,2003,,,哈尔滨
1360,highway,2009,2003,,,吉林到珲春
1361,highway,2009,2003,,,牡丹江市
1362,highway,2009,2003,,,安阳到南乐
1363,highway,2009,2003,,,吉首到常德
1364,highway,2009,2003,,,汝阳南
1365,highway,2009,2003,,,郑州到禹州
1366,highway,2009,2003,,,禹州到许昌
1367,highway,2009,2003,,,沾化区东西段
1368,highway,2009,2003,,,浦城到常山
1369,highway,2009,2003,,,康平到沈阳北
1370,highway,2009,2003,,,诸暨到东阳
1371,highway,2010,2003,,,达州到宣汉
1372,highway,2010,2003,,,盐城
1373,first-rate,2010,2003,,,
1374,highway,2010,2003,,,都江堰到汶川
1375,highway,2010,2003,,,邵阳到永州
1376,highway,2010,2003,,,安仁到炎陵
1377,highway,2010,2003,,,曹妃甸南北向
1378,highway,2010,2003,,,湖州到嘉兴
1379,highway,2010,2003,,,杭州到嘉兴
1380,highway,2010,2003,,,辽阳到辽中区
1381,highway,2010,2003,,,河口到蒙自
1382,highway,2010,2003,,,兰州
1383,highway,2010,2003,,,十堰到商洛
1384,highway,2010,2003,,,侯马到阳城
1385,highway,2010,2003,,,岳阳到仙桃
1386,highway,2010,2003,,,随州到泌阳
1387,highway,2010,2003,,,武汉到麻城
1388,highway,2010,2003,,,武汉
1389,highway,2010,2003,,,麻城
1390,highway,2010,2003,,,赣州
1391,highway,2010,2003,,,赣州
1392,highway,2010,2003,,,阜阳
1393,highway,2010,2003,,,阜阳到六安
1394,highway,2010,2003,,,磨憨到勐养
1395,highway,2010,2003,,,涞水到唐县
1396,highway,2010,2003,,,黑河到北安
1397,highway,2010,2003,,,阿荣旗到齐齐哈尔
1398,highway,2010,2003,,,齐齐哈尔到大庆
1399,highway,2010,2003,,,依兰到七台河
1400,highway,2010,2003,,,霍城伊宁（清水河伊宁高速公路，09年通车）
1401,highway,2010,2003,,,可克达拉到清水河
1402,highway,2010,2003,,,安康到柞水
1403,first-rate,2011,2003,,,
1404,highway,2011,2003,,,永昌到金昌
1405,highway,2011,2003,,,乐山到宜宾
1406,highway,2011,2003,,,广元到巴中
1407,highway,2011,2003,,,银川到石嘴山
1408,highway,2011,2003,,,蒲城到渭南
1409,highway,2011,2003,,,湛江到徐闻
1410,highway,2011,2003,,,佳县到太原
1411,highway,2011,2003,,,汾阳到平遥
1412,highway,2011,2003,,,阳江到阳春
1413,highway,2011,2003,,,宿州到泗县
1414,highway,2011,2003,,,承德到朝阳
1415,highway,2011,2003,,,禄劝到攀枝花
1416,highway,2011,2003,,,古浪到红城
1417,highway,2011,2003,,,定西到泾源
1418,highway,2011,2003,,,吴忠
1419,highway,2011,2003,,,利川到忠县
1420,highway,2011,2003,,,阳江
1421,highway,2011,2003,,,荆门到京山
1422,highway,2011,2003,,,连州
1423,highway,2011,2003,,,衡阳到湘潭
1424,highway,2011,2003,,,佛山
1425,highway,2011,2003,,,武汉到京山
1426,highway,2011,2003,,,黄石到大冶
1427,highway,2011,2003,,,黄冈到黄石
1428,highway,2011,2003,,,罗田到英山
1429,highway,2011,2003,,,商丘
1430,highway,2011,2003,,,梅州到朋口
1431,highway,2011,2003,,,加福到朋口
1432,highway,2011,2003,,,衢州到开化
1433,highway,2011,2003,,,歙县到绩溪
1434,highway,2011,2003,,,诸暨
1435,highway,2011,2003,,,温州到仙居
1436,highway,2011,2003,,,荣成市到文登
1437,highway,2011,2003,,,启东
1438,highway,2011,2003,,,上海
1439,highway,2011,2003,,,营城子到辽源
1440,highway,2011,2003,,,辉南
1441,highway,2011,2003,,,通化
1442,highway,2011,2003,,,牡丹江到鸡西
1443,highway,2011,2003,,,临沧到祥云
1444,highway,2011,2003,,,云阳到奉节
1445,highway,2011,2003,,,包头到东胜
1446,highway,2011,2003,,,涞源到化稍营
1447,highway,2011,2003,,,长春到松原
1448,highway,2011,2003,,,佳木斯到双鸭山
1449,highway,2011,2003,,,鸡西到七台河
1450,highway,2011,2003,,,唐县到保定
1451,highway,2011,2003,,,伊春到庆安
1452,highway,2011,2003,,,佳木斯到七台河
1453,highway,2011,2003,,,鸡西
1454,first-rate,2012,2003,,,
1455,highway,2012,2003,,,蒲城到蒲城东
1456,highway,2012,2003,,,汉中到安康
1457,highway,2012,2003,,,茶坊到长武
1458,highway,2012,2003,,,茶坊到临汾
1459,highway,2012,2003,,,怀集到广州
1460,highway,2012,2003,,,泰和到石城
1461,highway,2012,2003,,,瑞金到黎川
1462,highway,2012,2003,,,承德到唐山
1463,highway,2012,2003,,,余江到黎川
1464,highway,2012,2003,,,阿克苏到库尔勒
1465,highway,2012,2003,,,贡嘎到拉萨
1466,highway,2012,2003,,,小柴旦到当金山口
1467,highway,2012,2003,,,格尔木到小柴旦
1468,highway,2012,2003,,,小柴旦到倒淌河
1469,highway,2012,2003,,,定西到陇西
1470,highway,2012,2003,,,陇西到天水
1471,highway,2012,2003,,,泾源到长武
1472,highway,2012,2003,,,陇县到陈仓区
1473,highway,2012,2003,,,道县到江永
1474,highway,2012,2003,,,忻州到唐县
1475,highway,2012,2003,,,岳阳到通山
1476,highway,2012,2003,,,随州到大悟
1477,highway,2012,2003,,,九江到通山
1478,highway,2012,2003,,,毫州到宿州
1479,highway,2012,2003,,,承德到宽城
1480,highway,2012,2003,,,彰武到科左后旗
1481,highway,2012,2003,,,海城到大孤山
1482,highway,2012,2003,,,吉林到辉南
1483,highway,2012,2003,,,疏附到叶城
1484,highway,2012,2003,,,克拉玛依到乌苏
1485,highway,2012,2003,,,奇台到吉木萨尔
1486,highway,2012,2003,,,山丹到吐鲁番
1487,highway,2012,2003,,,玉溪到通海
1488,highway,2012,2003,,,雅安到洪雅
1489,highway,2012,2003,,,雅安到邛崃
1490,highway,2012,2003,,,洪雅
1491,highway,2012,2003,,,夹江
1492,highway,2012,2003,,,夹江
1493,highway,2012,2003,,,夹江到乐山
1494,highway,2012,2003,,,临夏到广河
1495,highway,2012,2003,,,丹棱到成都
1496,highway,2012,2003,,,丹棱到青神
1497,highway,2012,2003,,,乐山到自贡
1498,highway,2012,2003,,,成都
1499,highway,2012,2003,,,成都
1500,highway,2012,2003,,,仁寿到青神
1501,highway,2012,2003,,,彭州到绵竹
1502,highway,2012,2003,,,成都
1503,highway,2012,2003,,,绵竹
1504,highway,2012,2003,,,绵竹到德阳
1505,highway,2012,2003,,,绵竹到棉阳
1506,highway,2012,2003,,,水城到普安
1507,highway,2012,2003,,,资阳到仁寿
1508,highway,2012,2003,,,宜宾到泸州
1509,highway,2012,2003,,,成都到三台
1510,highway,2012,2003,,,兴义到顶效
1511,highway,2012,2003,,,渭源到陇西
1512,highway,2012,2003,,,绵阳到三台
1513,highway,2012,2003,,,百色到顶效
1514,highway,2012,2003,,,兴仁到普安
1515,highway,2012,2003,,,内江到遂宁
1516,highway,2012,2003,,,蓬溪到三台
1517,highway,2012,2003,,,南部到三台
1518,highway,2012,2003,,,纳溪到江津
1519,highway,2012,2003,,,靖西到那坡
1520,highway,2012,2003,,,宝轮
1521,highway,2012,2003,,,宝轮到南部
1522,highway,2012,2003,,,宝轮到昭化
1523,highway,2012,2003,,,南部到南充
1524,highway,2012,2003,,,南充
1525,highway,2012,2003,,,南部到巴中
1526,highway,2012,2003,,,汉中到略阳
1527,highway,2012,2003,,,阿拉善左旗到银川
1528,highway,2012,2003,,,南充
1529,highway,2012,2003,,,青铜峡
1530,highway,2012,2003,,,重庆
1531,highway,2012,2003,,,仁怀
1532,highway,2012,2003,,,银川
1533,highway,2012,2003,,,贵阳
1534,highway,2012,2003,,,遵义
1535,highway,2012,2003,,,贵阳
1536,highway,2012,2003,,,綦江到南川
1537,highway,2012,2003,,,巴南到南川
1538,highway,2012,2003,,,贵阳
1539,highway,2012,2003,,,永宁到吴忠
1540,highway,2012,2003,,,惠安堡到吴忠
1541,highway,2012,2003,,,银川到永宁
1542,highway,2012,2003,,,石炭井
1543,highway,2012,2003,,,贵阳到都匀
1544,highway,2012,2003,,,南川
1545,highway,2012,2003,,,遵义到绥阳
1546,highway,2012,2003,,,惠安堡
1547,highway,2012,2003,,,乌海到东胜
1548,highway,2012,2003,,,荔波
1549,highway,2012,2003,,,涪陵到武隆
1550,highway,2012,2003,,,武隆到吉首
1551,highway,2012,2003,,,涪陵
1552,highway,2012,2003,,,贯洞到都匀
1553,highway,2012,2003,,,涪陵到丰都
1554,highway,2012,2003,,,达州到开江
1555,highway,2012,2003,,,安康到宣汉
1556,highway,2012,2003,,,钦州
1557,highway,2012,2003,,,钦州到横县
1558,highway,2012,2003,,,观音寺到宜昌
1559,highway,2012,2003,,,玉屏到凤凰
1560,highway,2012,2003,,,安康到平利
1561,highway,2012,2003,,,黎平
1562,highway,2012,2003,,,贯洞
1563,highway,2012,2003,,,安康到白河
1564,highway,2012,2003,,,贵港
1565,highway,2012,2003,,,巫溪到奉节
1566,highway,2012,2003,,,巫山到奉节
1567,highway,2012,2003,,,蓝田到商洛
1568,highway,2012,2003,,,吉首到凤凰
1569,highway,2012,2003,,,怀化到凤凰
1570,highway,2012,2003,,,榆林到忻州
1571,highway,2012,2003,,,榆林到子洲
1572,highway,2012,2003,,,海口到屯昌
1573,highway,2012,2003,,,娄底到溆浦
1574,highway,2012,2003,,,运城到万荣
1575,highway,2012,2003,,,灵宝到官道口
1576,highway,2012,2003,,,卢氏到官道口
1577,highway,2012,2003,,,洛阳到官道口
1578,highway,2012,2003,,,侯马到济源
1579,highway,2012,2003,,,呼和浩特
1580,highway,2012,2003,,,贺州
1581,highway,2012,2003,,,呼和浩特
1582,highway,2012,2003,,,梧州到贺州
1583,highway,2012,2003,,,洛阳到栾川
1584,highway,2012,2003,,,邵东到衡阳
1585,highway,2012,2003,,,永州到蓝山
1586,highway,2012,2003,,,常德到岳阳
1587,highway,2012,2003,,,交城到祁县
1588,highway,2012,2003,,,右玉到大同
1589,highway,2012,2003,,,晋中到祁县
1590,highway,2012,2003,,,宜城到随州
1591,highway,2012,2003,,,察右后旗到苏尼特右旗
1592,highway,2012,2003,,,太原
1593,highway,2012,2003,,,太原
1594,highway,2012,2003,,,太原
1595,highway,2012,2003,,,南阳
1596,highway,2012,2003,,,太原
1597,highway,2012,2003,,,太原
1598,highway,2012,2003,,,太原到井陉
1599,highway,2012,2003,,,太原
1600,highway,2012,2003,,,太原
1601,highway,2012,2003,,,晋中
1602,highway,2012,2003,,,晋中
1603,highway,2012,2003,,,应县到浑源
1604,highway,2012,2003,,,衡阳到临武
1605,highway,2012,2003,,,榆社到左权
1606,highway,2012,2003,,,潞城到屯留
1607,highway,2012,2003,,,霍林郭勒到察右后旗
1608,highway,2012,2003,,,长沙
1609,highway,2012,2003,,,长沙
1610,highway,2012,2003,,,长治到林州
1611,highway,2012,2003,,,大同到兴和
1612,highway,2012,2003,,,大同到浑源
1613,highway,2012,2003,,,蔚县到浑源
1614,highway,2012,2003,,,涞源到浑源
1615,highway,2012,2003,,,郑州
1616,highway,2012,2003,,,郑州
1617,highway,2012,2003,,,泌阳到舞阳
1618,highway,2012,2003,,,株洲
1619,highway,2012,2003,,,郑州
1620,highway,2012,2003,,,平定到井陉
1621,highway,2012,2003,,,鄂州到洪湖
1622,highway,2012,2003,,,浏阳到通城
1623,highway,2012,2003,,,浏阳到萍乡
1624,highway,2012,2003,,,开封到郑州
1625,highway,2012,2003,,,封丘到原阳
1626,highway,2012,2003,,,浏阳到奉新
1627,highway,2012,2003,,,广州
1628,highway,2012,2003,,,石家庄
1629,highway,2012,2003,,,石家庄
1630,highway,2012,2003,,,广州到河源
1631,highway,2012,2003,,,张北到太仆寺旗
1632,highway,2012,2003,,,邢台
1633,highway,2012,2003,,,涞源到涞水
1634,highway,2012,2003,,,张家口
1635,highway,2012,2003,,,咸宁到通山
1636,highway,2012,2003,,,开封
1637,highway,2012,2003,,,下花园区到怀来
1638,highway,2012,2003,,,开封
1639,highway,2012,2003,,,平舆到临泉
1640,highway,2012,2003,,,濮阳到范县
1641,highway,2012,2003,,,北京市
1642,highway,2012,2003,,,馆陶到威县
1643,highway,2012,2003,,,馆陶到魏县
1644,highway,2012,2003,,,保定
1645,highway,2012,2003,,,息县到固始
1646,highway,2012,2003,,,衡水到南宫
1647,highway,2012,2003,,,威县到南宫
1648,highway,2012,2003,,,麻城到姚里
1649,highway,2012,2003,,,武宁到德安
1650,highway,2012,2003,,,奉新
1651,highway,2012,2003,,,肃宁到武强
1652,highway,2012,2003,,,吉安到抚州
1653,highway,2012,2003,,,肃宁到雄县
1654,highway,2012,2003,,,靖安到安义
1655,highway,2012,2003,,,廊坊到雄县
1656,highway,2012,2003,,,廊坊到永清
1657,highway,2012,2003,,,德州到无棣
1658,highway,2012,2003,,,梁山到嘉祥
1659,highway,2012,2003,,,永清
1660,highway,2012,2003,,,霸州到沧州
1661,highway,2012,2003,,,瑞金到吉潭
1662,highway,2012,2003,,,徐州到丰县
1663,highway,2012,2003,,,南昌到万年
1664,highway,2012,2003,,,兴宁到丰良
1665,highway,2012,2003,,,济南
1666,highway,2012,2003,,,天津
1667,highway,2012,2003,,,九江到彭泽
1668,highway,2012,2003,,,石城到清流
1669,highway,2012,2003,,,梅州到龙岩
1670,highway,2012,2003,,,天津
1671,highway,2012,2003,,,济南
1672,highway,2012,2003,,,大沽到李家堡
1673,highway,2012,2003,,,宁河
1674,highway,2012,2003,,,宁河到宝坻
1675,highway,2012,2003,,,宁河
1676,highway,2012,2003,,,黄骅港
1677,highway,2012,2003,,,万年到泗州
1678,highway,2012,2003,,,迁西到唐山
1679,highway,2012,2003,,,南平到邵武
1680,highway,2012,2003,,,宽城到青龙
1681,highway,2012,2003,,,明溪
1682,highway,2012,2003,,,加福
1683,highway,2012,2003,,,加福到晋江
1684,highway,2012,2003,,,赤峰到朝阳
1685,highway,2012,2003,,,南平到横峰
1686,highway,2012,2003,,,青州到马站
1687,highway,2012,2003,,,南京浦口
1688,highway,2012,2003,,,南平到福安
1689,highway,2012,2003,,,牙克石市到阿荣旗
1690,highway,2012,2003,,,南京
1691,highway,2012,2003,,,同安到安溪
1692,highway,2012,2003,,,溧水到金坛
1693,highway,2012,2003,,,青岛
1694,highway,2012,2003,,,武进到金坛
1695,highway,2012,2003,,,青岛
1696,highway,2012,2003,,,青岛
1697,highway,2012,2003,,,江都到姜堰
1698,highway,2012,2003,,,丹阳到高港
1699,highway,2012,2003,,,青岛
1700,highway,2012,2003,,,即墨
1701,highway,2012,2003,,,常州
1702,highway,2012,2003,,,常州
1703,highway,2012,2003,,,闽侯到连江
1704,highway,2012,2003,,,湖州到杭州
1705,highway,2012,2003,,,福清到东瀚
1706,highway,2012,2003,,,海安到姜堰
1707,highway,2012,2003,,,普兰店到谢屯
1708,highway,2012,2003,,,张家港到锡山
1709,highway,2012,2003,,,双辽到通辽
1710,highway,2012,2003,,,南通到张家港
1711,highway,2012,2003,,,桐乡
1712,highway,2012,2003,,,南通
1713,highway,2012,2003,,,普兰店区
1714,highway,2012,2003,,,嘉善到松江区
1715,highway,2012,2003,,,盖州到庄河
1716,highway,2012,2003,,,永嘉
1717,highway,2012,2003,,,新民到辽中
1718,highway,2012,2003,,,永嘉
1719,highway,2012,2003,,,上海
1720,highway,2012,2003,,,齐齐哈尔到江桥
1721,highway,2012,2003,,,启东到宝山
1722,highway,2012,2003,,,康平到双辽
1723,highway,2012,2003,,,双辽到松原
1724,highway,2012,2003,,,宁波
1725,highway,2012,2003,,,宁波
1726,highway,2012,2003,,,铁岭
1727,highway,2012,2003,,,宁波
1728,highway,2012,2003,,,松原到大庆
1729,highway,2012,2003,,,抚顺到辉南
1730,highway,2012,2003,,,东丰到营城子
1731,highway,2012,2003,,,北安到伊春
1732,highway,2012,2003,,,北安到绥化
1733,highway,2012,2003,,,牡丹江到宁安
1734,highway,2012,2003,,,牡丹江
1735,highway,2012,2003,,,穆棱
1736,highway,2012,2003,,,鸡西到二龙山
1737,highway,2012,2003,,,毕节威宁（毕威高速2013年6月开始收费）
1738,highway,2012,2003,,,惠水兴仁（惠兴高速公路13年11月全线通车）
1739,highway,2012,2003,,,河津到万荣
1740,highway,2012,2003,,,"嘉禾宁远（郴宁高速公路段,12年年底通车）"
1741,highway,2012,2003,,,"郴州嘉禾（郴宁高速公路段,12年年底通车）"
1742,highway,2012,2003,,,韶关南康
1743,highway,2012,2003,,,奉新宜丰（南昌-铜鼓高速公路12年10月建成通车）
1744,highway,2012,2003,,,莆田漳平方向（莆永高速公路段，13年12月全线通车）
1745,highway,2012,2003,,,松溪建瓯（松溪建瓯高速公路12年12月全线通车）
1746,highway,2012,2003,,,烟台海阳（烟海高速于12年11月建成通车）
1747,highway,2012,2003,,,台州（常台高速段，13年7月贯通）
1748,highway,2012,2003,,,织金北
1749,highway,2012,2003,,,泉州绕城（三期工程于15年5月通车）
1750,highway,2012,2003,,,莆田仙游（莆炎高速福建莆田段，15年12月通车）
1751,highway,2012,2003,,,道县南到广西（永州贺州高速公路段，17年12月通车）
1752,highway,2012,2003,,,鄂尔多斯到准格尔旗
1753,highway,2012,2003,,,长汀到瑞金
1754,highway,2012,2003,,,成都外环
1755,highway,2012,2003,,,仁寿到成都外环
1756,highway,2012,2003,,,梧州到怀集
1757,highway,2012,2003,,,临武到宜章
1758,highway,2012,2003,,,扎鲁特旗到通辽
1759,highway,2012,2003,,,乌兰浩特到松原
1760,highway,2012,2003,,,万荣到侯马
1761,highway,2012,2003,,,汝城到赣州
1762,first-rate,2013,2003,,,
1763,highway,2013,2003,,,水城到六盘水
1764,highway,2013,2003,,,绍兴到诸暨
1765,highway,2013,2003,,,毕节到遵义
1766,highway,2013,2003,,,崇左到钦州
1767,highway,2013,2003,,,平遥到榆社
1768,highway,2013,2003,,,高平到陵川
1769,highway,2013,2003,,,枣庄到临沂
1770,highway,2013,2003,,,加格达奇到齐齐哈尔
1771,highway,2013,2003,,,新民到铁岭
1772,highway,2013,2003,,,抚顺到通化
1773,highway,2013,2003,,,丹东到通化
1774,highway,2013,2003,,,昆明环城
1775,highway,2013,2003,,,成都外环
1776,highway,2013,2003,,,绵阳绕城高速公路南环线
1777,highway,2013,2003,,,连接点
1778,highway,2013,2003,,,连接点
1779,highway,2013,2003,,,连接点
1780,highway,2013,2003,,,重庆绕城（重庆绕城高速09年全线通车）
1781,highway,2013,2003,,,
1782,highway,2013,2003,,,连接点
1783,highway,2013,2003,,,连接点
1784,highway,2013,2003,,,重庆绕城（重庆绕城高速09年全线通车）
1785,highway,2013,2003,,,巴中南江（巴中—陕西高速公路巴中东兴场至南江北段13年12月正式通车）
1786,highway,2013,2003,,,巴中达州
1787,highway,2013,2003,,,湄潭思南（属于煎茶遵义段）
1788,highway,2013,2003,,,连接点
1789,highway,2013,2003,,,咸阳环城
1790,highway,2013,2003,,,西安环城
1791,highway,2013,2003,,,西安环城
1792,highway,2013,2003,,,同仁-江口
1793,highway,2013,2003,,,西安环城
1794,highway,2013,2003,,,西安环城
1795,highway,2013,2003,,,西安环城
1796,highway,2013,2003,,,西安环城
1797,highway,2013,2003,,,西安环城
1798,highway,2013,2003,,,西安环城
1799,highway,2013,2003,,,
1800,highway,2013,2003,,,当阳奉节
1801,highway,2013,2003,,,河津合阳高村三角
1802,highway,2013,2003,,,连接线
1803,highway,2013,2003,,,内乡邓州
1804,highway,2013,2003,,,太原环城
1805,highway,2013,2003,,,
1806,highway,2013,2003,,,
1807,highway,2013,2003,,,长治环城
1808,highway,2013,2003,,,
1809,highway,2013,2003,,,兴和乌兰察布
1810,highway,2013,2003,,,
1811,highway,2013,2003,,,太原环城
1812,highway,2013,2003,,,连接点
1813,highway,2013,2003,,,连接线
1814,highway,2013,2003,,,连接点
1815,highway,2013,2003,,,广州外环
1816,highway,2013,2003,,,
1817,highway,2013,2003,,,石家庄到西柏坡
1818,highway,2013,2003,,,广州外环
1819,highway,2013,2003,,,
1820,highway,2013,2003,,,从化区
1821,highway,2013,2003,,,
1822,highway,2013,2003,,,罗田麻城东
1823,highway,2013,2003,,,合肥机场高速
1824,highway,2013,2003,,,淮南
1825,highway,2013,2003,,,上杭
1826,highway,2013,2003,,,连接点
1827,highway,2013,2003,,,龙岩漳平
1828,highway,2013,2003,,,赤峰环城
1829,highway,2013,2003,,,赤峰环城
1830,highway,2013,2003,,,赤峰环城
1831,highway,2013,2003,,,德兴上饶
1832,highway,2013,2003,,,蓝线不对，红线是三明福州高速公路段，04年12通车
1833,highway,2013,2003,,,连接点
1834,highway,2013,2003,,,建瓯政和
1835,highway,2013,2003,,,高淳区溧阳（南常高速公路10年通车）
1836,highway,2013,2003,,,晋江石狮（晋石高速12年12月通车）
1837,highway,2013,2003,,,连接点
1838,highway,2013,2003,,,连接点
1839,highway,2013,2003,,,青浦东
1840,highway,2013,2003,,,青浦东
1841,highway,2013,2003,,,红线为通启高速，04年11月通车; all years 再调整
1842,highway,2013,2003,,,青浦南
1843,highway,2013,2003,,,连接点
1844,highway,2013,2003,,,连接点
1845,highway,2013,2003,,,连接点
1846,highway,2013,2003,,,连接点
1847,highway,2013,2003,,,沈阳二环
1848,highway,2013,2003,,,沈阳二环
1849,highway,2013,2003,,,沈阳二环
1850,highway,2013,2003,,,沈阳二环
1851,highway,2013,2003,,,沈阳二环
1852,highway,2013,2003,,,沈阳二环
1853,highway,2013,2003,,,北安五大连池
1854,highway,2013,2003,,,连接线
1855,highway,2013,2003,,,连接线
1856,highway,2013,2003,,,吉林绕城
1857,highway,2013,2003,,,连接线
1858,highway,2013,2003,,,连接线
1859,highway,2013,2003,,,吉林绕城
1860,highway,2013,2003,,,
1861,highway,2013,2003,,,思南到江口
1862,highway,2014,2014,,,喀什乌恰（喀什-伊尔克什坦高速公路段，13年12月通车）
1863,highway,2014,2014,,,奇台木垒（奇木高速公路12年11月通车）
1864,highway,2014,2014,,,开远蒙自（锁蒙高速13年10月9日通车）
1865,highway,2014,2014,,,武威金昌（武威金昌高速公路13年11月通车）
1866,highway,2014,2014,,,中卫武威（定边－武威高速公路段，13年11月通车）
1867,highway,2014,2014,,,六枝特区镇宁（六镇高速13年12月正式通车）
1868,highway,2014,2014,,,营山到高坪（南大梁高速南充到渠县段13年12月通车）
1869,highway,2014,2014,,,防城港东兴（防东高速公路2013年12月建成通车）
1870,highway,2014,2014,,,思南石千（属于思南剑河段高速，13年12月通车）
1871,highway,2014,2014,,,镇远剑河（思南-剑河高速公路段，13年12月通车）
1872,highway,2014,2014,,,永顺花垣（张家界花垣高速公路段，13年11月通车）
1873,highway,2014,2014,,,溆浦怀化（溆浦怀化高速公路13年12月通车）
1874,highway,2014,2014,,,呼和浩特大同（大呼高速公路13年12月通车）
1875,highway,2014,2014,,,呼和浩特大同（大呼高速公路13年12月通车）
1876,highway,2014,2014,,,代县灵丘（河曲灵丘高速公路段，13年11月通车）
1877,highway,2014,2014,,,汝城郴州（厦蓉高速公路湖南汝郴高速公路，于12年12月通车）
1878,highway,2014,2014,,,阜阳新蔡（阜新高速公路于13年11月正式开通运营）
1879,highway,2014,2014,,,泰宁建宁（泰宁—建宁高速公路13年11月通车）
1880,highway,2014,2014,,,赤峰承德段（赤承高速公路13年12月正式通车）
1881,highway,2014,2014,,,赤峰八里罕（赤峰承德高速公路段，13年12月通车）
1882,highway,2014,2014,,,宣城宁国（2013年底宣城-宁国段建成通车）
1883,highway,2014,2014,,,麦盖提莎车（三莎高速公路段，14年11月通车）
1884,highway,2014,2014,,,巴楚麦盖提
1885,highway,2014,2014,,,阿勒泰克拉玛依（奎屯—阿勒泰高速公路，14年7月通车）
1886,highway,2014,2014,,,吉木萨尔北
1887,highway,2014,2014,,,西宁同仁
1888,highway,2014,2014,,,眉山自贡
1889,highway,2014,2014,,,资阳乐至
1890,highway,2014,2014,,,成都乐至
1891,highway,2014,2014,,,自贡泸州段（成都自贡泸州高速公路14年6月通车）
1892,highway,2014,2014,,,自贡泸州段（成都自贡泸州高速公路14年6月通车）
1893,highway,2014,2014,,,乐至到遂宁
1894,highway,2014,2014,,,遂宁环城
1895,highway,2014,2014,,,中宁东
1896,highway,2014,2014,,,遵义绕城（遵义绕城高速是由已通车的青檬高速（2013年底）、北环高速（2014）构成）
1897,highway,2014,2014,,,
1898,highway,2014,2014,,,遵义绕城（遵义绕城高速是由已通车的青檬高速（2013年底）、北环高速（2014）构成）
1899,highway,2014,2014,,,遵义绕城（遵义绕城高速是由已通车的青檬高速（2013年底）、北环高速（2014）构成）
1900,highway,2014,2014,,,遵义绕城（遵义绕城高速是由已通车的青檬高速（2013年底）、北环高速（2014）构成）
1901,highway,2014,2014,,,重庆涪陵区
1902,highway,2014,2014,,,大竹梁平
1903,highway,2014,2014,,,瓮安福泉（瓮马高速公路段，14年11月通车）
1904,highway,2014,2014,,,
1905,highway,2014,2014,,,吴起志丹
1906,highway,2014,2014,,,"恩施宣恩,宣恩咸丰"
1907,highway,2014,2014,,,洛川铜川
1908,highway,2014,2014,,,榆林佳县
1909,highway,2014,2014,,,临县兴县（岢临高速公路段，14年10月通车运营）
1910,highway,2014,2014,,,石首公安（江南高速公路段，14年12月通车）
1911,highway,2014,2014,,,朔州绕城（西南段14年7月通车）
1912,highway,2014,2014,,,山阴至平鲁（属于荣乌高速山西段，于14年7月通车）
1913,highway,2014,2014,,,忻州环城（2014年11月通车）
1914,highway,2014,2014,,,阳泉左权（阳左高速公路14年7月通车）
1915,highway,2014,2014,,,阳泉绕城（14年12月通车）
1916,highway,2014,2014,,,宜章乐昌
1917,highway,2014,2014,,,攸县南北
1918,highway,2014,2014,,,张家口锡林浩特（锡林郭勒盟—张家口高速公路14年7月通车）
1919,highway,2014,2014,,,逐鹿涞水
1920,highway,2014,2014,,,咸宁附近
1921,highway,2014,2014,,,围场八里罕
1922,highway,2014,2014,,,黄山经公桥
1923,highway,2014,2014,,,迁安
1924,highway,2014,2014,,,漳平安溪
1925,highway,2014,2014,,,和县巢湖方向
1926,highway,2014,2014,,,漳州平和
1927,highway,2014,2014,,,屏南
1928,highway,2014,2014,,,阜新盘锦方向
1929,highway,2014,2014,,,西丰开原（12年通车）辽源西丰（14年）
1930,highway,2014,2014,,,十堰房县（十房高速2014年12月全线通车）
1931,highway,2014,2014,,,卢氏西坪（三淅高速段，15年12月通车）
1932,highway,2014,2014,,,泰和莲花（2015年9月，吉莲高速公路全线通车）
1933,highway,2014,2014,,,汤山段（济祁高速汤山段15年12月通车）
1934,highway,2014,2014,,,抚州-金溪（抚州金溪高速公路15年11月通车）
1935,highway,2014,2014,,,东至（东九高速公路安徽段15年12月通车）
1936,highway,2014,2014,,,宁国到绩溪
1937,highway,2014,2014,,,永泰到仙游
1938,highway,2014,2014,,,龙陵腾冲（保腾高速公路13年2月6日通车，但龙江特大桥16年4月20才通车）
1939,highway,2014,2014,,,清水河准格尔旗（荣成－乌海高速公路内蒙十七沟至大饭铺段，16年4月通车）
1940,highway,2014,2014,,,蒲城龙泉（丽龙庆高速公路龙浦支线16年9月建成通车）
1941,highway,2014,2014,,,齐齐哈尔白城（双嫩高速公路段，16年通车）
1942,highway,2014,2014,,,蓬安到大竹（南大梁高速17年1月全线通车）
1943,highway,2014,2014,,,辉南到靖宇
1944,highway,2014,2014,,,重庆到乐至
1945,highway,2014,2014,,,遵义到湄潭
1946,highway,2014,2014,,,邢台到左权
1947,highway,2015,2014,,,昆明环城
1948,highway,2015,2014,,,昆明环城
1949,highway,2015,2014,,,遂宁武胜（遂宁广安高速16年8月全线通车）
1950,highway,2015,2014,,,普定安顺（普定至安顺及安顺西绕城高速公路于12年3月底通车）
1951,highway,2015,2014,,,习水泸州方向（仁怀至赤水高速仁怀段13年10月正式通车）
1952,highway,2015,2014,,,黄洋界到汝城
1953,highway,2015,2014,,,安庆东至（济广高速08年11月，安庆—东至高速公路与济广高速公路共线段建成通车）
1954,highway,2015,2014,,,三岔口阿图什（阿喀高速段，14年9月通车）
1955,highway,2015,2014,,,喀什麦盖提（麦喀高速公路14年11月通车）
1956,highway,2015,2014,,,克拉玛依塔城（克塔高速公路14年11月完工）
1957,highway,2015,2014,,,共和玛多方向（共和玉树高速公路一期14年12月竣工）
1958,highway,2015,2014,,,共和玛多方向（共和玉树高速公路一期14年12月竣工）
1959,highway,2015,2014,,,万载宜春（万载宜春高速公路14年12月建成通车）
1960,highway,2015,2014,,,九江庐山
1961,highway,2015,2014,,,阿克苏喀什段
1962,highway,2015,2014,,,临夏合作
1963,highway,2015,2014,,,成都环城，西段
1964,highway,2015,2014,,,成都环城，西段
1965,highway,2015,2014,,,成都环城，西段
1966,highway,2015,2014,,,成都环城，西段
1967,highway,2015,2014,,,毕节南到六盘（杭瑞高速毕都高速公路段，15年全面通车）
1968,highway,2015,2014,,,毕节北（夏蓉高速贵州段毕生高速公路于15年11月通车）
1969,highway,2015,2014,,,望谟安龙（望安高速15年12月建成通车）
1970,highway,2015,2014,,,"天水西和（十天高速甘肃段，15年10月通车）,陇南广元（兰海高速段）"
1971,highway,2015,2014,,,重庆永川区南
1972,highway,2015,2014,,,重庆永川区
1973,highway,2015,2014,,,铜梁
1974,highway,2015,2014,,,重庆外环
1975,highway,2015,2014,,,中宁东到同心北
1976,highway,2015,2014,,,田阳靖西
1977,highway,2015,2014,,,贵阳绕城（贵阳市绕城高速公路东北段改扩建（改线）于15年12月通车）
1978,highway,2015,2014,,,贵阳绕城（贵阳市绕城高速公路东北段改扩建（改线）于15年12月通车）
1979,highway,2015,2014,,,贵阳绕城（贵阳市绕城高速公路东北段改扩建（改线）于15年12月通车）
1980,highway,2015,2014,,,连接点
1981,highway,2015,2014,,,连接点
1982,highway,2015,2014,,,贵阳绕城（贵阳市绕城高速公路东北段改扩建（改线）于15年12月通车）
1983,highway,2015,2014,,,贵阳绕城（贵阳市绕城高速公路东北段改扩建（改线）于15年12月通车）
1984,highway,2015,2014,,,汉中绕城（2015年9月2日，宝汉高速汉中至川陕界通车）
1985,highway,2015,2014,,,独山平塘（独山—平塘高速公路15年12月通车运营）
1986,highway,2015,2014,,,大化南到平果
1987,highway,2015,2014,,,湄潭到瓮安
1988,highway,2015,2014,,,正安湄潭（属于银川-百色高速公路贵州段道安高速，于15年12月通车）
1989,highway,2015,2014,,,正安务川（正务高速15年10月通车）
1990,highway,2015,2014,,,"丹寨凯里（属于凯里—羊甲高速公路,14年12月通车运营）"
1991,highway,2015,2014,,,丰都到石柱西
1992,highway,2015,2014,,,余庆到凯里
1993,highway,2015,2014,,,凯里雷山（凯雷高速15年12月通车运行）
1994,highway,2015,2014,,,大化南到来宾南
1995,highway,2015,2014,,,南宁外环
1996,highway,2015,2014,,,环石柱
1997,highway,2015,2014,,,万州到涪陵区
1998,highway,2015,2014,,,南宁外环
1999,highway,2015,2014,,,彬县旬邑
2000,highway,2015,2014,,,南宁外环
2001,highway,2015,2014,,,南宁外环
2002,highway,2015,2014,,,铜川彬县东
2003,highway,2015,2014,,,咸阳至旬邑高速公路于2014年12月3日通车
2004,highway,2015,2014,,,三惠黎平
2005,highway,2015,2014,,,来宾武宣方向
2006,highway,2015,2014,,,柳州武宣（柳州武宣高速公路15年12月通车运营）
2007,highway,2015,2014,,,延川x县（长延高速15年10月通车）
2008,highway,2015,2014,,,贵港北
2009,highway,2015,2014,,,贵港南
2010,highway,2015,2014,,,平利房县
2011,highway,2015,2014,,,佳县陕西境
2012,highway,2015,2014,,,岑溪茂名（包头茂名高速公路广州段，15年12月建成通车）
2013,highway,2015,2014,,,吕梁环城
2014,highway,2015,2014,,,吕梁环城
2015,highway,2015,2014,,,吕梁环城
2016,highway,2015,2014,,,道县到全州南（灌凤高速公路15年12月29日通车）
2017,highway,2015,2014,,,和林格尔托克托方向(兴和至巴拉贡高速公路）
2018,highway,2015,2014,,,临汾汾西方向
2019,highway,2015,2014,,,宜昌南宜都（江南高速石首松滋段14年12月通车）
2020,highway,2015,2014,,,宜都松滋
2021,highway,2015,2014,,,和林格尔凉城方向(兴和至巴拉贡高速公路）
2022,highway,2015,2014,,,谷城宝康（江南高速公路老河口石首段）
2023,highway,2015,2014,,,老河口
2024,highway,2015,2014,,,和林格尔凉城方向(兴和至巴拉贡高速公路）
2025,highway,2015,2014,,,宝康到当阳
2026,highway,2015,2014,,,益阳绕城南线
2027,highway,2015,2014,,,英德清远（乐广高速公路段，14年9月通车）
2028,highway,2015,2014,,,尉氏新郑（商登高速公路段，15年12月通车）
2029,highway,2015,2014,,,英德直角（南北段为乐广高速14年9月通车）
2030,highway,2015,2014,,,井冈山炎陵
2031,highway,2015,2014,,,龙南广州（大广高速公路广东段，15年12月通车）
2032,highway,2015,2014,,,尉氏商丘方向（商登高速公路段，15年12月通车）
2033,highway,2015,2014,,,大悟红安方向
2034,highway,2015,2014,,,石家庄环城
2035,highway,2015,2014,,,商丘尉氏（商登高速公路段，15年12月通车）
2036,highway,2015,2014,,,石家庄绕城
2037,highway,2015,2014,,,揭西河源（揭阳博罗高速公路段，15年12月通车）
2038,highway,2015,2014,,,安远龙南
2039,highway,2015,2014,,,聊城范县（德上高速聊城-范县段于15年11月正式通车）
2040,highway,2015,2014,,,范县到菏泽（德上高速河南省范县段，甄城菏泽段都于15年11月通车）
2041,highway,2015,2014,,,罗田武穴方向
2042,highway,2015,2014,,,英山东
2043,highway,2015,2014,,,南昌外环
2044,highway,2015,2014,,,南昌外环
2045,highway,2015,2014,,,兴宁 平远
2046,highway,2015,2014,,,汤山段（济祁高速汤山段15年12月通车）
2047,highway,2015,2014,,,南昌外环
2048,highway,2015,2014,,,武平江西方向
2049,highway,2015,2014,,,永城利辛（济祁高速永利段15年12月通车）
2050,highway,2015,2014,,,沧州济南方向
2051,highway,2015,2014,,,承德绕城
2052,highway,2015,2014,,,承德避暑山庄
2053,highway,2015,2014,,,潮州揭阳
2054,highway,2015,2014,,,揭阳
2055,highway,2015,2014,,,金溪光泽（抚州—金溪—资溪—光泽2015年贯通）
2056,highway,2015,2014,,,蚌埠外环（蚌淮高速凤阳延伸段）
2057,highway,2015,2014,,,徐州明光
2058,highway,2015,2014,,,宣城铜陵（宣铜高速15年12月全线通车）
2059,highway,2015,2014,,,漳平北（漳州永安高速公路段，15年9月通车）
2060,highway,2015,2014,,,厦成高速公路厦门段(2015年2月）
2061,highway,2015,2014,,,宣城铜陵（宣铜高速15年12月全线通车）
2062,highway,2015,2014,,,厦成高速公路厦门段(2015年2月）
2063,highway,2015,2014,,,黄山建德
2064,highway,2015,2014,,,宣城铜陵（宣铜高速15年12月全线通车）
2065,highway,2015,2014,,,德化
2066,highway,2015,2014,,,葫芦岛建昌方向
2067,highway,2015,2014,,,建瓯古田（属于建瓯闽侯高速公路段，15年12月通车）
2068,highway,2015,2014,,,安溪仙游
2069,highway,2015,2014,,,永康磐安
2070,highway,2015,2014,,,如东
2071,highway,2015,2014,,,启东
2072,highway,2015,2014,,,抚顺铁岭
2073,highway,2015,2014,,,抚顺本溪
2074,highway,2015,2014,,,伊春鹤岗
2075,highway,2015,2014,,,抚松长白
2076,highway,2015,2014,,,敦化抚松
2077,highway,2015,2014,,,鹤岗萝北
2078,highway,2015,2014,,,格尔木香日德(茶卡格尔木高速公路16年10月建成通车）
2079,highway,2015,2014,,,茶卡香日德(茶卡格尔木高速公路16年10月建成通车）
2080,highway,2015,2014,,,龙山永顺（龙山永顺高速公路16年9月通车）
2081,highway,2015,2014,,,"娄底邵阳（二广高速湖南段安邵高速公路，16年10月通车）,娄底邵阳（二广高速湖南段安邵高速公路，16年10月通车）"
2082,highway,2015,2014,,,常德至安化（常安高速公路16年12月通车）安化娄底（安邵高速公路16年10月通车）
2083,highway,2015,2014,,,上高万载（南昌至上栗高速公路16年1月通车）
2084,highway,2015,2014,,,揭西惠州（潮州惠州高速公路段，16年12月通车）
2085,highway,2015,2014,,,南昌上高（南昌至上栗高速公路16年1月通车）
2086,highway,2015,2014,,,夏津聊城（德上高速公路夏津-聊城段16年7月竣工通车）
2087,highway,2015,2014,,,乐安宁都方向（南昌至宁都高速公路16年1月建成通车）
2088,highway,2015,2014,,,南昌宁都方向（南昌至宁都高速公路16年1月建成通车）
2089,highway,2015,2014,,,济宁鱼台(16年12月，济徐高速济宁至鱼台段建成通车）
2090,highway,2015,2014,,,沧州到冀鲁省界为G2京沪高速新线（16年6月通车），乐陵到济南为济乐高速公路（15年1月通车）
2091,highway,2015,2014,,,开化婺源（杭新景高速公路段16年底开通）
2092,highway,2015,2014,,,衢州开化（杭新景高速公路段16年底开通）
2093,highway,2015,2014,,,福安寿宁（福寿高速16年1月全线通车）
2094,highway,2015,2014,,,牡丹江敦化（鹤大高速段，16年10月通车）
2095,highway,2015,2014,,,毕节到纳雍
2096,highway,2015,2014,,,神池河曲（属于灵丘-河曲高速公路段，原平大营至神池段和神池至河曲段均于17年2月通车）
2097,highway,2015,2014,,,泗县五河（徐明高速江苏段17年8月通车）
2098,highway,2015,2014,,,织金到清镇
2099,highway,2015,2014,,,瓮安到余庆
2100,highway,2015,2014,,,思南到酉阳
2101,highway,2015,2014,,,余庆到江口
2102,highway,2015,2014,,,房县东
2103,highway,2015,2014,,,宁国到临安
2104,highway,2015,2014,,,永泰到莆田
2105,highway,2015,2014,,,习水到仁怀
2106,highway,2016,2014,,,溧水到马鞍山（溧马高速于13年12月建成通车）
2107,highway,2016,2014,,,金昌至阿拉善右旗（15年10月通车）
2108,highway,2016,2014,,,惠水罗甸（惠罗高速15年8月通车）
2109,highway,2016,2014,,,道真正安（道真瓮安高速15年12月通车）
2110,highway,2016,2014,,,和县南北向（天天高速滁州马鞍山段15年通车）
2111,highway,2016,2014,,,和县北
2112,highway,2016,2014,,,德令哈香日德（德马高速公路青海境内的德令哈至香日德段于16年10月通车）
2113,highway,2016,2014,,,成都环城，东段
2114,highway,2016,2014,,,成都环城，东段
2115,highway,2016,2014,,,成都外环，东段
2116,highway,2016,2014,,,宜宾叙永（宜宾-叙永高速公路16年6月全线通车试运营）
2117,highway,2016,2014,,,遂宁武胜（遂宁广安高速16年8月全线通车）
2118,highway,2016,2014,,,成县（十天高速甘肃段已于2015年10月1日通车）
2119,highway,2016,2014,,,固原-西吉（固原至西吉高速公路16年12月建成并试通车）
2120,highway,2016,2014,,,武胜广安（遂宁广安高速16年8月全线通车）
2121,highway,2016,2014,,,汉中绕城（2015年9月2日，宝汉高速汉中至川陕界通车）
2122,highway,2016,2014,,,施秉黄平
2123,highway,2016,2014,,,延安平行线
2124,highway,2016,2014,,,河津吉县（吉河高速16年9月通车）
2125,highway,2016,2014,,,十堰北到西坪
2126,highway,2016,2014,,,罗定到阳春
2127,highway,2016,2014,,,乌兰察布环城
2128,highway,2016,2014,,,乌兰察布环城
2129,highway,2016,2014,,,乌兰察布环城
2130,highway,2016,2014,,,孟县五台（五孟高速16年6月通车）
2131,highway,2016,2014,,,左权到黎社
2132,highway,2016,2014,,,石家庄环城
2133,highway,2016,2014,,,韶关东西
2134,highway,2016,2014,,,承德张家口（张承高速）
2135,highway,2016,2014,,,石家庄环城
2136,highway,2016,2014,,,惠东南
2137,highway,2016,2014,,,南昌到丰城
2138,highway,2016,2014,,,龙海
2139,highway,2016,2014,,,绩溪西
2140,highway,2016,2014,,,厦门外环
2141,highway,2016,2014,,,绩溪东
2142,highway,2016,2014,,,永泰
2143,highway,2016,2014,,,长春双辽
2144,highway,2016,2014,,,梅河口通化
2145,highway,2016,2014,,,富锦抚远（建三江—黑瞎子岛高速公路段，16年8月通车）
2146,highway,2016,2014,,,宣威曲靖（宣曲高速公路于17年12月通车）
2147,highway,2016,2014,,,宜城到宝康
2148,highway,2016,2014,,,和县到马鞍山
2149,highway,2016,2014,,,江门到罗定
2150,highway,2016,2014,,,南昌南
2151,highway,2017,2014,,,拉萨林芝高速公路林芝段
2152,highway,2017,2014,,,遂宁西充（遂宁西充高速公路15年12月开通试运营）
2153,highway,2017,2014,,,蓬安广安（巴南广高速公路蓬安福德至广安广罗段15年12月通车）
2154,highway,2017,2014,,,贵阳瓮安（贵瓮高速15年12月通车）
2155,highway,2017,2014,,,寻乌安远（寻全高速公路15年10月全线通车）
2156,highway,2017,2014,,,乌鲁木齐绕城（2016年通车）
2157,highway,2017,2014,,,香日德花石峡（香花高速16年10月通车）
2158,highway,2017,2014,,,巴中蓬安（2016年10月巴南广高速公路全线通车）
2159,highway,2017,2014,,,临清北（德上高速公路德州夏津段16年8月通车）
2160,highway,2017,2014,,,德州夏津（德上高速公路德州夏津段16年8月通车）
2161,highway,2017,2014,,,花石峡久治（青海花石峡至久治高速公路17年11月建成通车）
2162,highway,2017,2014,,,习水到古蔺
2163,highway,2017,2014,,,彭阳以西
2164,highway,2017,2014,,,渭南蓝田
2165,highway,2017,2014,,,宜都五峰（宜张高速公路宜昌段2016年2月试通车）
2166,highway,2017,2014,,,潜江石首
2167,highway,2017,2014,,,荣乌坡仓互通至狼牙山互通段
2168,highway,2017,2014,,,宜丰到铜鼓
2169,highway,2017,2014,,,邢衡高速公路衡水段
2170,highway,2017,2014,,,德州支线
2171,highway,2017,2014,,,樟树丰城方向
2172,highway,2017,2014,,,瑞金西到安远（宁都安远高速公路17年1月通车）
2173,highway,2017,2014,,,宁都安远段
2174,highway,2017,2014,,,横峰万年（上饶万年高速公路17年1月通车）
2175,highway,2017,2014,,,三明明溪
2176,highway,2017,2014,,,安溪
2177,highway,2017,2014,,,溧阳广德
2178,highway,2017,2014,,,
2179,highway,2017,2014,,,白山通化（靖宇通化段）
2180,highway,2017,2014,,,靖宇通化段
2181,highway,2017,2014,,,抚松以西（敦化小沟岭-抚松段）
2182,highway,2017,2014,,,延吉龙井
2183,highway,2017,2014,,,
2184,highway,2017,2014,,,
2185,highway,2017,2014,,,
2186,highway,2017,2014,,,
2187,highway,2017,2014,,,
2188,highway,2017,2014,,,织金到纳雍
2189,highway,2017,2014,,,宜丰到万载
2190,highway,2018,2014,,,新郑（商登高速公路段，15年12月通车）
2191,highway,2018,2014,,,新郑（商登高速公路段，15年12月通车）
2192,highway,2018,2014,,,密山兴凯湖（密兴高速公路16年完工）
2193,highway,2018,2014,,,平江修水（修水平江高速公路17年1月通车）
2194,highway,2018,2014,,,安远定南（宁都定南高速于17年1月通车）
2195,highway,2018,2014,,,
2196,highway,2018,2014,,,
2197,highway,2018,2014,,,
2198,highway,2018,2014,,,
2199,highway,2018,2014,,,
2200,highway,2018,2014,,,
2201,highway,2018,2014,,,
2202,highway,2018,2014,,,
2203,highway,2018,2014,,,
2204,highway,2018,2014,,,
2205,highway,2018,2014,,,
2206,highway,2018,2014,,,
2207,highway,2018,2014,,,
2208,highway,2018,2014,,,
2209,highway,2018,2014,,,
2210,highway,2018,2014,,,
2211,highway,2018,2014,,,
2212,highway,2018,2014,,,
2213,highway,2018,2014,,,
2214,highway,2018,2014,,,
2215,highway,2018,2014,,,
2216,highway,2018,2014,,,
2217,highway,2018,2014,,,
2218,highway,2018,2014,,,
2219,highway,2018,2014,,,
2220,highway,2018,2014,,,
2221,highway,2018,2014,,,
2222,highway,2018,2014,,,
2223,highway,2018,2014,,,
2224,highway,2018,2014,,,
2225,highway,2018,2014,,,
2226,highway,2018,2014,,,
2227,highway,2018,2014,,,
2228,highway,2018,2014,,,
2229,highway,2018,2014,,,
2230,highway,2018,2014,,,
2231,highway,2018,2014,,,
2232,highway,2018,2014,,,
2233,highway,2018,2014,,,
2234,highway,2018,2014,,,
2235,highway,2018,2014,,,
2236,highway,2018,2014,,,
2237,highway,2018,2014,,,
2238,highway,2018,2014,,,
2239,highway,2018,2014,,,
2240,highway,2018,2014,,,
2241,highway,2018,2014,,,
2242,highway,2018,2014,,,
2243,highway,2018,2014,,,
2244,highway,2018,2014,,,
2245,highway,2018,2014,,,
2246,highway,2018,2014,,,
2247,highway,2018,2014,,,
2248,highway,2018,2014,,,
2249,highway,2018,2014,,,
2250,highway,2018,2014,,,
2251,highway,2018,2014,,,
2252,highway,2018,2014,,,
2253,highway,2018,2014,,,
2254,highway,2018,2014,,,
2255,highway,2018,2014,,,
2256,highway,2018,2014,,,
2257,highway,2018,2014,,,
2258,highway,2018,2014,,,
2259,highway,2018,2014,,,
2260,highway,2018,2014,,,
2261,highway,2018,2014,,,
2262,highway,2018,2014,,,
2263,highway,2018,2014,,,
2264,highway,2018,2014,,,
2265,highway,2018,2014,,,
2266,highway,2018,2014,,,
2267,highway,2018,2014,,,
2268,highway,2018,2014,,,
2269,highway,2018,2014,,,
2270,highway,2018,2014,,,
2271,highway,2018,2014,,,
2272,highway,2018,2014,,,
2273,highway,2018,2014,,,
2274,highway,2018,2014,,,
2275,highway,2018,2014,,,
2276,highway,2018,2014,,,
2277,highway,2018,2014,,,
2278,highway,2018,2014,,,
2279,highway,2018,2014,,,
2280,highway,2018,2014,,,
2281,highway,2018,2014,,,
2282,highway,2018,2014,,,
2283,highway,2018,2014,,,
2284,highway,2018,2014,,,
2285,highway,2018,2014,,,
2286,highway,2018,2014,,,
2287,highway,2018,2014,,,
2288,highway,2018,2014,,,
2289,highway,2018,2014,,,
2290,highway,2018,2014,,,
2291,highway,2018,2014,,,
2292,highway,2018,2014,,,
2293,highway,2018,2014,,,
2294,highway,2018,2014,,,
2295,highway,2018,2014,,,
2296,highway,2018,2014,,,
2297,highway,2018,2014,,,
2298,highway,2018,2014,,,
2299,highway,2018,2014,,,
2300,highway,2018,2014,,,
2301,highway,2018,2014,,,
2302,highway,2018,2014,,,
2303,highway,2018,2014,,,
2304,highway,2018,2014,,,
2305,highway,2018,2014,,,
2306,highway,2018,2014,,,
2307,highway,2018,2014,,,
2308,highway,2018,2014,,,
2309,highway,2018,2014,,,
2310,highway,2018,2014,,,
2311,highway,2018,2014,,,
2312,highway,2018,2014,,,
2313,highway,2018,2014,,,
2314,highway,2018,2014,,,
2315,highway,2018,2014,,,
2316,highway,2018,2014,,,
2317,highway,2018,2014,,,
2318,highway,2018,2014,,,
2319,highway,2018,2014,,,
2320,highway,2018,2014,,,
2321,highway,2018,2014,,,
2322,highway,2018,2014,,,
2323,highway,2018,2014,,,
2324,highway,2018,2014,,,
2325,highway,2018,2014,,,
2326,highway,2018,2014,,,
2327,highway,2018,2014,,,
2328,highway,2018,2014,,,
2329,highway,2018,2014,,,
2330,highway,2018,2014,,,
2331,highway,2018,2014,,,
2332,highway,2018,2014,,,
2333,highway,2018,2014,,,
2334,highway,2018,2014,,,
2335,highway,2018,2014,,,
2336,highway,2018,2014,,,
2337,highway,2018,2014,,,
2338,highway,2018,2014,,,
2339,highway,2018,2014,,,
2340,highway,2018,2014,,,
2341,highway,2018,2014,,,
2342,highway,2018,2014,,,
2343,highway,2018,2014,,,
2344,highway,2018,2014,,,
2345,highway,2018,2014,,,
2346,highway,2018,2014,,,
2347,highway,2018,2014,,,
2348,highway,2018,2014,,,
2349,highway,2018,2014,,,
2350,highway,2018,2014,,,
2351,highway,2018,2014,,,
2352,highway,2018,2014,,,
2353,highway,2018,2014,,,
2354,highway,2018,2014,,,
2355,highway,2018,2014,,,
2356,highway,2018,2014,,,
2357,highway,2018,2014,,,
2358,highway,2018,2014,,,
2359,highway,2018,2014,,,
2360,highway,2018,2014,,,
2361,highway,2018,2014,,,
2362,highway,2018,2014,,,
2363,highway,2018,2014,,,
2364,highway,2018,2014,,,
2365,highway,2018,2014,,,
2366,highway,2018,2014,,,
2367,highway,2018,2014,,,
2368,highway,2018,2014,,,
2369,highway,2018,2014,,,
2370,highway,2018,2014,,,
2371,highway,2018,2014,,,
2372,highway,2018,2014,,,
2373,highway,2018,2014,,,
2374,highway,2018,2014,,,
2375,highway,2018,2014,,,
2376,highway,2018,2014,,,
2377,highway,2018,2014,,,
2378,highway,2018,2014,,,
2379,highway,2018,2014,,,
2380,highway,2018,2014,,,
2381,highway,2018,2014,,,
2382,highway,2018,2014,,,
2383,highway,2018,2014,,,
2384,highway,2018,2014,,,
2385,highway,2018,2014,,,
2386,highway,2018,2014,,,
2387,highway,2018,2014,,,
2388,highway,2018,2014,,,
2389,highway,2018,2014,,,
2390,highway,2018,2014,,,
2391,highway,2018,2014,,,
2392,highway,2018,2014,,,
2393,highway,2018,2014,,,
2394,highway,2018,2014,,,
2395,highway,2018,2014,,,
2396,highway,2018,2014,,,
2397,highway,2018,2014,,,
2398,highway,2018,2014,,,
2399,highway,2018,2014,,,
2400,highway,2018,2014,,,
2401,highway,2018,2014,,,
2402,highway,2018,2014,,,
2403,highway,2018,2014,,,
2404,highway,2018,2014,,,
2405,highway,2018,2014,,,
2406,highway,2018,2014,,,
2407,highway,2018,2014,,,
2408,highway,2018,2014,,,
2409,highway,2018,2014,,,
2410,highway,2018,2014,,,
2411,highway,2018,2014,,,
2412,highway,2018,2014,,,
2413,highway,2018,2014,,,
2414,highway,2018,2014,,,
2415,highway,2018,2014,,,
2416,highway,2018,2014,,,
2417,highway,2018,2014,,,
2418,highway,2018,2014,,,
2419,highway,2018,2014,,,
2420,highway,2018,2014,,,
2421,highway,2018,2014,,,
2422,highway,2018,2014,,,
2423,highway,2018,2014,,,
2424,highway,2018,2014,,,
2425,highway,2018,2014,,,
2426,highway,2018,2014,,,
2427,highway,2018,2014,,,
2428,highway,2018,2014,,,
2429,highway,2018,2014,,,
2430,highway,2018,2014,,,
2431,highway,2018,2014,,,
2432,highway,2018,2014,,,
2433,highway,2018,2014,,,
2434,highway,2018,2014,,,
2435,highway,2018,2014,,,
2436,highway,2018,2014,,,
2437,highway,2018,2014,,,
2438,highway,2018,2014,,,
2439,highway,2018,2014,,,
2440,highway,2018,2014,,,
2441,highway,2018,2014,,,
2442,highway,2018,2014,,,
2443,highway,2018,2014,,,
2444,highway,2018,2014,,,
2445,highway,2018,2014,,,
2446,highway,2018,2014,,,
2447,highway,2018,2014,,,
2448,highway,2018,2014,,,
2449,highway,2018,2014,,,
2450,highway,2018,2014,,,
2451,highway,2018,2014,,,
2452,highway,2018,2014,,,
2453,highway,2018,2014,,,
2454,highway,2018,2014,,,
2455,highway,2018,2014,,,
2456,highway,2018,2014,,,
2457,highway,2018,2014,,,
2458,highway,2018,2014,,,
2459,highway,2018,2014,,,
2460,highway,2018,2014,,,
2461,highway,2018,2014,,,
2462,highway,2019,2014,,,
2463,highway,2019,2014,,,
2464,highway,2019,2014,,,
2465,highway,2019,2014,,,
2466,highway,2019,2014,,,
2467,highway,2019,2014,,,
2468,highway,2019,2014,,,
2469,highway,2019,2014,,,
2470,highway,2019,2014,,,
2471,highway,2019,2014,,,
2472,highway,2019,2014,,,
2473,highway,2019,2014,,,
2474,highway,2019,2014,,,
2475,highway,2019,2014,,,
2476,highway,2019,2014,,,
2477,highway,2019,2014,,,
2478,highway,2019,2014,,,
2479,highway,2019,2014,,,
2480,highway,2019,2014,,,
2481,highway,2019,2014,,,
2482,highway,2019,2014,,,
2483,highway,2019,2014,,,
2484,highway,2019,2014,,,
2485,highway,2019,2014,,,
2486,highway,2019,2014,,,
2487,highway,2019,2014,,,
2488,highway,2019,2014,,,
2489,highway,2019,2014,,,
2490,highway,2019,2014,,,
2491,highway,2019,2014,,,
2492,highway,2019,2014,,,
2493,highway,2019,2014,,,
2494,highway,2019,2014,,,
2495,highway,2019,2014,,,
2496,highway,2019,2014,,,
2497,highway,2019,2014,,,
2498,highway,2019,2014,,,
2499,highway,2019,2014,,,
2500,highway,2019,2014,,,
2501,highway,2019,2014,,,
2502,highway,2019,2014,,,
2503,highway,2019,2014,,,
2504,highway,2019,2014,,,
2505,highway,2019,2014,,,
2506,highway,2019,2014,,,
2507,highway,2019,2014,,,
2508,highway,2019,2014,,,
2509,highway,2019,2014,,,
2510,highway,2019,2014,,,
2511,highway,2019,2014,,,
2512,highway,2019,2014,,,
2513,highway,2019,2014,,,
2514,highway,2019,2014,,,
2515,highway,2019,2014,,,
2516,highway,2019,2014,,,
2517,highway,2019,2014,,,
2518,highway,2019,2014,,,
2519,highway,2019,2014,,,
2520,highway,2019,2014,,,
2521,highway,2019,2014,,,
2522,highway,2019,2014,,,
2523,highway,2019,2014,,,
2524,highway,2019,2014,,,
2525,highway,2019,2014,,,
2526,highway,2019,2014,,,
2527,highway,2019,2014,,,
2528,highway,2019,2014,,,
2529,highway,2019,2014,,,
2530,highway,2019,2014,,,
2531,highway,2019,2014,,,
2532,highway,2019,2014,,,
2533,highway,2019,2014,,,
2534,highway,2019,2014,,,
2535,highway,2019,2014,,,
2536,highway,2019,2014,,,
2537,highway,2019,2014,,,
2538,highway,2019,2014,,,
2539,highway,2019,2014,,,
2540,highway,2019,2014,,,
2541,highway,2019,2014,,,
2542,highway,2019,2014,,,
2543,highway,2019,2014,,,
2544,highway,2019,2014,,,
2545,highway,2019,2014,,,
2546,highway,2019,2014,,,
2547,highway,2019,2014,,,
2548,highway,2019,2014,,,
2549,highway,2019,2014,,,
2550,highway,2019,2014,,,
2551,highway,2019,2014,,,
2552,highway,2019,2014,,,
2553,highway,2019,2014,,,
2554,highway,2019,2014,,,
2555,highway,2019,2014,,,
2556,highway,2019,2014,,,
2557,highway,2019,2014,,,
2558,highway,2020,2014,,,
2559,highway,2020,2014,,,
2560,highway,2020,2014,,,
2561,highway,2020,2014,,,
2562,highway,2020,2014,,,
2563,highway,2020,2014,,,
2564,highway,2020,2014,,,
2565,highway,2020,2014,,,
2566,highway,2020,2014,,,
2567,highway,2020,2014,,,
2568,highway,2020,2014,,,
2569,highway,2020,2014,,,
2570,highway,2020,2014,,,
2571,highway,2020,2014,,,
2572,highway,2020,2014,,,
2573,highway,2020,2014,,,
2574,highway,2020,2014,,,
2575,highway,2020,2014,,,
2576,highway,2020,2014,,,
2577,highway,2020,2014,,,
2578,highway,2020,2014,,,
2579,highway,2020,2014,,,
2580,highway,2020,2014,,,
2581,highway,2020,2014,,,
2582,highway,2020,2014,,,
2583,highway,2020,2014,,,
2584,highway,2020,2014,,,
2585,highway,2020,2014,,,
2586,highway,2020,2014,,,
2587,highway,2020,2014,,,
2588,highway,2020,2014,,,
2589,highway,2020,2014,,,
2590,highway,2020,2014,,,
2591,highway,2020,2014,,,
2592,highway,2020,2014,,,
2593,highway,2020,2014,,,
2594,highway,2020,2014,,,
2595,highway,2020,2014,,,
2596,highway,2020,2014,,,
2597,highway,2020,2014,,,
2598,highway,2020,2014,,,
2599,highway,2020,2014,,,
2600,highway,2020,2014,,,
2601,highway,2020,2014,,,
2602,highway,2020,2014,,,
2603,highway,2020,2014,,,
2604,highway,2020,2014,,,
2605,highway,2020,2014,,,
2606,highway,2020,2014,,,
2607,highway,2020,2014,,,
2608,highway,2020,2014,,,
2609,highway,2020,2014,,,
2610,highway,2020,2014,,,
2611,highway,2020,2014,,,
2612,highway,2020,2014,,,
2613,highway,2020,2014,,,
2614,highway,2020,2014,,,
2615,highway,2020,2014,,,
2616,highway,2020,2014,,,
2617,highway,2020,2014,,,
2618,highway,2020,2014,,,
2619,highway,2020,2014,,,
2620,highway,2020,2014,,,
2621,highway,2020,2014,,,
2622,highway,2020,2014,,,
2623,highway,2020,2014,,,
2624,highway,2020,2014,,,
2625,highway,2020,2014,,,
2626,highway,2020,2014,,,
2627,highway,2020,2014,,,
2628,highway,2020,2014,,,
2629,highway,2020,2014,,,
2630,highway,2020,2014,,,
2631,highway,2020,2014,,,
2632,highway,2020,2014,,,
2633,highway,2020,2014,,,
2634,highway,2020,2014,,,
2635,highway,2020,2014,,,
2636,highway,2020,2014,,,
2637,highway,2020,2014,,,
2638,highway,2020,2014,,,
2639,highway,2020,2014,,,
2640,highway,2020,2014,,,
2641,highway,2020,2014,,,
2642,highway,2020,2014,,,
2643,highway,2020,2014,,,
2644,highway,2020,2014,,,
2645,highway,2020,2014,,,
2646,highway,2020,2014,,,
2647,highway,2020,2014,,,
2648,highway,2020,2014,,,
2649,first-rate,2021,2014,,,
2650,first-rate,2021,2014,,,
2651,first-rate,2021,2014,,,
2652,first-rate,2021,2014,,,
2653,first-rate,2021,2014,,,
2654,highway,2021,2014,,,
2655,highway,2021,2014,,,
2656,highway,2021,2014,,,
2657,highway,2021,2014,,,
2658,highway,2021,2014,,,
2659,highway,2021,2014,,,
2660,highway,2021,2014,,,
2661,highway,2021,2014,,,
2662,highway,2021,2014,,,
2663,highway,2021,2014,,,
2664,highway,2021,2014,,,
2665,highway,2021,2014,,,
2666,highway,2021,2014,,,
2667,highway,2021,2014,,,
2668,highway,2021,2014,,,
2669,highway,2021,2014,,,
2670,highway,2021,2014,,,
2671,highway,2021,2014,,,
2672,highway,2021,2014,,,
2673,highway,2021,2014,,,
2674,highway,2021,2014,,,
2675,highway,2021,2014,,,
2676,highway,2021,2014,,,
2677,highway,2021,2014,,,
2678,highway,2021,2014,,,
2679,highway,2021,2014,,,
2680,highway,2021,2014,,,
2681,highway,2021,2014,,,
2682,highway,2021,2014,,,
2683,highway,2021,2014,,,
2684,highway,2021,2014,,,
2685,highway,2021,2014,,,
2686,highway,2021,2014,,,
2687,highway,2021,2014,,,
2688,highway,2021,2014,,,
2689,highway,2021,2014,,,
2690,highway,2021,2014,,,
2691,highway,2021,2014,,,
2692,highway,2021,2014,,,
2693,highway,2021,2014,,,
2694,highway,2021,2014,,,
2695,highway,2021,2014,,,
2696,highway,2021,2014,,,
2697,highway,2021,2014,,,
2698,highway,2021,2014,,,
2699,highway,2021,2014,,,
2700,highway,2021,2014,,,
2701,highway,2021,2014,,,
2702,highway,2021,2014,,,
2703,highway,2021,2014,,,
2704,highway,2021,2014,,,
2705,highway,2021,2014,,,
2706,highway,2021,2014,,,
2707,highway,2021,2014,,,
2708,highway,2021,2014,,,
2709,highway,2021,2014,,,
2710,highway,2021,2014,,,
2711,highway,2021,2014,,,
2712,highway,2021,2014,,,
2713,highway,2021,2014,,,
2714,highway,2021,2014,,,
2715,highway,2021,2014,,,
2716,highway,2021,2014,,,
2717,highway,2021,2014,,,
2718,highway,2021,2014,,,
2719,highway,2021,2014,,,
2720,highway,2021,2014,,,
2721,highway,2021,2014,,,
2722,highway,2021,2014,,,
2723,highway,2021,2014,,,
2724,highway,2021,2014,,,
2725,highway,2021,2014,,,
2726,highway,2021,2014,,,
2727,highway,2021,2014,,,
2728,highway,2021,2014,,,
2729,highway,2021,2014,,,
2730,highway,2021,2014,,,
2731,highway,2021,2014,,,
2732,highway,2021,2014,,,
2733,highway,2021,2014,,,
2734,highway,2021,2014,,,
2735,highway,2021,2014,,,
2736,highway,2021,2014,,,
2737,highway,2021,2014,,,
2738,highway,2021,2014,,,
2739,highway,2021,2014,,,
2740,highway,2021,2014,,,
2741,highway,2021,2014,,,
2742,highway,2021,2014,,,
2743,highway,2021,2014,,,
2744,highway,2021,2014,,,
2745,highway,2021,2014,,,
2746,highway,2021,2014,,,
2747,highway,2021,2014,,,
2748,highway,2021,2014,,,
2749,highway,2021,2014,,,
2750,highway,2021,2014,,,
2751,highway,2021,2014,,,
2752,highway,2021,2014,,,
2753,highway,2021,2014,,,
2754,highway,2021,2014,,,
2755,highway,2021,2014,,,
2756,highway,2021,2014,,,
2757,highway,2021,2014,,,
2758,highway,2021,2014,,,
2759,highway,2021,2014,,,
2760,highway,2021,2014,,,
2761,highway,2021,2014,,,
2762,highway,2021,2014,,,
2763,highway,2021,2014,,,
2764,highway,2021,2014,,,
2765,highway,2021,2014,,,
2766,highway,2021,2014,,,
2767,highway,2021,2014,,,
2768,highway,2021,2014,,,
2769,highway,2021,2014,,,
2770,highway,2021,2014,,,
2771,highway,2021,2014,,,
2772,highway,2021,2014,,,
2773,highway,2021,2014,,,
2774,highway,2021,2014,,,
2775,highway,2021,2014,,,
2776,highway,2021,2014,,,
2777,highway,2021,2014,,,
2778,highway,2021,2014,,,
2779,highway,2021,2014,,,
2780,highway,2021,2014,,,
2781,highway,2021,2014,,,
2782,highway,2021,2014,,,
2783,highway,2021,2014,,,
2784,highway,2021,2014,,,
2785,highway,2021,2014,,,
2786,highway,2021,2014,,,
2787,highway,2021,2014,,,
2788,highway,2021,2014,,,
2789,highway,2021,2014,,,
2790,highway,2021,2014,,,
2791,highway,2021,2014,,,
2792,highway,2021,2014,,,
2793,highway,2021,2014,,,
2794,highway,2021,2014,,,
2795,highway,2021,2014,,,
2796,highway,2021,2014,,,
2797,highway,2021,2014,,,
2798,highway,2021,2014,,,
2799,highway,2021,2014,,,
2800,highway,2021,2014,,,
2801,highway,2021,2014,,,
2802,highway,2021,2014,,,
2803,highway,2021,2014,,,
2804,highway,2021,2014,,,
2805,highway,2021,2014,,,
2806,highway,2021,2014,,,
2807,highway,2021,2014,,,
2808,highway,2021,2014,,,
2809,highway,2021,2014,,,
2810,highway,2021,2014,,,
2811,highway,2021,2014,,,
2812,highway,2021,2014,,,
2813,highway,2021,2014,,,
2814,highway,2021,2014,,,
2815,highway,2021,2014,,,
2816,highway,2021,2014,,,
2817,highway,2021,2014,,,
2818,highway,2021,2014,,,
2819,highway,2021,2014,,,
2820,highway,2021,2014,,,
2821,highway,2021,2014,,,
2822,highway,2021,2014,,,
2823,highway,2021,2014,,,
2824,highway,2021,2014,,,
2825,highway,2021,2014,,,
2826,highway,2021,2014,,,
2827,highway,2021,2014,,,
2828,highway,2021,2014,,,
2829,highway,2021,2014,,,
2830,highway,2021,2014,,,
2831,highway,2021,2014,,,
2832,highway,2021,2014,,,
2833,highway,2021,2014,,,
2834,highway,2021,2014,,,
2835,highway,2021,2014,,,
2836,highway,2021,2014,,,
2837,highway,2021,2014,,,
2838,highway,2021,2014,,,
2839,highway,2021,2014,,,
2840,highway,2021,2014,,,
2841,highway,2021,2014,,,
2842,highway,2021,2014,,,
2843,highway,2021,2014,,,
2844,highway,2021,2014,,,
2845,highway,2021,2014,,,
2846,highway,2021,2014,,,
2847,highway,2021,2014,,,
2848,highway,2021,2014,,,
2849,highway,2021,2014,,,
2850,highway,2021,2014,,,
2851,highway,2021,2014,,,
2852,highway,2021,2014,,,
2853,highway,2021,2014,,,
2854,highway,2021,2014,,,
2855,highway,2021,2014,,,
2856,highway,2021,2014,,,
2857,highway,2021,2014,,,
2858,highway,2021,2014,,,
2859,highway,2021,2014,,,
2860,highway,2021,2014,,,
2861,highway,2021,2014,,,
2862,highway,2021,2014,,,
2863,highway,2021,2014,,,
2864,highway,2021,2014,,,
2865,highway,2021,2014,,,
2866,highway,2021,2014,,,
2867,highway,2021,2014,,,
2868,highway,2021,2014,,,
2869,highway,2021,2014,,,
2870,highway,2021,2014,,,
2871,highway,2021,2014,,,
2872,highway,2021,2014,,,
2873,highway,2021,2014,,,
2874,highway,2021,2014,,,
2875,highway,2021,2014,,,
2876,highway,2021,2014,,,
2877,highway,2021,2014,,,
2878,highway,2021,2014,,,
2879,highway,2021,2014,,,
2880,highway,2021,2014,,,
2881,highway,2021,2014,,,
2882,highway,2021,2014,,,
2883,highway,2021,2014,,,
2884,highway,2021,2014,,,
2885,first-rate,2022,2014,,,
2886,first-rate,2022,2014,,,
2887,first-rate,2022,2014,,,
2888,first-rate,2022,2014,,,
2889,first-rate,2022,2014,,,
2890,first-rate,2022,2014,,,
2891,first-rate,2022,2014,,,
2892,first-rate,2022,2014,,,
2893,first-rate,2022,2014,,,
2894,first-rate,2022,2014,,,
2895,first-rate,2022,2014,,,
2896,first-rate,2022,2014,,,
2897,first-rate,2022,2014,,,
2898,first-rate,2022,2014,,,
2899,first-rate,2022,2014,,,
2900,first-rate,2022,2014,,,
2901,first-rate,2022,2014,,,
2902,first-rate,2022,2014,,,
2903,first-rate,2022,2014,,,
2904,first-rate,2022,2014,,,
2905,first-rate,2022,2014,,,
2906,first-rate,2022,2014,,,
2907,first-rate,2022,2014,,,
2908,first-rate,2022,2014,,,
2909,first-rate,2022,2014,,,
2910,first-rate,2022,2014,,,
2911,first-rate,2022,2014,,,
2912,first-rate,2022,2014,,,
2913,first-rate,2022,2014,,,
2914,first-rate,2022,2014,,,
2915,first-rate,2022,2014,,,
2916,first-rate,2022,2014,,,
2917,first-rate,2022,2014,,,
2918,first-rate,2022,2014,,,
2919,first-rate,2022,2014,,,
2920,first-rate,2022,2014,,,
2921,first-rate,2022,2014,,,
2922,first-rate,2022,2014,,,
2923,first-rate,2022,2014,,,
2924,first-rate,2022,2014,,,
2925,first-rate,2022,2014,,,
2926,first-rate,2022,2014,,,
2927,first-rate,2022,2014,,,
2928,first-rate,2022,2014,,,
2929,first-rate,2022,2014,,,
2930,first-rate,2022,2014,,,
2931,first-rate,2022,2014,,,
2932,first-rate,2022,2014,,,
2933,first-rate,2022,2014,,,
2934,first-rate,2022,2014,,,
2935,first-rate,2022,2014,,,
2936,first-rate,2022,2014,,,
2937,first-rate,2022,2014,,,
2938,first-rate,2022,2014,,,
2939,first-rate,2022,2014,,,
2940,first-rate,2022,2014,,,
2941,first-rate,2022,2014,,,
2942,first-rate,2022,2014,,,
2943,first-rate,2022,2014,,,
2944,first-rate,2022,2014,,,
2945,first-rate,2022,2014,,,
2946,first-rate,2022,2014,,,
2947,first-rate,2022,2014,,,
2948,first-rate,2022,2014,,,
2949,first-rate,2022,2014,,,
2950,first-rate,2022,2014,,,
2951,first-rate,2022,2014,,,
2952,first-rate,2022,2014,,,
2953,first-rate,2022,2014,,,
2954,first-rate,2022,2014,,,
2955,first-rate,2022,2014,,,
2956,first-rate,2022,2014,,,
2957,first-rate,2022,2014,,,
2958,first-rate,2022,2014,,,
2959,first-rate,2022,2014,,,
2960,first-rate,2022,2014,,,
2961,first-rate,2022,2014,,,
2962,first-rate,2022,2014,,,
2963,first-rate,2022,2014,,,
2964,first-rate,2022,2014,,,
2965,first-rate,2022,2014,,,
2966,first-rate,2022,2014,,,
2967,first-rate,2022,2014,,,
2968,first-rate,2022,2014,,,
2969,first-rate,2022,2014,,,
2970,first-rate,2022,2014,,,
2971,first-rate,2022,2014,,,
2972,first-rate,2022,2014,,,
2973,first-rate,2022,2014,,,
2974,first-rate,2022,2014,,,
2975,first-rate,2022,2014,,,
2976,first-rate,2022,2014,,,
2977,first-rate,2022,2014,,,
2978,first-rate,2022,2014,,,
2979,first-rate,2022,2014,,,
2980,first-rate,2022,2014,,,
2981,first-rate,2022,2014,,,
2982,first-rate,2022,2014,,,
2983,first-rate,2022,2014,,,
2984,first-rate,2022,2014,,,
2985,first-rate,2022,2014,,,
2986,first-rate,2022,2014,,,
2987,first-rate,2022,2014,,,
2988,first-rate,2022,2014,,,
2989,first-rate,2022,2014,,,
2990,first-rate,2022,2014,,,
2991,first-rate,2022,2014,,,
2992,first-rate,2022,2014,,,
2993,first-rate,2022,2014,,,
2994,first-rate,2022,2014,,,
2995,first-rate,2022,2014,,,
2996,first-rate,2022,2014,,,
2997,first-rate,2022,2014,,,
2998,first-rate,2022,2014,,,
2999,first-rate,2022,2014,,,
3000,first-rate,2022,2014,,,
3001,first-rate,2022,2014,,,
3002,first-rate,2022,2014,,,
3003,first-rate,2022,2014,,,
3004,first-rate,2022,2014,,,
3005,first-rate,2022,2014,,,
3006,first-rate,2022,2014,,,
3007,first-rate,2022,2014,,,
3008,first-rate,2022,2014,,,
3009,first-rate,2022,2014,,,
3010,first-rate,2022,2014,,,
3011,first-rate,2022,2014,,,
3012,first-rate,2022,2014,,,
3013,first-rate,2022,2014,,,
3014,first-rate,2022,2014,,,
3015,first-rate,2022,2014,,,
3016,first-rate,2022,2014,,,
3017,first-rate,2022,2014,,,
3018,first-rate,2022,2014,,,
3019,first-rate,2022,2014,,,
3020,first-rate,2022,2014,,,
3021,first-rate,2022,2014,,,
3022,first-rate,2022,2014,,,
3023,first-rate,2022,2014,,,
3024,first-rate,2022,2014,,,
3025,first-rate,2022,2014,,,
3026,first-rate,2022,2014,,,
3027,first-rate,2022,2014,,,
3028,first-rate,2022,2014,,,
3029,first-rate,2022,2014,,,
3030,first-rate,2022,2014,,,
3031,first-rate,2022,2014,,,
3032,first-rate,2022,2014,,,
3033,first-rate,2022,2014,,,
3034,first-rate,2022,2014,,,
3035,first-rate,2022,2014,,,
3036,first-rate,2022,2014,,,
3037,first-rate,2022,2014,,,
3038,first-rate,2022,2014,,,
3039,first-rate,2022,2014,,,
3040,first-rate,2022,2014,,,
3041,first-rate,2022,2014,,,
3042,first-rate,2022,2014,,,
3043,first-rate,2022,2014,,,
3044,first-rate,2022,2014,,,
3045,first-rate,2022,2014,,,
3046,first-rate,2022,2014,,,
3047,first-rate,2022,2014,,,
3048,first-rate,2022,2014,,,
3049,first-rate,2022,2014,,,
3050,first-rate,2022,2014,,,
3051,first-rate,2022,2014,,,
3052,first-rate,2022,2014,,,
3053,first-rate,2022,2014,,,
3054,first-rate,2022,2014,,,
3055,first-rate,2022,2014,,,
3056,first-rate,2022,2014,,,
3057,first-rate,2022,2014,,,
3058,first-rate,2022,2014,,,
3059,first-rate,2022,2014,,,
3060,first-rate,2022,2014,,,
3061,first-rate,2022,2014,,,
3062,first-rate,2022,2014,,,
3063,first-rate,2022,2014,,,
3064,first-rate,2022,2014,,,
3065,first-rate,2022,2014,,,
3066,first-rate,2022,2014,,,
3067,first-rate,2022,2014,,,
3068,first-rate,2022,2014,,,
3069,first-rate,2022,2014,,,
3070,first-rate,2022,2014,,,
3071,first-rate,2022,2014,,,
3072,first-rate,2022,2014,,,
3073,first-rate,2022,2014,,,
3074,first-rate,2022,2014,,,
3075,first-rate,2022,2014,,,
3076,first-rate,2022,2014,,,
3077,first-rate,2022,2014,,,
3078,first-rate,2022,2014,,,
3079,first-rate,2022,2014,,,
3080,first-rate,2022,2014,,,
3081,first-rate,2022,2014,,,
3082,first-rate,2022,2014,,,
3083,first-rate,2022,2014,,,
3084,first-rate,2022,2014,,,
3085,first-rate,2022,2014,,,
3086,first-rate,2022,2014,,,
3087,first-rate,2022,2014,,,
3088,first-rate,2022,2014,,,
3089,first-rate,2022,2014,,,
3090,first-rate,2022,2014,,,
3091,first-rate,2022,2014,,,
3092,first-rate,2022,2014,,,
3093,first-rate,2022,2014,,,
3094,first-rate,2022,2014,,,
3095,first-rate,2022,2014,,,
3096,first-rate,2022,2014,,,
3097,first-rate,2022,2014,,,
3098,first-rate,2022,2014,,,
3099,first-rate,2022,2014,,,
3100,first-rate,2022,2014,,,
3101,first-rate,2022,2014,,,
3102,first-rate,2022,2014,,,
3103,first-rate,2022,2014,,,
3104,first-rate,2022,2014,,,
3105,first-rate,2022,2014,,,
3106,first-rate,2022,2014,,,
3107,first-rate,2022,2014,,,
3108,first-rate,2022,2014,,,
3109,first-rate,2022,2014,,,
3110,first-rate,2022,2014,,,
3111,first-rate,2022,2014,,,
3112,first-rate,2022,2014,,,
3113,first-rate,2022,2014,,,
3114,first-rate,2022,2014,,,
3115,first-rate,2022,2014,,,
3116,first-rate,2022,2014,,,
3117,first-rate,2022,2014,,,
3118,first-rate,2022,2014,,,
3119,first-rate,2022,2014,,,
3120,first-rate,2022,2014,,,
3121,first-rate,2022,2014,,,
3122,first-rate,2022,2014,,,
3123,first-rate,2022,2014,,,
3124,first-rate,2022,2014,,,
3125,first-rate,2022,2014,,,
3126,first-rate,2022,2014,,,
3127,first-rate,2022,2014,,,
3128,first-rate,2022,2014,,,
3129,first-rate,2022,2014,,,
3130,first-rate,2022,2014,,,
3131,first-rate,2022,2014,,,
3132,first-rate,2022,2014,,,
3133,first-rate,2022,2014,,,
3134,first-rate,2022,2014,,,
3135,first-rate,2022,2014,,,
3136,first-rate,2022,2014,,,
3137,first-rate,2022,2014,,,
3138,first-rate,2022,2014,,,
3139,first-rate,2022,2014,,,
3140,first-rate,2022,2014,,,
3141,first-rate,2022,2014,,,
3142,first-rate,2022,2014,,,
3143,first-rate,2022,2014,,,
3144,first-rate,2022,2014,,,
3145,first-rate,2022,2014,,,
3146,first-rate,2022,2014,,,
3147,first-rate,2022,2014,,,
3148,first-rate,2022,2014,,,
3149,first-rate,2022,2014,,,
3150,first-rate,2022,2014,,,
3151,first-rate,2022,2014,,,
3152,first-rate,2022,2014,,,
3153,first-rate,2022,2014,,,
3154,first-rate,2022,2014,,,
3155,first-rate,2022,2014,,,
3156,first-rate,2022,2014,,,
3157,first-rate,2022,2014,,,
3158,first-rate,2022,2014,,,
3159,first-rate,2022,2014,,,
3160,first-rate,2022,2014,,,
3161,first-rate,2022,2014,,,
3162,first-rate,2022,2014,,,
3163,first-rate,2022,2014,,,
3164,first-rate,2022,2014,,,
3165,first-rate,2022,2014,,,
3166,first-rate,2022,2014,,,
3167,first-rate,2022,2014,,,
3168,first-rate,2022,2014,,,
3169,first-rate,2022,2014,,,
3170,first-rate,2022,2014,,,
3171,first-rate,2022,2014,,,
3172,first-rate,2022,2014,,,
3173,first-rate,2022,2014,,,
3174,first-rate,2022,2014,,,
3175,first-rate,2022,2014,,,
3176,first-rate,2022,2014,,,
3177,first-rate,2022,2014,,,
3178,first-rate,2022,2014,,,
3179,first-rate,2022,2014,,,
3180,first-rate,2022,2014,,,
3181,first-rate,2022,2014,,,
3182,first-rate,2022,2014,,,
3183,first-rate,2022,2014,,,
3184,first-rate,2022,2014,,,
3185,first-rate,2022,2014,,,
3186,first-rate,2022,2014,,,
3187,first-rate,2022,2014,,,
3188,first-rate,2022,2014,,,
3189,first-rate,2022,2014,,,
3190,first-rate,2022,2014,,,
3191,first-rate,2022,2014,,,
3192,first-rate,2022,2014,,,
3193,first-rate,2022,2014,,,
3194,first-rate,2022,2014,,,
3195,first-rate,2022,2014,,,
3196,first-rate,2022,2014,,,
3197,first-rate,2022,2014,,,
3198,first-rate,2022,2014,,,
3199,first-rate,2022,2014,,,
3200,first-rate,2022,2014,,,
3201,first-rate,2022,2014,,,
3202,first-rate,2022,2014,,,
3203,first-rate,2022,2014,,,
3204,first-rate,2022,2014,,,
3205,first-rate,2022,2014,,,
3206,first-rate,2022,2014,,,
3207,first-rate,2022,2014,,,
3208,first-rate,2022,2014,,,
3209,first-rate,2022,2014,,,
3210,first-rate,2022,2014,,,
3211,first-rate,2022,2014,,,
3212,first-rate,2022,2014,,,
3213,first-rate,2022,2014,,,
3214,first-rate,2022,2014,,,
3215,first-rate,2022,2014,,,
3216,first-rate,2022,2014,,,
3217,first-rate,2022,2014,,,
3218,first-rate,2022,2014,,,
3219,first-rate,2022,2014,,,
3220,first-rate,2022,2014,,,
3221,first-rate,2022,2014,,,
3222,first-rate,2022,2014,,,
3223,first-rate,2022,2014,,,
3224,first-rate,2022,2014,,,
3225,first-rate,2022,2014,,,
3226,first-rate,2022,2014,,,
3227,first-rate,2022,2014,,,
3228,first-rate,2022,2014,,,
3229,first-rate,2022,2014,,,
3230,first-rate,2022,2014,,,
3231,first-rate,2022,2014,,,
3232,first-rate,2022,2014,,,
3233,first-rate,2022,2014,,,
3234,first-rate,2022,2014,,,
3235,first-rate,2022,2014,,,
3236,first-rate,2022,2014,,,
3237,first-rate,2022,2014,,,
3238,first-rate,2022,2014,,,
3239,first-rate,2022,2014,,,
3240,first-rate,2022,2014,,,
3241,first-rate,2022,2014,,,
3242,first-rate,2022,2014,,,
3243,first-rate,2022,2014,,,
3244,first-rate,2022,2014,,,
3245,first-rate,2022,2014,,,
3246,first-rate,2022,2014,,,
3247,first-rate,2022,2014,,,
3248,first-rate,2022,2014,,,
3249,first-rate,2022,2014,,,
3250,first-rate,2022,2014,,,
3251,first-rate,2022,2014,,,
3252,first-rate,2022,2014,,,
3253,first-rate,2022,2014,,,
3254,first-rate,2022,2014,,,
3255,first-rate,2022,2014,,,
3256,first-rate,2022,2014,,,
3257,first-rate,2022,2014,,,
3258,first-rate,2022,2014,,,
3259,first-rate,2022,2014,,,
3260,first-rate,2022,2014,,,
3261,first-rate,2022,2014,,,
3262,first-rate,2022,2014,,,
3263,first-rate,2022,2014,,,
3264,first-rate,2022,2014,,,
3265,first-rate,2022,2014,,,
3266,first-rate,2022,2014,,,
3267,first-rate,2022,2014,,,
3268,first-rate,2022,2014,,,
3269,first-rate,2022,2014,,,
3270,first-rate,2022,2014,,,
3271,first-rate,2022,2014,,,
3272,first-rate,2022,2014,,,
3273,first-rate,2022,2014,,,
3274,first-rate,2022,2014,,,
3275,first-rate,2022,2014,,,
3276,first-rate,2022,2014,,,
3277,first-rate,2022,2014,,,
3278,first-rate,2022,2014,,,
3279,first-rate,2022,2014,,,
3280,first-rate,2022,2014,,,
3281,first-rate,2022,2014,,,
3282,first-rate,2022,2014,,,
3283,first-rate,2022,2014,,,
3284,first-rate,2022,2014,,,
3285,first-rate,2022,2014,,,
3286,first-rate,2022,2014,,,
3287,first-rate,2022,2014,,,
3288,first-rate,2022,2014,,,
3289,first-rate,2022,2014,,,
3290,first-rate,2022,2014,,,
3291,first-rate,2022,2014,,,
3292,first-rate,2022,2014,,,
3293,first-rate,2022,2014,,,
3294,first-rate,2022,2014,,,
3295,first-rate,2022,2014,,,
3296,first-rate,2022,2014,,,
3297,first-rate,2022,2014,,,
3298,first-rate,2022,2014,,,
3299,first-rate,2022,2014,,,
3300,first-rate,2022,2014,,,
3301,first-rate,2022,2014,,,
3302,first-rate,2022,2014,,,
3303,first-rate,2022,2014,,,
3304,first-rate,2022,2014,,,
3305,first-rate,2022,2014,,,
3306,first-rate,2022,2014,,,
3307,first-rate,2022,2014,,,
3308,first-rate,2022,2014,,,
3309,first-rate,2022,2014,,,
3310,first-rate,2022,2014,,,
3311,first-rate,2022,2014,,,
3312,first-rate,2022,2014,,,
3313,first-rate,2022,2014,,,
3314,first-rate,2022,2014,,,
3315,first-rate,2022,2014,,,
3316,first-rate,2022,2014,,,
3317,first-rate,2022,2014,,,
3318,first-rate,2022,2014,,,
3319,first-rate,2022,2014,,,
3320,first-rate,2022,2014,,,
3321,first-rate,2022,2014,,,
3322,first-rate,2022,2014,,,
3323,first-rate,2022,2014,,,
3324,first-rate,2022,2014,,,
3325,first-rate,2022,2014,,,
3326,first-rate,2022,2014,,,
3327,first-rate,2022,2014,,,
3328,first-rate,2022,2014,,,
3329,first-rate,2022,2014,,,
3330,first-rate,2022,2014,,,
3331,first-rate,2022,2014,,,
3332,first-rate,2022,2014,,,
3333,first-rate,2022,2014,,,
3334,first-rate,2022,2014,,,
3335,first-rate,2022,2014,,,
3336,first-rate,2022,2014,,,
3337,first-rate,2022,2014,,,
3338,first-rate,2022,2014,,,
3339,first-rate,2022,2014,,,
3340,first-rate,2022,2014,,,
3341,first-rate,2022,2014,,,
3342,first-rate,2022,2014,,,
3343,first-rate,2022,2014,,,
3344,first-rate,2022,2014,,,
3345,first-rate,2022,2014,,,
3346,first-rate,2022,2014,,,
3347,first-rate,2022,2014,,,
3348,first-rate,2022,2014,,,
3349,first-rate,2022,2014,,,
3350,first-rate,2022,2014,,,
3351,first-rate,2022,2014,,,
3352,first-rate,2022,2014,,,
3353,first-rate,2022,2014,,,
3354,first-rate,2022,2014,,,
3355,first-rate,2022,2014,,,
3356,first-rate,2022,2014,,,
3357,first-rate,2022,2014,,,
3358,first-rate,2022,2014,,,
3359,first-rate,2022,2014,,,
3360,first-rate,2022,2014,,,
3361,first-rate,2022,2014,,,
3362,first-rate,2022,2014,,,
3363,first-rate,2022,2014,,,
3364,first-rate,2022,2014,,,
3365,first-rate,2022,2014,,,
3366,first-rate,2022,2014,,,
3367,first-rate,2022,2014,,,
3368,first-rate,2022,2014,,,
3369,first-rate,2022,2014,,,
3370,first-rate,2022,2014,,,
3371,first-rate,2022,2014,,,
3372,first-rate,2022,2014,,,
3373,first-rate,2022,2014,,,
3374,first-rate,2022,2014,,,
3375,first-rate,2022,2014,,,
3376,first-rate,2022,2014,,,
3377,first-rate,2022,2014,,,
3378,first-rate,2022,2014,,,
3379,first-rate,2022,2014,,,
3380,first-rate,2022,2014,,,
3381,first-rate,2022,2014,,,
3382,first-rate,2022,2014,,,
3383,first-rate,2022,2014,,,
3384,first-rate,2022,2014,,,
3385,first-rate,2022,2014,,,
3386,first-rate,2022,2014,,,
3387,first-rate,2022,2014,,,
3388,first-rate,2022,2014,,,
3389,first-rate,2022,2014,,,
3390,first-rate,2022,2014,,,
3391,first-rate,2022,2014,,,
3392,first-rate,2022,2014,,,
3393,first-rate,2022,2014,,,
3394,first-rate,2022,2014,,,
3395,first-rate,2022,2014,,,
3396,first-rate,2022,2014,,,
3397,first-rate,2022,2014,,,
3398,first-rate,2022,2014,,,
3399,first-rate,2022,2014,,,
3400,first-rate,2022,2014,,,
3401,first-rate,2022,2014,,,
3402,first-rate,2022,2014,,,
3403,first-rate,2022,2014,,,
3404,first-rate,2022,2014,,,
3405,first-rate,2022,2014,,,
3406,first-rate,2022,2014,,,
3407,first-rate,2022,2014,,,
3408,first-rate,2022,2014,,,
3409,first-rate,2022,2014,,,
3410,first-rate,2022,2014,,,
3411,first-rate,2022,2014,,,
3412,first-rate,2022,2014,,,
3413,first-rate,2022,2014,,,
3414,first-rate,2022,2014,,,
3415,first-rate,2022,2014,,,
3416,first-rate,2022,2014,,,
3417,first-rate,2022,2014,,,
3418,first-rate,2022,2014,,,
3419,first-rate,2022,2014,,,
3420,first-rate,2022,2014,,,
3421,first-rate,2022,2014,,,
3422,first-rate,2022,2014,,,
3423,first-rate,2022,2014,,,
3424,first-rate,2022,2014,,,
3425,first-rate,2022,2014,,,
3426,first-rate,2022,2014,,,
3427,first-rate,2022,2014,,,
3428,first-rate,2022,2014,,,
3429,first-rate,2022,2014,,,
3430,first-rate,2022,2014,,,
3431,first-rate,2022,2014,,,
3432,first-rate,2022,2014,,,
3433,first-rate,2022,2014,,,
3434,first-rate,2022,2014,,,
3435,first-rate,2022,2014,,,
3436,first-rate,2022,2014,,,
3437,first-rate,2022,2014,,,
3438,first-rate,2022,2014,,,
3439,first-rate,2022,2014,,,
3440,first-rate,2022,2014,,,
3441,first-rate,2022,2014,,,
3442,first-rate,2022,2014,,,
3443,first-rate,2022,2014,,,
3444,first-rate,2022,2014,,,
3445,first-rate,2022,2014,,,
3446,first-rate,2022,2014,,,
3447,first-rate,2022,2014,,,
3448,first-rate,2022,2014,,,
3449,first-rate,2022,2014,,,
3450,first-rate,2022,2014,,,
3451,first-rate,2022,2014,,,
3452,first-rate,2022,2014,,,
3453,first-rate,2022,2014,,,
3454,first-rate,2022,2014,,,
3455,first-rate,2022,2014,,,
3456,first-rate,2022,2014,,,
3457,first-rate,2022,2014,,,
3458,first-rate,2022,2014,,,
3459,first-rate,2022,2014,,,
3460,first-rate,2022,2014,,,
3461,first-rate,2022,2014,,,
3462,first-rate,2022,2014,,,
3463,first-rate,2022,2014,,,
3464,first-rate,2022,2014,,,
3465,first-rate,2022,2014,,,
3466,first-rate,2022,2014,,,
3467,first-rate,2022,2014,,,
3468,first-rate,2022,2014,,,
3469,first-rate,2022,2014,,,
3470,first-rate,2022,2014,,,
3471,first-rate,2022,2014,,,
3472,first-rate,2022,2014,,,
3473,first-rate,2022,2014,,,
3474,first-rate,2022,2014,,,
3475,first-rate,2022,2014,,,
3476,first-rate,2022,2014,,,
3477,first-rate,2022,2014,,,
3478,first-rate,2022,2014,,,
3479,first-rate,2022,2014,,,
3480,first-rate,2022,2014,,,
3481,first-rate,2022,2014,,,
3482,first-rate,2022,2014,,,
3483,first-rate,2022,2014,,,
3484,first-rate,2022,2014,,,
3485,first-rate,2022,2014,,,
3486,first-rate,2022,2014,,,
3487,first-rate,2022,2014,,,
3488,first-rate,2022,2014,,,
3489,first-rate,2022,2014,,,
3490,first-rate,2022,2014,,,
3491,first-rate,2022,2014,,,
3492,first-rate,2022,2014,,,
3493,first-rate,2022,2014,,,
3494,first-rate,2022,2014,,,
3495,first-rate,2022,2014,,,
3496,first-rate,2022,2014,,,
3497,first-rate,2022,2014,,,
3498,first-rate,2022,2014,,,
3499,first-rate,2022,2014,,,
3500,first-rate,2022,2014,,,
3501,first-rate,2022,2014,,,
3502,first-rate,2022,2014,,,
3503,first-rate,2022,2014,,,
3504,first-rate,2022,2014,,,
3505,first-rate,2022,2014,,,
3506,first-rate,2022,2014,,,
3507,first-rate,2022,2014,,,
3508,first-rate,2022,2014,,,
3509,first-rate,2022,2014,,,
3510,first-rate,2022,2014,,,
3511,first-rate,2022,2014,,,
3512,first-rate,2022,2014,,,
3513,first-rate,2022,2014,,,
3514,first-rate,2022,2014,,,
3515,first-rate,2022,2014,,,
3516,first-rate,2022,2014,,,
3517,first-rate,2022,2014,,,
3518,first-rate,2022,2014,,,
3519,first-rate,2022,2014,,,
3520,first-rate,2022,2014,,,
3521,first-rate,2022,2014,,,
3522,first-rate,2022,2014,,,
3523,first-rate,2022,2014,,,
3524,first-rate,2022,2014,,,
3525,first-rate,2022,2014,,,
3526,first-rate,2022,2014,,,
3527,first-rate,2022,2014,,,
3528,first-rate,2022,2014,,,
3529,first-rate,2022,2014,,,
3530,first-rate,2022,2014,,,
3531,first-rate,2022,2014,,,
3532,first-rate,2022,2014,,,
3533,first-rate,2022,2014,,,
3534,first-rate,2022,2014,,,
3535,first-rate,2022,2014,,,
3536,first-rate,2022,2014,,,
3537,first-rate,2022,2014,,,
3538,first-rate,2022,2014,,,
3539,first-rate,2022,2014,,,
3540,first-rate,2022,2014,,,
3541,first-rate,2022,2014,,,
3542,first-rate,2022,2014,,,
3543,first-rate,2022,2014,,,
3544,first-rate,2022,2014,,,
3545,first-rate,2022,2014,,,
3546,first-rate,2022,2014,,,
3547,first-rate,2022,2014,,,
3548,first-rate,2022,2014,,,
3549,first-rate,2022,2014,,,
3550,first-rate,2022,2014,,,
3551,first-rate,2022,2014,,,
3552,first-rate,2022,2014,,,
3553,first-rate,2022,2014,,,
3554,first-rate,2022,2014,,,
3555,first-rate,2022,2014,,,
3556,first-rate,2022,2014,,,
3557,first-rate,2022,2014,,,
3558,first-rate,2022,2014,,,
3559,first-rate,2022,2014,,,
3560,first-rate,2022,2014,,,
3561,first-rate,2022,2014,,,
3562,first-rate,2022,2014,,,
3563,first-rate,2022,2014,,,
3564,first-rate,2022,2014,,,
3565,first-rate,2022,2014,,,
3566,first-rate,2022,2014,,,
3567,first-rate,2022,2014,,,
3568,first-rate,2022,2014,,,
3569,first-rate,2022,2014,,,
3570,first-rate,2022,2014,,,
3571,first-rate,2022,2014,,,
3572,first-rate,2022,2014,,,
3573,first-rate,2022,2014,,,
3574,first-rate,2022,2014,,,
3575,first-rate,2022,2014,,,
3576,first-rate,2022,2014,,,
3577,first-rate,2022,2014,,,
3578,first-rate,2022,2014,,,
3579,first-rate,2022,2014,,,
3580,first-rate,2022,2014,,,
3581,first-rate,2022,2014,,,
3582,first-rate,2022,2014,,,
3583,first-rate,2022,2014,,,
3584,first-rate,2022,2014,,,
3585,first-rate,2022,2014,,,
3586,first-rate,2022,2014,,,
3587,first-rate,2022,2014,,,
3588,first-rate,2022,2014,,,
3589,first-rate,2022,2014,,,
3590,first-rate,2022,2014,,,
3591,first-rate,2022,2014,,,
3592,first-rate,2022,2014,,,
3593,first-rate,2022,2014,,,
3594,first-rate,2022,2014,,,
3595,first-rate,2022,2014,,,
3596,first-rate,2022,2014,,,
3597,first-rate,2022,2014,,,
3598,first-rate,2022,2014,,,
3599,first-rate,2022,2014,,,
3600,first-rate,2022,2014,,,
3601,first-rate,2022,2014,,,
3602,first-rate,2022,2014,,,
3603,first-rate,2022,2014,,,
3604,first-rate,2022,2014,,,
3605,first-rate,2022,2014,,,
3606,first-rate,2022,2014,,,
3607,first-rate,2022,2014,,,
3608,first-rate,2022,2014,,,
3609,first-rate,2022,2014,,,
3610,first-rate,2022,2014,,,
3611,first-rate,2022,2014,,,
3612,first-rate,2022,2014,,,
3613,first-rate,2022,2014,,,
3614,first-rate,2022,2014,,,
3615,first-rate,2022,2014,,,
3616,first-rate,2022,2014,,,
3617,first-rate,2022,2014,,,
3618,first-rate,2022,2014,,,
3619,first-rate,2022,2014,,,
3620,first-rate,2022,2014,,,
3621,first-rate,2022,2014,,,
3622,first-rate,2022,2014,,,
3623,first-rate,2022,2014,,,
3624,first-rate,2022,2014,,,
3625,first-rate,2022,2014,,,
3626,first-rate,2022,2014,,,
3627,first-rate,2022,2014,,,
3628,first-rate,2022,2014,,,
3629,first-rate,2022,2014,,,
3630,first-rate,2022,2014,,,
3631,first-rate,2022,2014,,,
3632,first-rate,2022,2014,,,
3633,first-rate,2022,2014,,,
3634,first-rate,2022,2014,,,
3635,first-rate,2022,2014,,,
3636,first-rate,2022,2014,,,
3637,first-rate,2022,2014,,,
3638,first-rate,2022,2014,,,
3639,first-rate,2022,2014,,,
3640,first-rate,2022,2014,,,
3641,first-rate,2022,2014,,,
3642,first-rate,2022,2014,,,
3643,first-rate,2022,2014,,,
3644,first-rate,2022,2014,,,
3645,first-rate,2022,2014,,,
3646,first-rate,2022,2014,,,
3647,first-rate,2022,2014,,,
3648,first-rate,2022,2014,,,
3649,first-rate,2022,2014,,,
3650,first-rate,2022,2014,,,
3651,first-rate,2022,2014,,,
3652,first-rate,2022,2014,,,
3653,first-rate,2022,2014,,,
3654,first-rate,2022,2014,,,
3655,first-rate,2022,2014,,,
3656,first-rate,2022,2014,,,
3657,first-rate,2022,2014,,,
3658,first-rate,2022,2014,,,
3659,first-rate,2022,2014,,,
3660,first-rate,2022,2014,,,
3661,first-rate,2022,2014,,,
3662,first-rate,2022,2014,,,
3663,first-rate,2022,2014,,,
3664,first-rate,2022,2014,,,
3665,first-rate,2022,2014,,,
3666,first-rate,2022,2014,,,
3667,first-rate,2022,2014,,,
3668,first-rate,2022,2014,,,
3669,first-rate,2022,2014,,,
3670,first-rate,2022,2014,,,
3671,first-rate,2022,2014,,,
3672,first-rate,2022,2014,,,
3673,first-rate,2022,2014,,,
3674,first-rate,2022,2014,,,
3675,first-rate,2022,2014,,,
3676,first-rate,2022,2014,,,
3677,first-rate,2022,2014,,,
3678,first-rate,2022,2014,,,
3679,first-rate,2022,2014,,,
3680,first-rate,2022,2014,,,
3681,first-rate,2022,2014,,,
3682,first-rate,2022,2014,,,
3683,first-rate,2022,2014,,,
3684,first-rate,2022,2014,,,
3685,first-rate,2022,2014,,,
3686,first-rate,2022,2014,,,
3687,first-rate,2022,2014,,,
3688,first-rate,2022,2014,,,
3689,first-rate,2022,2014,,,
3690,first-rate,2022,2014,,,
3691,first-rate,2022,2014,,,
3692,first-rate,2022,2014,,,
3693,first-rate,2022,2014,,,
3694,first-rate,2022,2014,,,
3695,first-rate,2022,2014,,,
3696,first-rate,2022,2014,,,
3697,first-rate,2022,2014,,,
3698,first-rate,2022,2014,,,
3699,first-rate,2022,2014,,,
3700,first-rate,2022,2014,,,
3701,first-rate,2022,2014,,,
3702,first-rate,2022,2014,,,
3703,first-rate,2022,2014,,,
3704,first-rate,2022,2014,,,
3705,first-rate,2022,2014,,,
3706,first-rate,2022,2014,,,
3707,first-rate,2022,2014,,,
3708,first-rate,2022,2014,,,
3709,first-rate,2022,2014,,,
3710,first-rate,2022,2014,,,
3711,first-rate,2022,2014,,,
3712,first-rate,2022,2014,,,
3713,first-rate,2022,2014,,,
3714,first-rate,2022,2014,,,
3715,first-rate,2022,2014,,,
3716,first-rate,2022,2014,,,
3717,first-rate,2022,2014,,,
3718,first-rate,2022,2014,,,
3719,first-rate,2022,2014,,,
3720,first-rate,2022,2014,,,
3721,first-rate,2022,2014,,,
3722,first-rate,2022,2014,,,
3723,first-rate,2022,2014,,,
3724,first-rate,2022,2014,,,
3725,first-rate,2022,2014,,,
3726,first-rate,2022,2014,,,
3727,first-rate,2022,2014,,,
3728,first-rate,2022,2014,,,
3729,first-rate,2022,2014,,,
3730,first-rate,2022,2014,,,
3731,first-rate,2022,2014,,,
3732,first-rate,2022,2014,,,
3733,first-rate,2022,2014,,,
3734,first-rate,2022,2014,,,
3735,first-rate,2022,2014,,,
3736,first-rate,2022,2014,,,
3737,first-rate,2022,2014,,,
3738,first-rate,2022,2014,,,
3739,first-rate,2022,2014,,,
3740,first-rate,2022,2014,,,
3741,first-rate,2022,2014,,,
3742,first-rate,2022,2014,,,
3743,first-rate,2022,2014,,,
3744,first-rate,2022,2014,,,
3745,first-rate,2022,2014,,,
3746,first-rate,2022,2014,,,
3747,first-rate,2022,2014,,,
3748,first-rate,2022,2014,,,
3749,first-rate,2022,2014,,,
3750,first-rate,2022,2014,,,
3751,first-rate,2022,2014,,,
3752,first-rate,2022,2014,,,
3753,first-rate,2022,2014,,,
3754,first-rate,2022,2014,,,
3755,first-rate,2022,2014,,,
3756,first-rate,2022,2014,,,
3757,first-rate,2022,2014,,,
3758,first-rate,2022,2014,,,
3759,first-rate,2022,2014,,,
3760,first-rate,2022,2014,,,
3761,first-rate,2022,2014,,,
3762,first-rate,2022,2014,,,
3763,first-rate,2022,2014,,,
3764,first-rate,2022,2014,,,
3765,first-rate,2022,2014,,,
3766,first-rate,2022,2014,,,
3767,first-rate,2022,2014,,,
3768,first-rate,2022,2014,,,
3769,first-rate,2022,2014,,,
3770,first-rate,2022,2014,,,
3771,first-rate,2022,2014,,,
3772,first-rate,2022,2014,,,
3773,first-rate,2022,2014,,,
3774,first-rate,2022,2014,,,
3775,first-rate,2022,2014,,,
3776,first-rate,2022,2014,,,
3777,first-rate,2022,2014,,,
3778,first-rate,2022,2014,,,
3779,first-rate,2022,2014,,,
3780,first-rate,2022,2014,,,
3781,first-rate,2022,2014,,,
3782,first-rate,2022,2014,,,
3783,first-rate,2022,2014,,,
3784,first-rate,2022,2014,,,
3785,first-rate,2022,2014,,,
3786,first-rate,2022,2014,,,
3787,first-rate,2022,2014,,,
3788,first-rate,2022,2014,,,
3789,first-rate,2022,2014,,,
3790,first-rate,2022,2014,,,
3791,first-rate,2022,2014,,,
3792,first-rate,2022,2014,,,
3793,first-rate,2022,2014,,,
3794,first-rate,2022,2014,,,
3795,first-rate,2022,2014,,,
3796,first-rate,2022,2014,,,
3797,first-rate,2022,2014,,,
3798,first-rate,2022,2014,,,
3799,first-rate,2022,2014,,,
3800,first-rate,2022,2014,,,
3801,first-rate,2022,2014,,,
3802,first-rate,2022,2014,,,
3803,first-rate,2022,2014,,,
3804,first-rate,2022,2014,,,
3805,first-rate,2022,2014,,,
3806,first-rate,2022,2014,,,
3807,first-rate,2022,2014,,,
3808,first-rate,2022,2014,,,
3809,first-rate,2022,2014,,,
3810,first-rate,2022,2014,,,
3811,first-rate,2022,2014,,,
3812,first-rate,2022,2014,,,
3813,first-rate,2022,2014,,,
3814,first-rate,2022,2014,,,
3815,first-rate,2022,2014,,,
3816,first-rate,2022,2014,,,
3817,first-rate,2022,2014,,,
3818,first-rate,2022,2014,,,
3819,first-rate,2022,2014,,,
3820,first-rate,2022,2014,,,
3821,first-rate,2022,2014,,,
3822,first-rate,2022,2014,,,
3823,first-rate,2022,2014,,,
3824,first-rate,2022,2014,,,
3825,first-rate,2022,2014,,,
3826,first-rate,2022,2014,,,
3827,first-rate,2022,2014,,,
3828,first-rate,2022,2014,,,
3829,first-rate,2022,2014,,,
3830,first-rate,2022,2014,,,
3831,first-rate,2022,2014,,,
3832,first-rate,2022,2014,,,
3833,first-rate,2022,2014,,,
3834,first-rate,2022,2014,,,
3835,first-rate,2022,2014,,,
3836,first-rate,2022,2014,,,
3837,first-rate,2022,2014,,,
3838,first-rate,2022,2014,,,
3839,first-rate,2022,2014,,,
3840,first-rate,2022,2014,,,
3841,first-rate,2022,2014,,,
3842,first-rate,2022,2014,,,
3843,first-rate,2022,2014,,,
3844,first-rate,2022,2014,,,
3845,first-rate,2022,2014,,,
3846,first-rate,2022,2014,,,
3847,first-rate,2022,2014,,,
3848,first-rate,2022,2014,,,
3849,first-rate,2022,2014,,,
3850,first-rate,2022,2014,,,
3851,first-rate,2022,2014,,,
3852,first-rate,2022,2014,,,
3853,first-rate,2022,2014,,,
3854,first-rate,2022,2014,,,
3855,first-rate,2022,2014,,,
3856,first-rate,2022,2014,,,
3857,first-rate,2022,2014,,,
3858,first-rate,2022,2014,,,
3859,first-rate,2022,2014,,,
3860,first-rate,2022,2014,,,
3861,first-rate,2022,2014,,,
3862,first-rate,2022,2014,,,
3863,first-rate,2022,2014,,,
3864,first-rate,2022,2014,,,
3865,first-rate,2022,2014,,,
3866,first-rate,2022,2014,,,
3867,first-rate,2022,2014,,,
3868,first-rate,2022,2014,,,
3869,first-rate,2022,2014,,,
3870,first-rate,2022,2014,,,
3871,first-rate,2022,2014,,,
3872,first-rate,2022,2014,,,
3873,first-rate,2022,2014,,,
3874,first-rate,2022,2014,,,
3875,first-rate,2022,2014,,,
3876,first-rate,2022,2014,,,
3877,first-rate,2022,2014,,,
3878,first-rate,2022,2014,,,
3879,first-rate,2022,2014,,,
3880,first-rate,2022,2014,,,
3881,first-rate,2022,2014,,,
3882,first-rate,2022,2014,,,
3883,first-rate,2022,2014,,,
3884,first-rate,2022,2014,,,
3885,first-rate,2022,2014,,,
3886,first-rate,2022,2014,,,
3887,first-rate,2022,2014,,,
3888,first-rate,2022,2014,,,
3889,first-rate,2022,2014,,,
3890,first-rate,2022,2014,,,
3891,first-rate,2022,2014,,,
3892,first-rate,2022,2014,,,
3893,first-rate,2022,2014,,,
3894,first-rate,2022,2014,,,
3895,first-rate,2022,2014,,,
3896,first-rate,2022,2014,,,
3897,first-rate,2022,2014,,,
3898,first-rate,2022,2014,,,
3899,first-rate,2022,2014,,,
3900,first-rate,2022,2014,,,
3901,first-rate,2022,2014,,,
3902,first-rate,2022,2014,,,
3903,first-rate,2022,2014,,,
3904,first-rate,2022,2014,,,
3905,first-rate,2022,2014,,,
3906,first-rate,2022,2014,,,
3907,first-rate,2022,2014,,,
3908,first-rate,2022,2014,,,
3909,first-rate,2022,2014,,,
3910,first-rate,2022,2014,,,
3911,first-rate,2022,2014,,,
3912,first-rate,2022,2014,,,
3913,first-rate,2022,2014,,,
3914,first-rate,2022,2014,,,
3915,first-rate,2022,2014,,,
3916,first-rate,2022,2014,,,
3917,first-rate,2022,2014,,,
3918,first-rate,2022,2014,,,
3919,first-rate,2022,2014,,,
3920,first-rate,2022,2014,,,
3921,first-rate,2022,2014,,,
3922,first-rate,2022,2014,,,
3923,first-rate,2022,2014,,,
3924,first-rate,2022,2014,,,
3925,first-rate,2022,2014,,,
3926,first-rate,2022,2014,,,
3927,first-rate,2022,2014,,,
3928,first-rate,2022,2014,,,
3929,first-rate,2022,2014,,,
3930,first-rate,2022,2014,,,
3931,first-rate,2022,2014,,,
3932,first-rate,2022,2014,,,
3933,first-rate,2022,2014,,,
3934,first-rate,2022,2014,,,
3935,first-rate,2022,2014,,,
3936,first-rate,2022,2014,,,
3937,first-rate,2022,2014,,,
3938,first-rate,2022,2014,,,
3939,first-rate,2022,2014,,,
3940,first-rate,2022,2014,,,
3941,first-rate,2022,2014,,,
3942,first-rate,2022,2014,,,
3943,first-rate,2022,2014,,,
3944,first-rate,2022,2014,,,
3945,first-rate,2022,2014,,,
3946,first-rate,2022,2014,,,
3947,first-rate,2022,2014,,,
3948,first-rate,2022,2014,,,
3949,first-rate,2022,2014,,,
3950,first-rate,2022,2014,,,
3951,first-rate,2022,2014,,,
3952,first-rate,2022,2014,,,
3953,first-rate,2022,2014,,,
3954,first-rate,2022,2014,,,
3955,first-rate,2022,2014,,,
3956,first-rate,2022,2014,,,
3957,first-rate,2022,2014,,,
3958,first-rate,2022,2014,,,
3959,first-rate,2022,2014,,,
3960,first-rate,2022,2014,,,
3961,first-rate,2022,2014,,,
3962,first-rate,2022,2014,,,
3963,first-rate,2022,2014,,,
3964,first-rate,2022,2014,,,
3965,first-rate,2022,2014,,,
3966,first-rate,2022,2014,,,
3967,first-rate,2022,2014,,,
3968,first-rate,2022,2014,,,
3969,first-rate,2022,2014,,,
3970,first-rate,2022,2014,,,
3971,first-rate,2022,2014,,,
3972,first-rate,2022,2014,,,
3973,first-rate,2022,2014,,,
3974,first-rate,2022,2014,,,
3975,first-rate,2022,2014,,,
3976,first-rate,2022,2014,,,
3977,first-rate,2022,2014,,,
3978,first-rate,2022,2014,,,
3979,first-rate,2022,2014,,,
3980,first-rate,2022,2014,,,
3981,first-rate,2022,2014,,,
3982,first-rate,2022,2014,,,
3983,first-rate,2022,2014,,,
3984,first-rate,2022,2014,,,
3985,first-rate,2022,2014,,,
3986,first-rate,2022,2014,,,
3987,first-rate,2022,2014,,,
3988,first-rate,2022,2014,,,
3989,first-rate,2022,2014,,,
3990,first-rate,2022,2014,,,
3991,first-rate,2022,2014,,,
3992,first-rate,2022,2014,,,
3993,first-rate,2022,2014,,,
3994,first-rate,2022,2014,,,
3995,first-rate,2022,2014,,,
3996,first-rate,2022,2014,,,
3997,first-rate,2022,2014,,,
3998,first-rate,2022,2014,,,
3999,first-rate,2022,2014,,,
4000,first-rate,2022,2014,,,
4001,first-rate,2022,2014,,,
4002,first-rate,2022,2014,,,
4003,first-rate,2022,2014,,,
4004,first-rate,2022,2014,,,
4005,first-rate,2022,2014,,,
4006,first-rate,2022,2014,,,
4007,first-rate,2022,2014,,,
4008,first-rate,2022,2014,,,
4009,first-rate,2022,2014,,,
4010,first-rate,2022,2014,,,
4011,first-rate,2022,2014,,,
4012,first-rate,2022,2014,,,
4013,first-rate,2022,2014,,,
4014,first-rate,2022,2014,,,
4015,first-rate,2022,2014,,,
4016,first-rate,2022,2014,,,
4017,first-rate,2022,2014,,,
4018,first-rate,2022,2014,,,
4019,first-rate,2022,2014,,,
4020,first-rate,2022,2014,,,
4021,first-rate,2022,2014,,,
4022,first-rate,2022,2014,,,
4023,first-rate,2022,2014,,,
4024,first-rate,2022,2014,,,
4025,first-rate,2022,2014,,,
4026,first-rate,2022,2014,,,
4027,first-rate,2022,2014,,,
4028,first-rate,2022,2014,,,
4029,first-rate,2022,2014,,,
4030,first-rate,2022,2014,,,
4031,first-rate,2022,2014,,,
4032,first-rate,2022,2014,,,
4033,first-rate,2022,2014,,,
4034,first-rate,2022,2014,,,
4035,first-rate,2022,2014,,,
4036,first-rate,2022,2014,,,
4037,first-rate,2022,2014,,,
4038,first-rate,2022,2014,,,
4039,first-rate,2022,2014,,,
4040,first-rate,2022,2014,,,
4041,first-rate,2022,2014,,,
4042,first-rate,2022,2014,,,
4043,first-rate,2022,2014,,,
4044,first-rate,2022,2014,,,
4045,first-rate,2022,2014,,,
4046,first-rate,2022,2014,,,
4047,first-rate,2022,2014,,,
4048,first-rate,2022,2014,,,
4049,first-rate,2022,2014,,,
4050,first-rate,2022,2014,,,
4051,first-rate,2022,2014,,,
4052,first-rate,2022,2014,,,
4053,first-rate,2022,2014,,,
4054,first-rate,2022,2014,,,
4055,first-rate,2022,2014,,,
4056,first-rate,2022,2014,,,
4057,first-rate,2022,2014,,,
4058,first-rate,2022,2014,,,
4059,first-rate,2022,2014,,,
4060,first-rate,2022,2014,,,
4061,first-rate,2022,2014,,,
4062,first-rate,2022,2014,,,
4063,first-rate,2022,2014,,,
4064,first-rate,2022,2014,,,
4065,first-rate,2022,2014,,,
4066,first-rate,2022,2014,,,
4067,first-rate,2022,2014,,,
4068,first-rate,2022,2014,,,
4069,first-rate,2022,2014,,,
4070,first-rate,2022,2014,,,
4071,first-rate,2022,2014,,,
4072,first-rate,2022,2014,,,
4073,first-rate,2022,2014,,,
4074,first-rate,2022,2014,,,
4075,first-rate,2022,2014,,,
4076,first-rate,2022,2014,,,
4077,first-rate,2022,2014,,,
4078,first-rate,2022,2014,,,
4079,first-rate,2022,2014,,,
4080,first-rate,2022,2014,,,
4081,first-rate,2022,2014,,,
4082,first-rate,2022,2014,,,
4083,first-rate,2022,2014,,,
4084,first-rate,2022,2014,,,
4085,first-rate,2022,2014,,,
4086,first-rate,2022,2014,,,
4087,first-rate,2022,2014,,,
4088,first-rate,2022,2014,,,
4089,first-rate,2022,2014,,,
4090,first-rate,2022,2014,,,
4091,first-rate,2022,2014,,,
4092,first-rate,2022,2014,,,
4093,first-rate,2022,2014,,,
4094,first-rate,2022,2014,,,
4095,first-rate,2022,2014,,,
4096,first-rate,2022,2014,,,
4097,first-rate,2022,2014,,,
4098,first-rate,2022,2014,,,
4099,first-rate,2022,2014,,,
4100,first-rate,2022,2014,,,
4101,first-rate,2022,2014,,,
4102,first-rate,2022,2014,,,
4103,first-rate,2022,2014,,,
4104,first-rate,2022,2014,,,
4105,first-rate,2022,2014,,,
4106,first-rate,2022,2014,,,
4107,first-rate,2022,2014,,,
4108,first-rate,2022,2014,,,
4109,first-rate,2022,2014,,,
4110,first-rate,2022,2014,,,
4111,first-rate,2022,2014,,,
4112,first-rate,2022,2014,,,
4113,first-rate,2022,2014,,,
4114,first-rate,2022,2014,,,
4115,first-rate,2022,2014,,,
4116,first-rate,2022,2014,,,
4117,first-rate,2022,2014,,,
4118,first-rate,2022,2014,,,
4119,first-rate,2022,2014,,,
4120,first-rate,2022,2014,,,
4121,first-rate,2022,2014,,,
4122,first-rate,2022,2014,,,
4123,first-rate,2022,2014,,,
4124,first-rate,2022,2014,,,
4125,first-rate,2022,2014,,,
4126,first-rate,2022,2014,,,
4127,first-rate,2022,2014,,,
4128,first-rate,2022,2014,,,
4129,first-rate,2022,2014,,,
4130,first-rate,2022,2014,,,
4131,first-rate,2022,2014,,,
4132,first-rate,2022,2014,,,
4133,first-rate,2022,2014,,,
4134,first-rate,2022,2014,,,
4135,first-rate,2022,2014,,,
4136,first-rate,2022,2014,,,
4137,first-rate,2022,2014,,,
4138,first-rate,2022,2014,,,
4139,first-rate,2022,2014,,,
4140,first-rate,2022,2014,,,
4141,first-rate,2022,2014,,,
4142,first-rate,2022,2014,,,
4143,first-rate,2022,2014,,,
4144,first-rate,2022,2014,,,
4145,first-rate,2022,2014,,,
4146,first-rate,2022,2014,,,
4147,first-rate,2022,2014,,,
4148,first-rate,2022,2014,,,
4149,first-rate,2022,2014,,,
4150,first-rate,2022,2014,,,
4151,first-rate,2022,2014,,,
4152,first-rate,2022,2014,,,
4153,first-rate,2022,2014,,,
4154,first-rate,2022,2014,,,
4155,first-rate,2022,2014,,,
4156,first-rate,2022,2014,,,
4157,first-rate,2022,2014,,,
4158,first-rate,2022,2014,,,
4159,first-rate,2022,2014,,,
4160,first-rate,2022,2014,,,
4161,first-rate,2022,2014,,,
4162,first-rate,2022,2014,,,
4163,first-rate,2022,2014,,,
4164,first-rate,2022,2014,,,
4165,first-rate,2022,2014,,,
4166,first-rate,2022,2014,,,
4167,first-rate,2022,2014,,,
4168,first-rate,2022,2014,,,
4169,first-rate,2022,2014,,,
4170,first-rate,2022,2014,,,
4171,first-rate,2022,2014,,,
4172,first-rate,2022,2014,,,
4173,first-rate,2022,2014,,,
4174,first-rate,2022,2014,,,
4175,first-rate,2022,2014,,,
4176,first-rate,2022,2014,,,
4177,first-rate,2022,2014,,,
4178,first-rate,2022,2014,,,
4179,first-rate,2022,2014,,,
4180,first-rate,2022,2014,,,
4181,first-rate,2022,2014,,,
4182,first-rate,2022,2014,,,
4183,first-rate,2022,2014,,,
4184,first-rate,2022,2014,,,
4185,first-rate,2022,2014,,,
4186,first-rate,2022,2014,,,
4187,first-rate,2022,2014,,,
4188,first-rate,2022,2014,,,
4189,first-rate,2022,2014,,,
4190,first-rate,2022,2014,,,
4191,first-rate,2022,2014,,,
4192,first-rate,2022,2014,,,
4193,first-rate,2022,2014,,,
4194,first-rate,2022,2014,,,
4195,first-rate,2022,2014,,,
4196,first-rate,2022,2014,,,
4197,first-rate,2022,2014,,,
4198,first-rate,2022,2014,,,
4199,first-rate,2022,2014,,,
4200,first-rate,2022,2014,,,
4201,first-rate,2022,2014,,,
4202,first-rate,2022,2014,,,
4203,first-rate,2022,2014,,,
4204,first-rate,2022,2014,,,
4205,first-rate,2022,2014,,,
4206,first-rate,2022,2014,,,
4207,first-rate,2022,2014,,,
4208,first-rate,2022,2014,,,
4209,first-rate,2022,2014,,,
4210,first-rate,2022,2014,,,
4211,first-rate,2022,2014,,,
4212,first-rate,2022,2014,,,
4213,first-rate,2022,2014,,,
4214,first-rate,2022,2014,,,
4215,first-rate,2022,2014,,,
4216,first-rate,2022,2014,,,
4217,first-rate,2022,2014,,,
4218,first-rate,2022,2014,,,
4219,first-rate,2022,2014,,,
4220,first-rate,2022,2014,,,
4221,first-rate,2022,2014,,,
4222,first-rate,2022,2014,,,
4223,first-rate,2022,2014,,,
4224,first-rate,2022,2014,,,
4225,first-rate,2022,2014,,,
4226,first-rate,2022,2014,,,
4227,first-rate,2022,2014,,,
4228,first-rate,2022,2014,,,
4229,first-rate,2022,2014,,,
4230,first-rate,2022,2014,,,
4231,first-rate,2022,2014,,,
4232,first-rate,2022,2014,,,
4233,first-rate,2022,2014,,,
4234,first-rate,2022,2014,,,
4235,first-rate,2022,2014,,,
4236,first-rate,2022,2014,,,
4237,first-rate,2022,2014,,,
4238,first-rate,2022,2014,,,
4239,first-rate,2022,2014,,,
4240,first-rate,2022,2014,,,
4241,first-rate,2022,2014,,,
4242,first-rate,2022,2014,,,
4243,first-rate,2022,2014,,,
4244,first-rate,2022,2014,,,
4245,first-rate,2022,2014,,,
4246,first-rate,2022,2014,,,
4247,first-rate,2022,2014,,,
4248,first-rate,2022,2014,,,
4249,first-rate,2022,2014,,,
4250,first-rate,2022,2014,,,
4251,first-rate,2022,2014,,,
4252,first-rate,2022,2014,,,
4253,first-rate,2022,2014,,,
4254,first-rate,2022,2014,,,
4255,first-rate,2022,2014,,,
4256,first-rate,2022,2014,,,
4257,first-rate,2022,2014,,,
4258,first-rate,2022,2014,,,
4259,first-rate,2022,2014,,,
4260,first-rate,2022,2014,,,
4261,first-rate,2022,2014,,,
4262,first-rate,2022,2014,,,
4263,first-rate,2022,2014,,,
4264,first-rate,2022,2014,,,
4265,first-rate,2022,2014,,,
4266,first-rate,2022,2014,,,
4267,first-rate,2022,2014,,,
4268,first-rate,2022,2014,,,
4269,highway,2022,2014,,,
4270,highway,2022,2014,,,
4271,highway,2022,2014,,,
4272,highway,2022,2014,,,
4273,highway,2022,2014,,,
4274,highway,2022,2014,,,
4275,highway,2022,2014,,,
4276,highway,2022,2014,,,
4277,highway,2022,2014,,,
4278,highway,2022,2014,,,
4279,highway,2022,2014,,,
4280,highway,2022,2014,,,
4281,highway,2022,2014,,,
4282,highway,2022,2014,,,
4283,highway,2022,2014,,,
4284,highway,2022,2014,,,
4285,highway,2022,2014,,,
4286,highway,2022,2014,,,
4287,highway,2022,2014,,,
4288,highway,2022,2014,,,
4289,highway,2022,2014,,,
4290,highway,2022,2014,,,
4291,highway,2022,2014,,,
4292,highway,2022,2014,,,
4293,highway,2022,2014,,,
4294,highway,2022,2014,,,
4295,highway,2022,2014,,,
4296,highway,2022,2014,,,
4297,highway,2022,2014,,,
4298,highway,2022,2014,,,
4299,highway,2022,2014,,,
4300,highway,2022,2014,,,
4301,highway,2022,2014,,,
4302,highway,2022,2014,,,
4303,highway,2022,2014,,,
4304,highway,2022,2014,,,
4305,highway,2022,2014,,,
4306,highway,2022,2014,,,
4307,highway,2022,2014,,,
4308,highway,2022,2014,,,
4309,highway,2022,2014,,,
4310,highway,2022,2014,,,
4311,highway,2022,2014,,,
4312,highway,2022,2014,,,
4313,highway,2022,2014,,,
4314,highway,2022,2014,,,
4315,first-rate,2023,2014,,,
4316,first-rate,2023,2014,,,
4317,first-rate,2023,2014,,,
4318,first-rate,2023,2014,,,
4319,highway,2023,2014,,,
4320,highway,2023,2014,,,
4321,highway,2023,2014,,,
4322,highway,2023,2014,,,
4323,highway,2023,2014,,,
4324,highway,2023,2014,,,
4325,highway,2023,2014,,,
4326,highway,2023,2014,,,
4327,highway,2023,2014,,,
4328,highway,2023,2014,,,
4329,highway,2023,2014,,,
4330,highway,2023,2014,,,
4331,highway,2023,2014,,,
4332,highway,2023,2014,,,
4333,highway,2023,2014,,,
4334,highway,2023,2014,,,
4335,highway,2023,2014,,,
4336,highway,2023,2014,,,
4337,highway,2023,2014,,,
4338,highway,2023,2014,,,
4339,highway,2023,2014,,,
4340,highway,2023,2014,,,
4341,highway,2023,2014,,,
4342,highway,2023,2014,,,
4343,highway,2023,2014,,,
4344,highway,2023,2014,,,
4345,highway,2023,2014,,,
4346,highway,2023,2014,,,
4347,highway,2023,2014,,,
4348,highway,2023,2014,,,
4349,highway,2023,2014,,,
4350,highway,2023,2014,,,
4351,highway,2023,2014,,,
4352,highway,2023,2014,,,
4353,highway,2023,2014,,,
4354,highway,2023,2014,,,
4355,highway,2023,2014,,,
4356,highway,2023,2014,,,
4357,highway,2023,2014,,,
4358,highway,2023,2014,,,
4359,highway,2023,2014,,,
4360,highway,2023,2014,,,
4361,highway,2023,2014,,,
4362,highway,2023,2014,,,
4363,highway,2023,2014,,,
4364,highway,2023,2014,,,
4365,highway,2023,2014,,,
4366,highway,2023,2014,,,
4367,highway,2023,2014,,,
4368,highway,2023,2014,,,
4369,highway,2023,2014,,,
4370,highway,2023,2014,,,
4371,highway,2023,2014,,,
4372,highway,2023,2014,,,
4373,highway,2023,2014,,,
4374,highway,2023,2014,,,
4375,highway,2023,2014,,,
4376,highway,2023,2014,,,
4377,highway,2023,2014,,,
4378,highway,2023,2014,,,
4379,highway,2023,2014,,,
4380,highway,2023,2014,,,
4381,highway,2023,2014,,,
4382,highway,2023,2014,,,
4383,highway,2023,2014,,,
4384,highway,2023,2014,,,
4385,highway,2023,2014,,,
4386,highway,2023,2014,,,
4387,highway,2023,2014,,,
4388,highway,2023,2014,,,
4389,highway,2023,2014,,,
4390,highway,2023,2014,,,
4391,highway,2023,2014,,,
4392,highway,2023,2014,,,
4393,highway,2023,2014,,,
4394,highway,2023,2014,,,
4395,highway,2023,2014,,,
4396,highway,2023,2014,,,
4397,highway,2023,2014,,,
4398,highway,2023,2014,,,
4399,highway,2023,2014,,,
4400,highway,2023,2014,,,
4401,highway,2023,2014,,,
4402,highway,2023,2014,,,
4403,highway,2023,2014,,,
4404,highway,2023,2014,,,
4405,highway,2023,2014,,,
4406,highway,2023,2014,,,
4407,highway,2023,2014,,,
4408,highway,2023,2014,,,
4409,highway,2023,2014,,,
4410,highway,2023,2014,,,
4411,highway,2023,2014,,,
4412,highway,2023,2014,,,
4413,highway,2023,2014,,,
4414,highway,2023,2014,,,
4415,highway,2023,2014,,,
4416,highway,2023,2014,,,
4417,highway,2023,2014,,,
4418,highway,2023,2014,,,
4419,highway,2023,2014,,,
4420,highway,2023,2014,,,
4421,highway,2023,2014,,,
4422,highway,2023,2014,,,
4423,highway,2023,2014,,,
4424,highway,2023,2014,,,
4425,highway,2023,2014,,,
4426,highway,2023,2014,,,
4427,highway,2023,2014,,,
4428,highway,2023,2014,,,
4429,highway,2023,2014,,,
4430,highway,2023,2014,,,
4431,highway,2023,2014,,,
4432,highway,2023,2014,,,
4433,highway,2023,2014,,,
4434,highway,2023,2014,,,
4435,highway,2023,2014,,,
4436,highway,2023,2014,,,
4437,highway,2023,2014,,,
4438,highway,2023,2014,,,
4439,highway,2023,2014,,,
4440,highway,2023,2014,,,
4441,first-rate,2024,2014,,,
4442,first-rate,2024,2014,,,
4443,first-rate,2024,2014,,,
4444,first-rate,2024,2014,,,
4445,first-rate,2024,2014,,,
4446,first-rate,2024,2014,,,
4447,first-rate,2024,2014,,,
4448,first-rate,2024,2014,,,
4449,first-rate,2024,2014,,,
4450,first-rate,2024,2014,,,
4451,first-rate,2024,2014,,,
4452,first-rate,2024,2014,,,
4453,first-rate,2024,2014,,,
4454,first-rate,2024,2014,,,
4455,first-rate,2024,2014,,,
4456,first-rate,2024,2014,,,
4457,first-rate,2024,2014,,,
4458,first-rate,2024,2014,,,
4459,first-rate,2024,2014,,,
4460,first-rate,2024,2014,,,
4461,first-rate,2024,2014,,,
4462,first-rate,2024,2014,,,
4463,first-rate,2024,2014,,,
4464,first-rate,2024,2014,,,
4465,first-rate,2024,2014,,,
4466,first-rate,2024,2014,,,
4467,first-rate,2024,2014,,,
4468,first-rate,2024,2014,,,
4469,first-rate,2024,2014,,,
4470,first-rate,2024,2014,,,
4471,first-rate,2024,2014,,,
4472,highway,2024,2014,,,
4473,highway,2024,2014,,,
4474,highway,2024,2014,,,
4475,highway,2024,2014,,,
4476,highway,2024,2014,,,
4477,highway,2024,2014,,,
4478,highway,2024,2014,,,
4479,highway,2024,2014,,,
4480,highway,2024,2014,,,
4481,highway,2024,2014,,,
4482,highway,2024,2014,,,
4483,highway,2024,2014,,,
4484,highway,2024,2014,,,
4485,highway,2024,2014,,,
4486,highway,2024,2014,,,
4487,highway,2024,2014,,,
4488,highway,2024,2014,,,
4489,highway,2024,2014,,,
4490,highway,2024,2014,,,
4491,highway,2024,2014,,,
4492,highway,2024,2014,,,
4493,highway,2024,2014,,,
4494,highway,2024,2014,,,
4495,highway,2024,2014,,,
4496,highway,2024,2014,,,
4497,highway,2024,2014,,,
4498,highway,2024,2014,,,
4499,highway,2024,2014,,,
4500,highway,2024,2014,,,
4501,highway,2024,2014,,,
4502,highway,2024,2014,,,
4503,highway,2024,2014,,,
4504,highway,2024,2014,,,
4505,highway,2024,2014,,,
4506,highway,2024,2014,,,
4507,highway,2024,2014,,,
4508,highway,2024,2014,,,
4509,highway,2024,2014,,,
4510,highway,2024,2014,,,
4511,highway,2024,2014,,,
4512,highway,2024,2014,,,
4513,highway,2024,2014,,,
4514,highway,2024,2014,,,
4515,highway,2024,2014,,,
4516,highway,2024,2014,,,
4517,highway,2024,2014,,,
4518,highway,2024,2014,,,
4519,highway,2024,2014,,,
4520,highway,2024,2014,,,
4521,highway,2024,2014,,,
4522,highway,2024,2014,,,
4523,highway,2024,2014,,,
4524,highway,2024,2014,,,
4525,highway,2024,2014,,,
4526,highway,2024,2014,,,
4527,highway,2024,2014,,,
4528,highway,2024,2014,,,
4529,highway,2024,2014,,,
4530,highway,2024,2014,,,
4531,highway,2024,2014,,,
4532,highway,2024,2014,,,
4533,highway,2024,2014,,,
4534,highway,2024,2014,,,
4535,highway,2024,2014,,,
4536,highway,2024,2014,,,
4537,highway,2024,2014,,,
4538,highway,2024,2014,,,
4539,highway,2024,2014,,,
4540,highway,2024,2014,,,
4541,highway,2024,2014,,,
4542,highway,2024,2014,,,
4543,highway,2024,2014,,,
4544,highway,2024,2014,,,
4545,highway,2024,2014,,,
4546,highway,2024,2014,,,
4547,highway,2024,2014,,,
4548,highway,2024,2014,,,
4549,highway,2024,2014,,,
4550,highway,2024,2014,,,
4551,highway,2024,2014,,,
4552,highway,2024,2014,,,
