seg_id,year_type_1994,year_type_1995,year_type_1996,year_type_1997,year_type_1998,year_type_1999,year_type_2000,year_type_2001,year_type_2002,year_type_2003,year_type_2004,year_type_2005,year_type_2006,year_type_2007,year_type_2008,year_type_2009,year_type_2010,year_type_2011,year_type_2012,year_type_2013,year_type_2014,year_type_2015,year_type_2016,year_type_2017,year_type_2018,year_type_2019,year_type_2020,year_type_2021,year_type_2022,year_type_2023,year_type_2024
road_1,both,both,both,both,both,both,both,both,both,both,both,both,both,both,both,both,both,both,both,both,both,both,both,both,both,both,both,both,both,both,both
road_2,both,both,both,both,both,both,both,both,both,both,both,both,both,both,both,both,both,both,both,both,both,both,both,both,both,both,both,both,both,both,both
road_3,both,both,both,both,both,both,both,both,both,both,both,both,both,both,both,both,both,both,both,both,both,both,both,both,both,both,both,both,both,both,both
road_4,both,both,both,both,both,both,both,both,both,both,both,both,both,both,both,both,both,both,both,both,both,both,both,both,both,both,both,both,both,both,both
road_5,both,both,both,both,both,both,both,both,both,both,both,both,both,both,both,both,both,both,both,both,both,both,both,both,both,both,both,both,both,both,both
road_6,both,both,both,both,both,both,both,both,both,both,both,both,both,both,both,both,both,both,both,both,both,both,both,both,both,both,both,both,both,both,both
road_7,both,both,both,both,both,both,both,both,both,both,both,both,both,both,both,both,both,both,both,both,both,both,both,both,both,both,both,both,both,both,both
road_8,both,both,both,both,both,both,both,both,both,both,both,both,both,both,both,both,both,both,both,both,both,both,both,both,both,both,both,both,both,both,both
road_9,both,both,both,both,both,both,both,both,both,both,both,both,both,both,both,both,both,both,both,both,both,both,both,both,both,both,both,both,both,both,both
road_10,both,both,both,both,both,both,both,both,both,both,both,both,both,both,both,both,both,both,both,both,both,both,both,both,both,both,both,both,both,both,both
road_11,both,both,both,both,both,both,both,both,both,both,both,both,both,both,both,both,both,both,both,both,both,both,both,both,both,both,both,both,both,both,both
road_12,both,both,both,both,both,both,both,both,both,both,both,both,both,both,both,both,both,both,both,both,both,both,both,both,both,both,both,both,both,both,both
road_13,both,both,both,both,both,both,both,both,both,both,both,both,both,both,both,both,both,both,both,both,both,both,both,both,both,both,both,both,both,both,both
road_14,both,both,both,both,both,both,both,both,both,both,both,both,both,both,both,both,both,both,both,both,both,both,both,both,both,both,both,both,both,both,both
road_15,both,both,both,both,both,both,both,both,both,both,both,both,both,both,both,both,both,both,both,both,both,both,both,both,both,both,both,both,both,both,both
road_16,both,both,both,both,both,both,both,both,both,both,both,both,both,both,both,both,both,both,both,both,both,both,both,both,both,both,both,both,both,both,both
road_17,both,both,both,both,both,both,both,both,both,both,both,both,both,both,both,both,both,both,both,both,both,both,both,both,both,both,both,both,both,both,both
road_18,both,both,both,both,both,both,both,both,both,both,both,both,both,both,both,both,both,both,both,both,both,both,both,both,both,both,both,both,both,both,both
road_19,both,both,both,both,both,both,both,both,both,both,both,both,both,both,both,both,both,both,both,both,both,both,both,both,both,both,both,both,both,both,both
road_20,both,both,both,both,both,both,both,both,both,both,both,both,both,both,both,both,both,both,both,both,both,both,both,both,both,both,both,both,both,both,both
road_21,both,both,both,both,both,both,both,both,both,both,both,both,both,both,both,both,both,both,both,both,both,both,both,both,both,both,both,both,both,both,both
road_22,both,both,both,both,both,both,both,both,both,both,both,both,both,both,both,both,both,both,both,both,both,both,both,both,both,both,both,both,both,both,both
road_23,both,both,both,both,both,both,both,both,both,both,both,both,both,both,both,both,both,both,both,both,both,both,both,both,both,both,both,both,both,both,both
road_24,both,both,both,both,both,both,both,both,both,both,both,both,both,both,both,both,both,both,both,both,both,both,both,both,both,both,both,both,both,both,both
road_25,both,both,both,both,both,both,both,both,both,both,both,both,both,both,both,both,both,both,both,both,both,both,both,both,both,both,both,both,both,both,both
road_26,both,both,both,both,both,both,both,both,both,both,both,both,both,both,both,both,both,both,both,both,both,both,both,both,both,both,both,both,both,both,both
road_27,both,both,both,both,both,both,both,both,both,both,both,both,both,both,both,both,both,both,both,both,both,both,both,both,both,both,both,both,both,both,both
road_28,both,both,both,both,both,both,both,both,both,both,both,both,both,both,both,both,both,both,both,both,both,both,both,both,both,both,both,both,both,both,both
road_29,both,both,both,both,both,both,both,both,both,both,both,both,both,both,both,both,both,both,both,both,both,both,both,both,both,both,both,both,both,both,both
road_30,both,both,both,both,both,both,both,both,both,both,both,both,both,both,both,both,both,both,both,both,both,both,both,both,both,both,both,both,both,both,both
road_31,both,both,both,both,both,both,both,both,both,both,both,both,both,both,both,both,both,both,both,both,both,both,both,both,both,both,both,both,both,both,both
road_32,both,both,both,both,both,both,both,both,both,both,both,both,both,both,both,both,both,both,both,both,both,both,both,both,both,both,both,both,both,both,both
road_33,both,both,both,both,both,both,both,both,both,both,both,both,both,both,both,both,both,both,both,both,both,both,both,both,both,both,both,both,both,both,both
road_34,both,both,both,both,both,both,both,both,both,both,both,both,both,both,both,both,both,both,both,both,both,both,both,both,both,both,both,both,both,both,both
road_35,both,both,both,both,both,both,both,both,both,both,both,both,both,both,both,both,both,both,both,both,both,both,both,both,both,both,both,both,both,both,both
road_36,both,both,both,both,both,both,both,both,both,both,both,both,both,both,both,both,both,both,both,both,both,both,both,both,both,both,both,both,both,both,both
road_37,both,both,both,both,both,both,both,both,both,both,both,both,both,both,both,both,both,both,both,both,both,both,both,both,both,both,both,both,both,both,both
road_38,both,both,both,both,both,both,both,both,both,both,both,both,both,both,both,both,both,both,both,both,both,both,both,both,both,both,both,both,both,both,both
road_39,both,both,both,both,both,both,both,both,both,both,both,both,both,both,both,both,both,both,both,both,both,both,both,both,both,both,both,both,both,both,both
road_40,both,both,both,both,both,both,both,both,both,both,both,both,both,both,both,both,both,both,both,both,both,both,both,both,both,both,both,both,both,both,both
road_41,both,both,both,both,both,both,both,both,both,both,both,both,both,both,both,both,both,both,both,both,both,both,both,both,both,both,both,both,both,both,both
road_42,both,both,both,both,both,both,both,both,both,both,both,both,both,both,both,both,both,both,both,both,both,both,both,both,both,both,both,both,both,both,both
road_43,both,both,both,both,both,both,both,both,both,both,both,both,both,both,both,both,both,both,both,both,both,both,both,both,both,both,both,both,both,both,both
road_44,both,both,both,both,both,both,both,both,both,both,both,both,both,both,both,both,both,both,both,both,both,both,both,both,both,both,both,both,both,both,both
road_45,both,both,both,both,both,both,both,both,both,both,both,both,both,both,both,both,both,both,both,both,both,both,both,both,both,both,both,both,both,both,both
road_46,both,both,both,both,both,both,both,both,both,both,both,both,both,both,both,both,both,both,both,both,both,both,both,both,both,both,both,both,both,both,both
road_47,both,both,both,both,both,both,both,both,both,both,both,both,both,both,both,both,both,both,both,both,both,both,both,both,both,both,both,both,both,both,both
road_48,both,both,both,both,both,both,both,both,both,both,both,both,both,both,both,both,both,both,both,both,both,both,both,both,both,both,both,both,both,both,both
road_49,both,both,both,both,both,both,both,both,both,both,both,both,both,both,both,both,both,both,both,both,both,both,both,both,both,both,both,both,both,both,both
road_50,both,both,both,both,both,both,both,both,both,both,both,both,both,both,both,both,both,both,both,both,both,both,both,both,both,both,both,both,both,both,both
road_51,both,both,both,both,both,both,both,both,both,both,both,both,both,both,both,both,both,both,both,both,both,both,both,both,both,both,both,both,both,both,both
road_52,both,both,both,both,both,both,both,both,both,both,both,both,both,both,both,both,both,both,both,both,both,both,both,both,both,both,both,both,both,both,both
road_53,both,both,both,both,both,both,both,both,both,both,both,both,both,both,both,both,both,both,both,both,both,both,both,both,both,both,both,both,both,both,both
road_54,both,both,both,both,both,both,both,both,both,both,both,both,both,both,both,both,both,both,both,both,both,both,both,both,both,both,both,both,both,both,both
road_55,both,both,both,both,both,both,both,both,both,both,both,both,both,both,both,both,both,both,both,both,both,both,both,both,both,both,both,both,both,both,both
road_56,both,both,both,both,both,both,both,both,both,both,both,both,both,both,both,both,both,both,both,both,both,both,both,both,both,both,both,both,both,both,both
road_57,both,both,both,both,both,both,both,both,both,both,both,both,both,both,both,both,both,both,both,both,both,both,both,both,both,both,both,both,both,both,both
road_58,both,both,both,both,both,both,both,both,both,both,both,both,both,both,both,both,both,both,both,both,both,both,both,both,both,both,both,both,both,both,both
road_59,both,both,both,both,both,both,both,both,both,both,both,both,both,both,both,both,both,both,both,both,both,both,both,both,both,both,both,both,both,both,both
road_60,both,both,both,both,both,both,both,both,both,both,both,both,both,both,both,both,both,both,both,both,both,both,both,both,both,both,both,both,both,both,both
road_61,both,both,both,both,both,both,both,both,both,both,both,both,both,both,both,both,both,both,both,both,both,both,both,both,both,both,both,both,both,both,both
road_62,both,both,both,both,both,both,both,both,both,both,both,both,both,both,both,both,both,both,both,both,both,both,both,both,both,both,both,both,both,both,both
road_63,both,both,both,both,both,both,both,both,both,both,both,both,both,both,both,both,both,both,both,both,both,both,both,both,both,both,both,both,both,both,both
road_64,both,both,both,both,both,both,both,both,both,both,both,both,both,both,both,both,both,both,both,both,both,both,both,both,both,both,both,both,both,both,both
road_65,both,both,both,both,both,both,both,both,both,both,both,both,both,both,both,both,both,both,both,both,both,both,both,both,both,both,both,both,both,both,both
road_66,both,both,both,both,both,both,both,both,both,both,both,both,both,both,both,both,both,both,both,both,both,both,both,both,both,both,both,both,both,both,both
road_67,both,both,both,both,both,both,both,both,both,both,both,both,both,both,both,both,both,both,both,both,both,both,both,both,both,both,both,both,both,both,both
road_68,both,both,both,both,both,both,both,both,both,both,both,both,both,both,both,both,both,both,both,both,both,both,both,both,both,both,both,both,both,both,both
road_69,both,both,both,both,both,both,both,both,both,both,both,both,both,both,both,both,both,both,both,both,both,both,both,both,both,both,both,both,both,both,both
road_70,both,both,both,both,both,both,both,both,both,both,both,both,both,both,both,both,both,both,both,both,both,both,both,both,both,both,both,both,both,both,both
road_71,both,both,both,both,both,both,both,both,both,both,both,both,both,both,both,both,both,both,both,both,both,both,both,both,both,both,both,both,both,both,both
road_72,both,both,both,both,both,both,both,both,both,both,both,both,both,both,both,both,both,both,both,both,both,both,both,both,both,both,both,both,both,both,both
road_73,both,both,both,both,both,both,both,both,both,both,both,both,both,both,both,both,both,both,both,both,both,both,both,both,both,both,both,both,both,both,both
road_74,both,both,both,both,both,both,both,both,both,both,both,both,both,both,both,both,both,both,both,both,both,both,both,both,both,both,both,both,both,both,both
road_75,both,both,both,both,both,both,both,both,both,both,both,both,both,both,both,both,both,both,both,both,both,both,both,both,both,both,both,both,both,both,both
road_76,both,both,both,both,both,both,both,both,both,both,both,both,both,both,both,both,both,both,both,both,both,both,both,both,both,both,both,both,both,both,both
road_77,both,both,both,both,both,both,both,both,both,both,both,both,both,both,both,both,both,both,both,both,both,both,both,both,both,both,both,both,both,both,both
road_78,both,both,both,both,both,both,both,both,both,both,both,both,both,both,both,both,both,both,both,both,both,both,both,both,both,both,both,both,both,both,both
road_79,both,both,both,both,both,both,both,both,both,both,both,both,both,both,both,both,both,both,both,both,both,both,both,both,both,both,both,both,both,both,both
road_80,both,both,both,both,both,both,both,both,both,both,both,both,both,both,both,both,both,both,both,both,both,both,both,both,both,both,both,both,both,both,both
road_81,both,both,both,both,both,both,both,both,both,both,both,both,both,both,both,both,both,both,both,both,both,both,both,both,both,both,both,both,both,both,both
road_82,both,both,both,both,both,both,both,both,both,both,both,both,both,both,both,both,both,both,both,both,both,both,both,both,both,both,both,both,both,both,both
road_83,both,both,both,both,both,both,both,both,both,both,both,both,both,both,both,both,both,both,both,both,both,both,both,both,both,both,both,both,both,both,both
road_84,both,both,both,both,both,both,both,both,both,both,both,both,both,both,both,both,both,both,both,both,both,both,both,both,both,both,both,both,both,both,both
road_85,both,both,both,both,both,both,both,both,both,both,both,both,both,both,both,both,both,both,both,both,both,both,both,both,both,both,both,both,both,both,both
road_86,both,both,both,both,both,both,both,both,both,both,both,both,both,both,both,both,both,both,both,both,both,both,both,both,both,both,both,both,both,both,both
road_87,both,both,both,both,both,both,both,both,both,both,both,both,both,both,both,both,both,both,both,both,both,both,both,both,both,both,both,both,both,both,both
road_88,both,both,both,both,both,both,both,both,both,both,both,both,both,both,both,both,both,both,both,both,both,both,both,both,both,both,both,both,both,both,both
road_89,both,both,both,both,both,both,both,both,both,both,both,both,both,both,both,both,both,both,both,both,both,both,both,both,both,both,both,both,both,both,both
road_90,both,both,both,both,both,both,both,both,both,both,both,both,both,both,both,both,both,both,both,both,both,both,both,both,both,both,both,both,both,both,both
road_91,both,both,both,both,both,both,both,both,both,both,both,both,both,both,both,both,both,both,both,both,both,both,both,both,both,both,both,both,both,both,both
road_92,both,both,both,both,both,both,both,both,both,both,both,both,both,both,both,both,both,both,both,both,both,both,both,both,both,both,both,both,both,both,both
road_93,both,both,both,both,both,both,both,both,both,both,both,both,both,both,both,both,both,both,both,both,both,both,both,both,both,both,both,both,both,both,both
road_94,both,both,both,both,both,both,both,both,both,both,both,both,both,both,both,both,both,both,both,both,both,both,both,both,both,both,both,both,both,both,both
road_95,both,both,both,both,both,both,both,both,both,both,both,both,both,both,both,both,both,both,both,both,both,both,both,both,both,both,both,both,both,both,both
road_96,both,both,both,both,both,both,both,both,both,both,both,both,both,both,both,both,both,both,both,both,both,both,both,both,both,both,both,both,both,both,both
road_97,both,both,both,both,both,both,both,both,both,both,both,both,both,both,both,both,both,both,both,both,both,both,both,both,both,both,both,both,both,both,both
road_98,both,both,both,both,both,both,both,both,both,both,both,both,both,both,both,both,both,both,both,both,both,both,both,both,both,both,both,both,both,both,both
road_99,both,both,both,both,both,both,both,both,both,both,both,both,both,both,both,both,both,both,both,both,both,both,both,both,both,both,both,both,both,both,both
road_100,both,both,both,both,both,both,both,both,both,both,both,both,both,both,both,both,both,both,both,both,both,both,both,both,both,both,both,both,both,both,both
road_101,both,both,both,both,both,both,both,both,both,both,both,both,both,both,both,both,both,both,both,both,both,both,both,both,both,both,both,both,both,both,both
road_102,both,both,both,both,both,both,both,both,both,both,both,both,both,both,both,both,both,both,both,both,both,both,both,both,both,both,both,both,both,both,both
road_103,both,both,both,both,both,both,both,both,both,both,both,both,both,both,both,both,both,both,both,both,both,both,both,both,both,both,both,both,both,both,both
road_104,both,both,both,both,both,both,both,both,both,both,both,both,both,both,both,both,both,both,both,both,both,both,both,both,both,both,both,both,both,both,both
road_105,both,both,both,both,both,both,both,both,both,both,both,both,both,both,both,both,both,both,both,both,both,both,both,both,both,both,both,both,both,both,both
road_106,both,both,both,both,both,both,both,both,both,both,both,both,both,both,both,both,both,both,both,both,both,both,both,both,both,both,both,both,both,both,both
road_107,both,both,both,both,both,both,both,both,both,both,both,both,both,both,both,both,both,both,both,both,both,both,both,both,both,both,both,both,both,both,both
road_108,both,both,both,both,both,both,both,both,both,both,both,both,both,both,both,both,both,both,both,both,both,both,both,both,both,both,both,both,both,both,both
road_109,both,both,both,both,both,both,both,both,both,both,both,both,both,both,both,both,both,both,both,both,both,both,both,both,both,both,both,both,both,both,both
road_110,both,both,both,both,both,both,both,both,both,both,both,both,both,both,both,both,both,both,both,both,both,both,both,both,both,both,both,both,both,both,both
road_111,both,both,both,both,both,both,both,both,both,both,both,both,both,both,both,both,both,both,both,both,both,both,both,both,both,both,both,both,both,both,both
road_112,both,both,both,both,both,both,both,both,both,both,both,both,both,both,both,both,both,both,both,both,both,both,both,both,both,both,both,both,both,both,both
road_113,both,both,both,both,both,both,both,both,both,both,both,both,both,both,both,both,both,both,both,both,both,both,both,both,both,both,both,both,both,both,both
road_114,both,both,both,both,both,both,both,both,both,both,both,both,both,both,both,both,both,both,both,both,both,both,both,both,both,both,both,both,both,both,both
road_115,both,both,both,both,both,both,both,both,both,both,both,both,both,both,both,both,both,both,both,both,both,both,both,both,both,both,both,both,both,both,both
road_116,both,both,both,both,both,both,both,both,both,both,both,both,both,both,both,both,both,both,both,both,both,both,both,both,both,both,both,both,both,both,both
road_117,both,both,both,both,both,both,both,both,both,both,both,both,both,both,both,both,both,both,both,both,both,both,both,both,both,both,both,both,both,both,both
road_118,both,both,both,both,both,both,both,both,both,both,both,both,both,both,both,both,both,both,both,both,both,both,both,both,both,both,both,both,both,both,both
road_119,both,both,both,both,both,both,both,both,both,both,both,both,both,both,both,both,both,both,both,both,both,both,both,both,both,both,both,both,both,both,both
road_120,both,both,both,both,both,both,both,both,both,both,both,both,both,both,both,both,both,both,both,both,both,both,both,both,both,both,both,both,both,both,both
road_121,both,both,both,both,both,both,both,both,both,both,both,both,both,both,both,both,both,both,both,both,both,both,both,both,both,both,both,both,both,both,both
road_122,both,both,both,both,both,both,both,both,both,both,both,both,both,both,both,both,both,both,both,both,both,both,both,both,both,both,both,both,both,both,both
road_123,both,both,both,both,both,both,both,both,both,both,both,both,both,both,both,both,both,both,both,both,both,both,both,both,both,both,both,both,both,both,both
road_124,both,both,both,both,both,both,both,both,both,both,both,both,both,both,both,both,both,both,both,both,both,both,both,both,both,both,both,both,both,both,both
road_125,both,both,both,both,both,both,both,both,both,both,both,both,both,both,both,both,both,both,both,both,both,both,both,both,both,both,both,both,both,both,both
road_126,both,both,both,both,both,both,both,both,both,both,both,both,both,both,both,both,both,both,both,both,both,both,both,both,both,both,both,both,both,both,both
road_127,both,both,both,both,both,both,both,both,both,both,both,both,both,both,both,both,both,both,both,both,both,both,both,both,both,both,both,both,both,both,both
road_128,both,both,both,both,both,both,both,both,both,both,both,both,both,both,both,both,both,both,both,both,both,both,both,both,both,both,both,both,both,both,both
road_129,both,both,both,both,both,both,both,both,both,both,both,both,both,both,both,both,both,both,both,both,both,both,both,both,both,both,both,both,both,both,both
road_130,both,both,both,both,both,both,both,both,both,both,both,both,both,both,both,both,both,both,both,both,both,both,both,both,both,both,both,both,both,both,both
road_131,both,both,both,both,both,both,both,both,both,both,both,both,both,both,both,both,both,both,both,both,both,both,both,both,both,both,both,both,both,both,both
road_132,both,both,both,both,both,both,both,both,both,both,both,both,both,both,both,both,both,both,both,both,both,both,both,both,both,both,both,both,both,both,both
road_133,both,both,both,both,both,both,both,both,both,both,both,both,both,both,both,both,both,both,both,both,both,both,both,both,both,both,both,both,both,both,both
road_134,both,both,both,both,both,both,both,both,both,both,both,both,both,both,both,both,both,both,both,both,both,both,both,both,both,both,both,both,both,both,both
road_135,both,both,both,both,both,both,both,both,both,both,both,both,both,both,both,both,both,both,both,both,both,both,both,both,both,both,both,both,both,both,both
road_136,both,both,both,both,both,both,both,both,both,both,both,both,both,both,both,both,both,both,both,both,both,both,both,both,both,both,both,both,both,both,both
road_137,both,both,both,both,both,both,both,both,both,both,both,both,both,both,both,both,both,both,both,both,both,both,both,both,both,both,both,both,both,both,both
road_138,both,both,both,both,both,both,both,both,both,both,both,both,both,both,both,both,both,both,both,both,both,both,both,both,both,both,both,both,both,both,both
road_139,both,both,both,both,both,both,both,both,both,both,both,both,both,both,both,both,both,both,both,both,both,both,both,both,both,both,both,both,both,both,both
road_140,both,both,both,both,both,both,both,both,both,both,both,both,both,both,both,both,both,both,both,both,both,both,both,both,both,both,both,both,both,both,both
road_141,both,both,both,both,both,both,both,both,both,both,both,both,both,both,both,both,both,both,both,both,both,both,both,both,both,both,both,both,both,both,both
road_142,both,both,both,both,both,both,both,both,both,both,both,both,both,both,both,both,both,both,both,both,both,both,both,both,both,both,both,both,both,both,both
road_143,both,both,both,both,both,both,both,both,both,both,both,both,both,both,both,both,both,both,both,both,both,both,both,both,both,both,both,both,both,both,both
road_144,both,both,both,both,both,both,both,both,both,both,both,both,both,both,both,both,both,both,both,both,both,both,both,both,both,both,both,both,both,both,both
road_145,both,both,both,both,both,both,both,both,both,both,both,both,both,both,both,both,both,both,both,both,both,both,both,both,both,both,both,both,both,both,both
road_146,both,both,both,both,both,both,both,both,both,both,both,both,both,both,both,both,both,both,both,both,both,both,both,both,both,both,both,both,both,both,both
road_147,both,both,both,both,both,both,both,both,both,both,both,both,both,both,both,both,both,both,both,both,both,both,both,both,both,both,both,both,both,both,both
road_148,both,both,both,both,both,both,both,both,both,both,both,both,both,both,both,both,both,both,both,both,both,both,both,both,both,both,both,both,both,both,both
road_149,both,both,both,both,both,both,both,both,both,both,both,both,both,both,both,both,both,both,both,both,both,both,both,both,both,both,both,both,both,both,both
road_150,both,both,both,both,both,both,both,both,both,both,both,both,both,both,both,both,both,both,both,both,both,both,both,both,both,both,both,both,both,both,both
road_151,both,both,both,both,both,both,both,both,both,both,both,both,both,both,both,both,both,both,both,both,both,both,both,both,both,both,both,both,both,both,both
road_152,both,both,both,both,both,both,both,both,both,both,both,both,both,both,both,both,both,both,both,both,both,both,both,both,both,both,both,both,both,both,both
road_153,both,both,both,both,both,both,both,both,both,both,both,both,both,both,both,both,both,both,both,both,both,both,both,both,both,both,both,both,both,both,both
road_154,both,both,both,both,both,both,both,both,both,both,both,both,both,both,both,both,both,both,both,both,both,both,both,both,both,both,both,both,both,both,both
road_155,both,both,both,both,both,both,both,both,both,both,both,both,both,both,both,both,both,both,both,both,both,both,both,both,both,both,both,both,both,both,both
road_156,both,both,both,both,both,both,both,both,both,both,both,both,both,both,both,both,both,both,both,both,both,both,both,both,both,both,both,both,both,both,both
road_157,both,both,both,both,both,both,both,both,both,both,both,both,both,both,both,both,both,both,both,both,both,both,both,both,both,both,both,both,both,both,both
road_158,both,both,both,both,both,both,both,both,both,both,both,both,both,both,both,both,both,both,both,both,both,both,both,both,both,both,both,both,both,both,both
road_159,both,both,both,both,both,both,both,both,both,both,both,both,both,both,both,both,both,both,both,both,both,both,both,both,both,both,both,both,both,both,both
road_160,both,both,both,both,both,both,both,both,both,both,both,both,both,both,both,both,both,both,both,both,both,both,both,both,both,both,both,both,both,both,both
road_161,both,both,both,both,both,both,both,both,both,both,both,both,both,both,both,both,both,both,both,both,both,both,both,both,both,both,both,both,both,both,both
road_162,both,both,both,both,both,both,both,both,both,both,both,both,both,both,both,both,both,both,both,both,both,both,both,both,both,both,both,both,both,both,both
road_163,both,both,both,both,both,both,both,both,both,both,both,both,both,both,both,both,both,both,both,both,both,both,both,both,both,both,both,both,both,both,both
road_164,both,both,both,both,both,both,both,both,both,both,both,both,both,both,both,both,both,both,both,both,both,both,both,both,both,both,both,both,both,both,both
road_165,both,both,both,both,both,both,both,both,both,both,both,both,both,both,both,both,both,both,both,both,both,both,both,both,both,both,both,both,both,both,both
road_166,both,both,both,both,both,both,both,both,both,both,both,both,both,both,both,both,both,both,both,both,both,both,both,both,both,both,both,both,both,both,both
road_167,both,both,both,both,both,both,both,both,both,both,both,both,both,both,both,both,both,both,both,both,both,both,both,both,both,both,both,both,both,both,both
road_168,both,both,both,both,both,both,both,both,both,both,both,both,both,both,both,both,both,both,both,both,both,both,both,both,both,both,both,both,both,both,both
road_169,both,both,both,both,both,both,both,both,both,both,both,both,both,both,both,both,both,both,both,both,both,both,both,both,both,both,both,both,both,both,both
road_170,both,both,both,both,both,both,both,both,both,both,both,both,both,both,both,both,both,both,both,both,both,both,both,both,both,both,both,both,both,both,both
road_171,both,both,both,both,both,both,both,both,both,both,both,both,both,both,both,both,both,both,both,both,both,both,both,both,both,both,both,both,both,both,both
road_172,both,both,both,both,both,both,both,both,both,both,both,both,both,both,both,both,both,both,both,both,both,both,both,both,both,both,both,both,both,both,both
road_173,both,both,both,both,both,both,both,both,both,both,both,both,both,both,both,both,both,both,both,both,both,both,both,both,both,both,both,both,both,both,both
road_174,both,both,both,both,both,both,both,both,both,both,both,both,both,both,both,both,both,both,both,both,both,both,both,both,both,both,both,both,both,both,both
road_175,both,both,both,both,both,both,both,both,both,both,both,both,both,both,both,both,both,both,both,both,both,both,both,both,both,both,both,both,both,both,both
road_176,both,both,both,both,both,both,both,both,both,both,both,both,both,both,both,both,both,both,both,both,both,both,both,both,both,both,both,both,both,both,both
road_177,both,both,both,both,both,both,both,both,both,both,both,both,both,both,both,both,both,both,both,both,both,both,both,both,both,both,both,both,both,both,both
road_178,both,both,both,both,both,both,both,both,both,both,both,both,both,both,both,both,both,both,both,both,both,both,both,both,both,both,both,both,both,both,both
road_179,both,both,both,both,both,both,both,both,both,both,both,both,both,both,both,both,both,both,both,both,both,both,both,both,both,both,both,both,both,both,both
road_180,both,both,both,both,both,both,both,both,both,both,both,both,both,both,both,both,both,both,both,both,both,both,both,both,both,both,both,both,both,both,both
road_181,both,both,both,both,both,both,both,both,both,both,both,both,both,both,both,both,both,both,both,both,both,both,both,both,both,both,both,both,both,both,both
road_182,both,both,both,both,both,both,both,both,both,both,both,both,both,both,both,both,both,both,both,both,both,both,both,both,both,both,both,both,both,both,both
road_183,both,both,both,both,both,both,both,both,both,both,both,both,both,both,both,both,both,both,both,both,both,both,both,both,both,both,both,both,both,both,both
road_184,both,both,both,both,both,both,both,both,both,both,both,both,both,both,both,both,both,both,both,both,both,both,both,both,both,both,both,both,both,both,both
road_185,both,both,both,both,both,both,both,both,both,both,both,both,both,both,both,both,both,both,both,both,both,both,both,both,both,both,both,both,both,both,both
road_186,both,both,both,both,both,both,both,both,both,both,both,both,both,both,both,both,both,both,both,both,both,both,both,both,both,both,both,both,both,both,both
road_187,both,both,both,both,both,both,both,both,both,both,both,both,both,both,both,both,both,both,both,both,both,both,both,both,both,both,both,both,both,both,both
road_188,both,both,both,both,both,both,both,both,both,both,both,both,both,both,both,both,both,both,both,both,both,both,both,both,both,both,both,both,both,both,both
road_189,both,both,both,both,both,both,both,both,both,both,both,both,both,both,both,both,both,both,both,both,both,both,both,both,both,both,both,both,both,both,both
road_190,both,both,both,both,both,both,both,both,both,both,both,both,both,both,both,both,both,both,both,both,both,both,both,both,both,both,both,both,both,both,both
road_191,both,both,both,both,both,both,both,both,both,both,both,both,both,both,both,both,both,both,both,both,both,both,both,both,both,both,both,both,both,both,both
road_192,both,both,both,both,both,both,both,both,both,both,both,both,both,both,both,both,both,both,both,both,both,both,both,both,both,both,both,both,both,both,both
road_193,both,both,both,both,both,both,both,both,both,both,both,both,both,both,both,both,both,both,both,both,both,both,both,both,both,both,both,both,both,both,both
road_194,both,both,both,both,both,both,both,both,both,both,both,both,both,both,both,both,both,both,both,both,both,both,both,both,both,both,both,both,both,both,both
road_195,both,both,both,both,both,both,both,both,both,both,both,both,both,both,both,both,both,both,both,both,both,both,both,both,both,both,both,both,both,both,both
road_196,both,both,both,both,both,both,both,both,both,both,both,both,both,both,both,both,both,both,both,both,both,both,both,both,both,both,both,both,both,both,both
road_197,both,both,both,both,both,both,both,both,both,both,both,both,both,both,both,both,both,both,both,both,both,both,both,both,both,both,both,both,both,both,both
road_198,both,both,both,both,both,both,both,both,both,both,both,both,both,both,both,both,both,both,both,both,both,both,both,both,both,both,both,both,both,both,both
road_199,both,both,both,both,both,both,both,both,both,both,both,both,both,both,both,both,both,both,both,both,both,both,both,both,both,both,both,both,both,both,both
road_200,both,both,both,both,both,both,both,both,both,both,both,both,both,both,both,both,both,both,both,both,both,both,both,both,both,both,both,both,both,both,both
road_201,both,both,both,both,both,both,both,both,both,both,both,both,both,both,both,both,both,both,both,both,both,both,both,both,both,both,both,both,both,both,both
road_202,both,both,both,both,both,both,both,both,both,both,both,both,both,both,both,both,both,both,both,both,both,both,both,both,both,both,both,both,both,both,both
road_203,both,both,both,both,both,both,both,both,both,both,both,both,both,both,both,both,both,both,both,both,both,both,both,both,both,both,both,both,both,both,both
road_204,both,both,both,both,both,both,both,both,both,both,both,both,both,both,both,both,both,both,both,both,both,both,both,both,both,both,both,both,both,both,both
road_205,both,both,both,both,both,both,both,both,both,both,both,both,both,both,both,both,both,both,both,both,both,both,both,both,both,both,both,both,both,both,both
road_206,both,both,both,both,both,both,both,both,both,both,both,both,both,both,both,both,both,both,both,both,both,both,both,both,both,both,both,both,both,both,both
road_207,both,both,both,both,both,both,both,both,both,both,both,both,both,both,both,both,both,both,both,both,both,both,both,both,both,both,both,both,both,both,both
road_208,both,both,both,both,both,both,both,both,both,both,both,both,both,both,both,both,both,both,both,both,both,both,both,both,both,both,both,both,both,both,both
road_209,both,both,both,both,both,both,both,both,both,both,both,both,both,both,both,both,both,both,both,both,both,both,both,both,both,both,both,both,both,both,both
road_210,both,both,both,both,both,both,both,both,both,both,both,both,both,both,both,both,both,both,both,both,both,both,both,both,both,both,both,both,both,both,both
road_211,both,both,both,both,both,both,both,both,both,both,both,both,both,both,both,both,both,both,both,both,both,both,both,both,both,both,both,both,both,both,both
road_212,both,both,both,both,both,both,both,both,both,both,both,both,both,both,both,both,both,both,both,both,both,both,both,both,both,both,both,both,both,both,both
road_213,both,both,both,both,both,both,both,both,both,both,both,both,both,both,both,both,both,both,both,both,both,both,both,both,both,both,both,both,both,both,both
road_214,both,both,both,both,both,both,both,both,both,both,both,both,both,both,both,both,both,both,both,both,both,both,both,both,both,both,both,both,both,both,both
road_215,both,both,both,both,both,both,both,both,both,both,both,both,both,both,both,both,both,both,both,both,both,both,both,both,both,both,both,both,both,both,both
road_216,both,both,both,both,both,both,both,both,both,both,both,both,both,both,both,both,both,both,both,both,both,both,both,both,both,both,both,both,both,both,both
road_217,both,both,both,both,both,both,both,both,both,both,both,both,both,both,both,both,both,both,both,both,both,both,both,both,both,both,both,both,both,both,both
road_218,both,both,both,both,both,both,both,both,both,both,both,both,both,both,both,both,both,both,both,both,both,both,both,both,both,both,both,both,both,both,both
road_219,both,both,both,both,both,both,both,both,both,both,both,both,both,both,both,both,both,both,both,both,both,both,both,both,both,both,both,both,both,both,both
road_220,both,both,both,both,both,both,both,both,both,both,both,both,both,both,both,both,both,both,both,both,both,both,both,both,both,both,both,both,both,both,both
road_221,both,both,both,both,both,both,both,both,both,both,both,both,both,both,both,both,both,both,both,both,both,both,both,both,both,both,both,both,both,both,both
road_222,both,both,both,both,both,both,both,both,both,both,both,both,both,both,both,both,both,both,both,both,both,both,both,both,both,both,both,both,both,both,both
road_223,both,both,both,both,both,both,both,both,both,both,both,both,both,both,both,both,both,both,both,both,both,both,both,both,both,both,both,both,both,both,both
road_224,both,both,both,both,both,both,both,both,both,both,both,both,both,both,both,both,both,both,both,both,both,both,both,both,both,both,both,both,both,both,both
road_225,both,both,both,both,both,both,both,both,both,both,both,both,both,both,both,both,both,both,both,both,both,both,both,both,both,both,both,both,both,both,both
road_226,both,both,both,both,both,both,both,both,both,both,both,both,both,both,both,both,both,both,both,both,both,both,both,both,both,both,both,both,both,both,both
road_227,both,both,both,both,both,both,both,both,both,both,both,both,both,both,both,both,both,both,both,both,both,both,both,both,both,both,both,both,both,both,both
road_228,both,both,both,both,both,both,both,both,both,both,both,both,both,both,both,both,both,both,both,both,both,both,both,both,both,both,both,both,both,both,both
road_229,both,both,both,both,both,both,both,both,both,both,both,both,both,both,both,both,both,both,both,both,both,both,both,both,both,both,both,both,both,both,both
road_230,both,both,both,both,both,both,both,both,both,both,both,both,both,both,both,both,both,both,both,both,both,both,both,both,both,both,both,both,both,both,both
road_231,both,both,both,both,both,both,both,both,both,both,both,both,both,both,both,both,both,both,both,both,both,both,both,both,both,both,both,both,both,both,both
road_232,both,both,both,both,both,both,both,both,both,both,both,both,both,both,both,both,both,both,both,both,both,both,both,both,both,both,both,both,both,both,both
road_233,both,both,both,both,both,both,both,both,both,both,both,both,both,both,both,both,both,both,both,both,both,both,both,both,both,both,both,both,both,both,both
road_234,both,both,both,both,both,both,both,both,both,both,both,both,both,both,both,both,both,both,both,both,both,both,both,both,both,both,both,both,both,both,both
road_235,both,both,both,both,both,both,both,both,both,both,both,both,both,both,both,both,both,both,both,both,both,both,both,both,both,both,both,both,both,both,both
road_236,both,both,both,both,both,both,both,both,both,both,both,both,both,both,both,both,both,both,both,both,both,both,both,both,both,both,both,both,both,both,both
road_237,both,both,both,both,both,both,both,both,both,both,both,both,both,both,both,both,both,both,both,both,both,both,both,both,both,both,both,both,both,both,both
road_238,both,both,both,both,both,both,both,both,both,both,both,both,both,both,both,both,both,both,both,both,both,both,both,both,both,both,both,both,both,both,both
road_239,both,both,both,both,both,both,both,both,both,both,both,both,both,both,both,both,both,both,both,both,both,both,both,both,both,both,both,both,both,both,both
road_240,both,both,both,both,both,both,both,both,both,both,both,both,both,both,both,both,both,both,both,both,both,both,both,both,both,both,both,both,both,both,both
road_241,both,both,both,both,both,both,both,both,both,both,both,both,both,both,both,both,both,both,both,both,both,both,both,both,both,both,both,both,both,both,both
road_242,both,both,both,both,both,both,both,both,both,both,both,both,both,both,both,both,both,both,both,both,both,both,both,both,both,both,both,both,both,both,both
road_243,both,both,both,both,both,both,both,both,both,both,both,both,both,both,both,both,both,both,both,both,both,both,both,both,both,both,both,both,both,both,both
road_244,both,both,both,both,both,both,both,both,both,both,both,both,both,both,both,both,both,both,both,both,both,both,both,both,both,both,both,both,both,both,both
road_245,both,both,both,both,both,both,both,both,both,both,both,both,both,both,both,both,both,both,both,both,both,both,both,both,both,both,both,both,both,both,both
road_246,both,both,both,both,both,both,both,both,both,both,both,both,both,both,both,both,both,both,both,both,both,both,both,both,both,both,both,both,both,both,both
road_247,both,both,both,both,both,both,both,both,both,both,both,both,both,both,both,both,both,both,both,both,both,both,both,both,both,both,both,both,both,both,both
road_248,both,both,both,both,both,both,both,both,both,both,both,both,both,both,both,both,both,both,both,both,both,both,both,both,both,both,both,both,both,both,both
road_249,both,both,both,both,both,both,both,both,both,both,both,both,both,both,both,both,both,both,both,both,both,both,both,both,both,both,both,both,both,both,both
road_250,both,both,both,both,both,both,both,both,both,both,both,both,both,both,both,both,both,both,both,both,both,both,both,both,both,both,both,both,both,both,both
road_251,both,both,both,both,both,both,both,both,both,both,both,both,both,both,both,both,both,both,both,both,both,both,both,both,both,both,both,both,both,both,both
road_252,both,both,both,both,both,both,both,both,both,both,both,both,both,both,both,both,both,both,both,both,both,both,both,both,both,both,both,both,both,both,both
road_253,both,both,both,both,both,both,both,both,both,both,both,both,both,both,both,both,both,both,both,both,both,both,both,both,both,both,both,both,both,both,both
road_254,both,both,both,both,both,both,both,both,both,both,both,both,both,both,both,both,both,both,both,both,both,both,both,both,both,both,both,both,both,both,both
road_255,both,both,both,both,both,both,both,both,both,both,both,both,both,both,both,both,both,both,both,both,both,both,both,both,both,both,both,both,both,both,both
road_256,both,both,both,both,both,both,both,both,both,both,both,both,both,both,both,both,both,both,both,both,both,both,both,both,both,both,both,both,both,both,both
road_257,both,both,both,both,both,both,both,both,both,both,both,both,both,both,both,both,both,both,both,both,both,both,both,both,both,both,both,both,both,both,both
road_258,both,both,both,both,both,both,both,both,both,both,both,both,both,both,both,both,both,both,both,both,both,both,both,both,both,both,both,both,both,both,both
road_259,both,both,both,both,both,both,both,both,both,both,both,both,both,both,both,both,both,both,both,both,both,both,both,both,both,both,both,both,both,both,both
road_260,both,both,both,both,both,both,both,both,both,both,both,both,both,both,both,both,both,both,both,both,both,both,both,both,both,both,both,both,both,both,both
road_261,both,both,both,both,both,both,both,both,both,both,both,both,both,both,both,both,both,both,both,both,both,both,both,both,both,both,both,both,both,both,both
road_262,both,both,both,both,both,both,both,both,both,both,both,both,both,both,both,both,both,both,both,both,both,both,both,both,both,both,both,both,both,both,both
road_263,both,both,both,both,both,both,both,both,both,both,both,both,both,both,both,both,both,both,both,both,both,both,both,both,both,both,both,both,both,both,both
road_264,both,both,both,both,both,both,both,both,both,both,both,both,both,both,both,both,both,both,both,both,both,both,both,both,both,both,both,both,both,both,both
road_265,both,both,both,both,both,both,both,both,both,both,both,both,both,both,both,both,both,both,both,both,both,both,both,both,both,both,both,both,both,both,both
road_266,both,both,both,both,both,both,both,both,both,both,both,both,both,both,both,both,both,both,both,both,both,both,both,both,both,both,both,both,both,both,both
road_267,both,both,both,both,both,both,both,both,both,both,both,both,both,both,both,both,both,both,both,both,both,both,both,both,both,both,both,both,both,both,both
road_268,both,both,both,both,both,both,both,both,both,both,both,both,both,both,both,both,both,both,both,both,both,both,both,both,both,both,both,both,both,both,both
road_269,both,both,both,both,both,both,both,both,both,both,both,both,both,both,both,both,both,both,both,both,both,both,both,both,both,both,both,both,both,both,both
road_270,both,both,both,both,both,both,both,both,both,both,both,both,both,both,both,both,both,both,both,both,both,both,both,both,both,both,both,both,both,both,both
road_271,both,both,both,both,both,both,both,both,both,both,both,both,both,both,both,both,both,both,both,both,both,both,both,both,both,both,both,both,both,both,both
road_272,both,both,both,both,both,both,both,both,both,both,both,both,both,both,both,both,both,both,both,both,both,both,both,both,both,both,both,both,both,both,both
road_273,both,both,both,both,both,both,both,both,both,both,both,both,both,both,both,both,both,both,both,both,both,both,both,both,both,both,both,both,both,both,both
road_274,both,both,both,both,both,both,both,both,both,both,both,both,both,both,both,both,both,both,both,both,both,both,both,both,both,both,both,both,both,both,both
road_275,both,both,both,both,both,both,both,both,both,both,both,both,both,both,both,both,both,both,both,both,both,both,both,both,both,both,both,both,both,both,both
road_276,both,both,both,both,both,both,both,both,both,both,both,both,both,both,both,both,both,both,both,both,both,both,both,both,both,both,both,both,both,both,both
road_277,both,both,both,both,both,both,both,both,both,both,both,both,both,both,both,both,both,both,both,both,both,both,both,both,both,both,both,both,both,both,both
road_278,both,both,both,both,both,both,both,both,both,both,both,both,both,both,both,both,both,both,both,both,both,both,both,both,both,both,both,both,both,both,both
road_279,both,both,both,both,both,both,both,both,both,both,both,both,both,both,both,both,both,both,both,both,both,both,both,both,both,both,both,both,both,both,both
road_280,both,both,both,both,both,both,both,both,both,both,both,both,both,both,both,both,both,both,both,both,both,both,both,both,both,both,both,both,both,both,both
road_281,both,both,both,both,both,both,both,both,both,both,both,both,both,both,both,both,both,both,both,both,both,both,both,both,both,both,both,both,both,both,both
road_282,both,both,both,both,both,both,both,both,both,both,both,both,both,both,both,both,both,both,both,both,both,both,both,both,both,both,both,both,both,both,both
road_283,both,both,both,both,both,both,both,both,both,both,both,both,both,both,both,both,both,both,both,both,both,both,both,both,both,both,both,both,both,both,both
road_284,both,both,both,both,both,both,both,both,both,both,both,both,both,both,both,both,both,both,both,both,both,both,both,both,both,both,both,both,both,both,both
road_285,both,both,both,both,both,both,both,both,both,both,both,both,both,both,both,both,both,both,both,both,both,both,both,both,both,both,both,both,both,both,both
road_286,both,both,both,both,both,both,both,both,both,both,both,both,both,both,both,both,both,both,both,both,both,both,both,both,both,both,both,both,both,both,both
road_287,both,both,both,both,both,both,both,both,both,both,both,both,both,both,both,both,both,both,both,both,both,both,both,both,both,both,both,both,both,both,both
road_288,both,both,both,both,both,both,both,both,both,both,both,both,both,both,both,both,both,both,both,both,both,both,both,both,both,both,both,both,both,both,both
road_289,both,both,both,both,both,both,both,both,both,both,both,both,both,both,both,both,both,both,both,both,both,both,both,both,both,both,both,both,both,both,both
road_290,both,both,both,both,both,both,both,both,both,both,both,both,both,both,both,both,both,both,both,both,both,both,both,both,both,both,both,both,both,both,both
road_291,both,both,both,both,both,both,both,both,both,both,both,both,both,both,both,both,both,both,both,both,both,both,both,both,both,both,both,both,both,both,both
road_292,both,both,both,both,both,both,both,both,both,both,both,both,both,both,both,both,both,both,both,both,both,both,both,both,both,both,both,both,both,both,both
road_293,both,both,both,both,both,both,both,both,both,both,both,both,both,both,both,both,both,both,both,both,both,both,both,both,both,both,both,both,both,both,both
road_294,both,both,both,both,both,both,both,both,both,both,both,both,both,both,both,both,both,both,both,both,both,both,both,both,both,both,both,both,both,both,both
road_295,both,both,both,both,both,both,both,both,both,both,both,both,both,both,both,both,both,both,both,both,both,both,both,both,both,both,both,both,both,both,both
road_296,both,both,both,both,both,both,both,both,both,both,both,both,both,both,both,both,both,both,both,both,both,both,both,both,both,both,both,both,both,both,both
road_297,both,both,both,both,both,both,both,both,both,both,both,both,both,both,both,both,both,both,both,both,both,both,both,both,both,both,both,both,both,both,both
road_298,both,both,both,both,both,both,both,both,both,both,both,both,both,both,both,both,both,both,both,both,both,both,both,both,both,both,both,both,both,both,both
road_299,both,both,both,both,both,both,both,both,both,both,both,both,both,both,both,both,both,both,both,both,both,both,both,both,both,both,both,both,both,both,both
road_300,both,both,both,both,both,both,both,both,both,both,both,both,both,both,both,both,both,both,both,both,both,both,both,both,both,both,both,both,both,both,both
road_301,both,both,both,both,both,both,both,both,both,both,both,both,both,both,both,both,both,both,both,both,both,both,both,both,both,both,both,both,both,both,both
road_302,both,both,both,both,both,both,both,both,both,both,both,both,both,both,both,both,both,both,both,both,both,both,both,both,both,both,both,both,both,both,both
road_303,both,both,both,both,both,both,both,both,both,both,both,both,both,both,both,both,both,both,both,both,both,both,both,both,both,both,both,both,both,both,both
road_304,both,both,both,both,both,both,both,both,both,both,both,both,both,both,both,both,both,both,both,both,both,both,both,both,both,both,both,both,both,both,both
road_305,both,both,both,both,both,both,both,both,both,both,both,both,both,both,both,both,both,both,both,both,both,both,both,both,both,both,both,both,both,both,both
road_306,both,both,both,both,both,both,both,both,both,both,both,both,both,both,both,both,both,both,both,both,both,both,both,both,both,both,both,both,both,both,both
road_307,both,both,both,both,both,both,both,both,both,both,both,both,both,both,both,both,both,both,both,both,both,both,both,both,both,both,both,both,both,both,both
road_308,both,both,both,both,both,both,both,both,both,both,both,both,both,both,both,both,both,both,both,both,both,both,both,both,both,both,both,both,both,both,both
road_309,both,both,both,both,both,both,both,both,both,both,both,both,both,both,both,both,both,both,both,both,both,both,both,both,both,both,both,both,both,both,both
road_310,both,both,both,both,both,both,both,both,both,both,both,both,both,both,both,both,both,both,both,both,both,both,both,both,both,both,both,both,both,both,both
road_311,both,both,both,both,both,both,both,both,both,both,both,both,both,both,both,both,both,both,both,both,both,both,both,both,both,both,both,both,both,both,both
road_312,both,both,both,both,both,both,both,both,both,both,both,both,both,both,both,both,both,both,both,both,both,both,both,both,both,both,both,both,both,both,both
road_313,both,both,both,both,both,both,both,both,both,both,both,both,both,both,both,both,both,both,both,both,both,both,both,both,both,both,both,both,both,both,both
road_314,both,both,both,both,both,both,both,both,both,both,both,both,both,both,both,both,both,both,both,both,both,both,both,both,both,both,both,both,both,both,both
road_315,both,both,both,both,both,both,both,both,both,both,both,both,both,both,both,both,both,both,both,both,both,both,both,both,both,both,both,both,both,both,both
road_316,both,both,both,both,both,both,both,both,both,both,both,both,both,both,both,both,both,both,both,both,both,both,both,both,both,both,both,both,both,both,both
road_317,both,both,both,both,both,both,both,both,both,both,both,both,both,both,both,both,both,both,both,both,both,both,both,both,both,both,both,both,both,both,both
road_318,both,both,both,both,both,both,both,both,both,both,both,both,both,both,both,both,both,both,both,both,both,both,both,both,both,both,both,both,both,both,both
road_319,both,both,both,both,both,both,both,both,both,both,both,both,both,both,both,both,both,both,both,both,both,both,both,both,both,both,both,both,both,both,both
road_320,both,both,both,both,both,both,both,both,both,both,both,both,both,both,both,both,both,both,both,both,both,both,both,both,both,both,both,both,both,both,both
road_321,both,both,both,both,both,both,both,both,both,both,both,both,both,both,both,both,both,both,both,both,both,both,both,both,both,both,both,both,both,both,both
road_322,both,both,both,both,both,both,both,both,both,both,both,both,both,both,both,both,both,both,both,both,both,both,both,both,both,both,both,both,both,both,both
road_323,both,both,both,both,both,both,both,both,both,both,both,both,both,both,both,both,both,both,both,both,both,both,both,both,both,both,both,both,both,both,both
road_324,both,both,both,both,both,both,both,both,both,both,both,both,both,both,both,both,both,both,both,both,both,both,both,both,both,both,both,both,both,both,both
road_325,both,both,both,both,both,both,both,both,both,both,both,both,both,both,both,both,both,both,both,both,both,both,both,both,both,both,both,both,both,both,both
road_326,both,both,both,both,both,both,both,both,both,both,both,both,both,both,both,both,both,both,both,both,both,both,both,both,both,both,both,both,both,both,both
road_327,both,both,both,both,both,both,both,both,both,both,both,both,both,both,both,both,both,both,both,both,both,both,both,both,both,both,both,both,both,both,both
road_328,both,both,both,both,both,both,both,both,both,both,both,both,both,both,both,both,both,both,both,both,both,both,both,both,both,both,both,both,both,both,both
road_329,both,both,both,both,both,both,both,both,both,both,both,both,both,both,both,both,both,both,both,both,both,both,both,both,both,both,both,both,both,both,both
road_330,both,both,both,both,both,both,both,both,both,both,both,both,both,both,both,both,both,both,both,both,both,both,both,both,both,both,both,both,both,both,both
road_331,both,both,both,both,both,both,both,both,both,both,both,both,both,both,both,both,both,both,both,both,both,both,both,both,both,both,both,both,both,both,both
road_332,both,both,both,both,both,both,both,both,both,both,both,both,both,both,both,both,both,both,both,both,both,both,both,both,both,both,both,both,both,both,both
road_333,both,both,both,both,both,both,both,both,both,both,both,both,both,both,both,both,both,both,both,both,both,both,both,both,both,both,both,both,both,both,both
road_334,both,both,both,both,both,both,both,both,both,both,both,both,both,both,both,both,both,both,both,both,both,both,both,both,both,both,both,both,both,both,both
road_335,both,both,both,both,both,both,both,both,both,both,both,both,both,both,both,both,both,both,both,both,both,both,both,both,both,both,both,both,both,both,both
road_336,both,both,both,both,both,both,both,both,both,both,both,both,both,both,both,both,both,both,both,both,both,both,both,both,both,both,both,both,both,both,both
road_337,both,both,both,both,both,both,both,both,both,both,both,both,both,both,both,both,both,both,both,both,both,both,both,both,both,both,both,both,both,both,both
road_338,both,both,both,both,both,both,both,both,both,both,both,both,both,both,both,both,both,both,both,both,both,both,both,both,both,both,both,both,both,both,both
road_339,both,both,both,both,both,both,both,both,both,both,both,both,both,both,both,both,both,both,both,both,both,both,both,both,both,both,both,both,both,both,both
road_340,both,both,both,both,both,both,both,both,both,both,both,both,both,both,both,both,both,both,both,both,both,both,both,both,both,both,both,both,both,both,both
road_341,both,both,both,both,both,both,both,both,both,both,both,both,both,both,both,both,both,both,both,both,both,both,both,both,both,both,both,both,both,both,both
road_342,both,both,both,both,both,both,both,both,both,both,both,both,both,both,both,both,both,both,both,both,both,both,both,both,both,both,both,both,both,both,both
road_343,both,both,both,both,both,both,both,both,both,both,both,both,both,both,both,both,both,both,both,both,both,both,both,both,both,both,both,both,both,both,both
road_344,both,both,both,both,both,both,both,both,both,both,both,both,both,both,both,both,both,both,both,both,both,both,both,both,both,both,both,both,both,both,both
road_345,both,both,both,both,both,both,both,both,both,both,both,both,both,both,both,both,both,both,both,both,both,both,both,both,both,both,both,both,both,both,both
road_346,both,both,both,both,both,both,both,both,both,both,both,both,both,both,both,both,both,both,both,both,both,both,both,both,both,both,both,both,both,both,both
road_347,both,both,both,both,both,both,both,both,both,both,both,both,both,both,both,both,both,both,both,both,both,both,both,both,both,both,both,both,both,both,both
road_348,both,both,both,both,both,both,both,both,both,both,both,both,both,both,both,both,both,both,both,both,both,both,both,both,both,both,both,both,both,both,both
road_349,both,both,both,both,both,both,both,both,both,both,both,both,both,both,both,both,both,both,both,both,both,both,both,both,both,both,both,both,both,both,both
road_350,both,both,both,both,both,both,both,both,both,both,both,both,both,both,both,both,both,both,both,both,both,both,both,both,both,both,both,both,both,both,both
road_351,both,both,both,both,both,both,both,both,both,both,both,both,both,both,both,both,both,both,both,both,both,both,both,both,both,both,both,both,both,both,both
road_352,both,both,both,both,both,both,both,both,both,both,both,both,both,both,both,both,both,both,both,both,both,both,both,both,both,both,both,both,both,both,both
road_353,both,both,both,both,both,both,both,both,both,both,both,both,both,both,both,both,both,both,both,both,both,both,both,both,both,both,both,both,both,both,both
road_354,both,both,both,both,both,both,both,both,both,both,both,both,both,both,both,both,both,both,both,both,both,both,both,both,both,both,both,both,both,both,both
road_355,both,both,both,both,both,both,both,both,both,both,both,both,both,both,both,both,both,both,both,both,both,both,both,both,both,both,both,both,both,both,both
road_356,both,both,both,both,both,both,both,both,both,both,both,both,both,both,both,both,both,both,both,both,both,both,both,both,both,both,both,both,both,both,both
road_357,both,both,both,both,both,both,both,both,both,both,both,both,both,both,both,both,both,both,both,both,both,both,both,both,both,both,both,both,both,both,both
road_358,both,both,both,both,both,both,both,both,both,both,both,both,both,both,both,both,both,both,both,both,both,both,both,both,both,both,both,both,both,both,both
road_359,both,both,both,both,both,both,both,both,both,both,both,both,both,both,both,both,both,both,both,both,both,both,both,both,both,both,both,both,both,both,both
road_360,both,both,both,both,both,both,both,both,both,both,both,both,both,both,both,both,both,both,both,both,both,both,both,both,both,both,both,both,both,both,both
road_361,both,both,both,both,both,both,both,both,both,both,both,both,both,both,both,both,both,both,both,both,both,both,both,both,both,both,both,both,both,both,both
road_362,both,both,both,both,both,both,both,both,both,both,both,both,both,both,both,both,both,both,both,both,both,both,both,both,both,both,both,both,both,both,both
road_363,both,both,both,both,both,both,both,both,both,both,both,both,both,both,both,both,both,both,both,both,both,both,both,both,both,both,both,both,both,both,both
road_364,both,both,both,both,both,both,both,both,both,both,both,both,both,both,both,both,both,both,both,both,both,both,both,both,both,both,both,both,both,both,both
road_365,both,both,both,both,both,both,both,both,both,both,both,both,both,both,both,both,both,both,both,both,both,both,both,both,both,both,both,both,both,both,both
road_366,both,both,both,both,both,both,both,both,both,both,both,both,both,both,both,both,both,both,both,both,both,both,both,both,both,both,both,both,both,both,both
road_367,both,both,both,both,both,both,both,both,both,both,both,both,both,both,both,both,both,both,both,both,both,both,both,both,both,both,both,both,both,both,both
road_368,both,both,both,both,both,both,both,both,both,both,both,both,both,both,both,both,both,both,both,both,both,both,both,both,both,both,both,both,both,both,both
road_369,both,both,both,both,both,both,both,both,both,both,both,both,both,both,both,both,both,both,both,both,both,both,both,both,both,both,both,both,both,both,both
road_370,both,both,both,both,both,both,both,both,both,both,both,both,both,both,both,both,both,both,both,both,both,both,both,both,both,both,both,both,both,both,both
road_371,both,both,both,both,both,both,both,both,both,both,both,both,both,both,both,both,both,both,both,both,both,both,both,both,both,both,both,both,both,both,both
road_372,both,both,both,both,both,both,both,both,both,both,both,both,both,both,both,both,both,both,both,both,both,both,both,both,both,both,both,both,both,both,both
road_373,both,both,both,both,both,both,both,both,both,both,both,both,both,both,both,both,both,both,both,both,both,both,both,both,both,both,both,both,both,both,both
road_374,both,both,both,both,both,both,both,both,both,both,both,both,both,both,both,both,both,both,both,both,both,both,both,both,both,both,both,both,both,both,both
road_375,both,both,both,both,both,both,both,both,both,both,both,both,both,both,both,both,both,both,both,both,both,both,both,both,both,both,both,both,both,both,both
road_376,both,both,both,both,both,both,both,both,both,both,both,both,both,both,both,both,both,both,both,both,both,both,both,both,both,both,both,both,both,both,both
road_377,both,both,both,both,both,both,both,both,both,both,both,both,both,both,both,both,both,both,both,both,both,both,both,both,both,both,both,both,both,both,both
road_378,both,both,both,both,both,both,both,both,both,both,both,both,both,both,both,both,both,both,both,both,both,both,both,both,both,both,both,both,both,both,both
road_379,both,both,both,both,both,both,both,both,both,both,both,both,both,both,both,both,both,both,both,both,both,both,both,both,both,both,both,both,both,both,both
road_380,both,both,both,both,both,both,both,both,both,both,both,both,both,both,both,both,both,both,both,both,both,both,both,both,both,both,both,both,both,both,both
road_381,both,both,both,both,both,both,both,both,both,both,both,both,both,both,both,both,both,both,both,both,both,both,both,both,both,both,both,both,both,both,both
road_382,both,both,both,both,both,both,both,both,both,both,both,both,both,both,both,both,both,both,both,both,both,both,both,both,both,both,both,both,both,both,both
road_383,both,both,both,both,both,both,both,both,both,both,both,both,both,both,both,both,both,both,both,both,both,both,both,both,both,both,both,both,both,both,both
road_384,both,both,both,both,both,both,both,both,both,both,both,both,both,both,both,both,both,both,both,both,both,both,both,both,both,both,both,both,both,both,both
road_385,both,both,both,both,both,both,both,both,both,both,both,both,both,both,both,both,both,both,both,both,both,both,both,both,both,both,both,both,both,both,both
road_386,both,both,both,both,both,both,both,both,both,both,both,both,both,both,both,both,both,both,both,both,both,both,both,both,both,both,both,both,both,both,both
road_387,both,both,both,both,both,both,both,both,both,both,both,both,both,both,both,both,both,both,both,both,both,both,both,both,both,both,both,both,both,both,both
road_388,both,both,both,both,both,both,both,both,both,both,both,both,both,both,both,both,both,both,both,both,both,both,both,both,both,both,both,both,both,both,both
road_389,both,both,both,both,both,both,both,both,both,both,both,both,both,both,both,both,both,both,both,both,both,both,both,both,both,both,both,both,both,both,both
road_390,both,both,both,both,both,both,both,both,both,both,both,both,both,both,both,both,both,both,both,both,both,both,both,both,both,both,both,both,both,both,both
road_391,both,both,both,both,both,both,both,both,both,both,both,both,both,both,both,both,both,both,both,both,both,both,both,both,both,both,both,both,both,both,both
road_392,both,both,both,both,both,both,both,both,both,both,both,both,both,both,both,both,both,both,both,both,both,both,both,both,both,both,both,both,both,both,both
road_393,both,both,both,both,both,both,both,both,both,both,both,both,both,both,both,both,both,both,both,both,both,both,both,both,both,both,both,both,both,both,both
road_394,both,both,both,both,both,both,both,both,both,both,both,both,both,both,both,both,both,both,both,both,both,both,both,both,both,both,both,both,both,both,both
road_395,both,both,both,both,both,both,both,both,both,both,both,both,both,both,both,both,both,both,both,both,both,both,both,both,both,both,both,both,both,both,both
road_396,both,both,both,both,both,both,both,both,both,both,both,both,both,both,both,both,both,both,both,both,both,both,both,both,both,both,both,both,both,both,both
road_397,both,both,both,both,both,both,both,both,both,both,both,both,both,both,both,both,both,both,both,both,both,both,both,both,both,both,both,both,both,both,both
road_398,both,both,both,both,both,both,both,both,both,both,both,both,both,both,both,both,both,both,both,both,both,both,both,both,both,both,both,both,both,both,both
road_399,both,both,both,both,both,both,both,both,both,both,both,both,both,both,both,both,both,both,both,both,both,both,both,both,both,both,both,both,both,both,both
road_400,both,both,both,both,both,both,both,both,both,both,both,both,both,both,both,both,both,both,both,both,both,both,both,both,both,both,both,both,both,both,both
road_401,both,both,both,both,both,both,both,both,both,both,both,both,both,both,both,both,both,both,both,both,both,both,both,both,both,both,both,both,both,both,both
road_402,both,both,both,both,both,both,both,both,both,both,both,both,both,both,both,both,both,both,both,both,both,both,both,both,both,both,both,both,both,both,both
road_403,both,both,both,both,both,both,both,both,both,both,both,both,both,both,both,both,both,both,both,both,both,both,both,both,both,both,both,both,both,both,both
road_404,both,both,both,both,both,both,both,both,both,both,both,both,both,both,both,both,both,both,both,both,both,both,both,both,both,both,both,both,both,both,both
road_405,both,both,both,both,both,both,both,both,both,both,both,both,both,both,both,both,both,both,both,both,both,both,both,both,both,both,both,both,both,both,both
road_406,both,both,both,both,both,both,both,both,both,both,both,both,both,both,both,both,both,both,both,both,both,both,both,both,both,both,both,both,both,both,both
road_407,both,both,both,both,both,both,both,both,both,both,both,both,both,both,both,both,both,both,both,both,both,both,both,both,both,both,both,both,both,both,both
road_408,both,both,both,both,both,both,both,both,both,both,both,both,both,both,both,both,both,both,both,both,both,both,both,both,both,both,both,both,both,both,both
road_409,both,both,both,both,both,both,both,both,both,both,both,both,both,both,both,both,both,both,both,both,both,both,both,both,both,both,both,both,both,both,both
road_410,both,both,both,both,both,both,both,both,both,both,both,both,both,both,both,both,both,both,both,both,both,both,both,both,both,both,both,both,both,both,both
road_411,both,both,both,both,both,both,both,both,both,both,both,both,both,both,both,both,both,both,both,both,both,both,both,both,both,both,both,both,both,both,both
road_412,both,both,both,both,both,both,both,both,both,both,both,both,both,both,both,both,both,both,both,both,both,both,both,both,both,both,both,both,both,both,both
road_413,both,both,both,both,both,both,both,both,both,both,both,both,both,both,both,both,both,both,both,both,both,both,both,both,both,both,both,both,both,both,both
road_414,both,both,both,both,both,both,both,both,both,both,both,both,both,both,both,both,both,both,both,both,both,both,both,both,both,both,both,both,both,both,both
road_415,both,both,both,both,both,both,both,both,both,both,both,both,both,both,both,both,both,both,both,both,both,both,both,both,both,both,both,both,both,both,both
road_416,both,both,both,both,both,both,both,both,both,both,both,both,both,both,both,both,both,both,both,both,both,both,both,both,both,both,both,both,both,both,both
road_417,both,both,both,both,both,both,both,both,both,both,both,both,both,both,both,both,both,both,both,both,both,both,both,both,both,both,both,both,both,both,both
road_418,both,both,both,both,both,both,both,both,both,both,both,both,both,both,both,both,both,both,both,both,both,both,both,both,both,both,both,both,both,both,both
road_419,both,both,both,both,both,both,both,both,both,both,both,both,both,both,both,both,both,both,both,both,both,both,both,both,both,both,both,both,both,both,both
road_420,both,both,both,both,both,both,both,both,both,both,both,both,both,both,both,both,both,both,both,both,both,both,both,both,both,both,both,both,both,both,both
road_421,both,both,both,both,both,both,both,both,both,both,both,both,both,both,both,both,both,both,both,both,both,both,both,both,both,both,both,both,both,both,both
road_422,both,both,both,both,both,both,both,both,both,both,both,both,both,both,both,both,both,both,both,both,both,both,both,both,both,both,both,both,both,both,both
road_423,both,both,both,both,both,both,both,both,both,both,both,both,both,both,both,both,both,both,both,both,both,both,both,both,both,both,both,both,both,both,both
road_424,both,both,both,both,both,both,both,both,both,both,both,both,both,both,both,both,both,both,both,both,both,both,both,both,both,both,both,both,both,both,both
road_425,both,both,both,both,both,both,both,both,both,both,both,both,both,both,both,both,both,both,both,both,both,both,both,both,both,both,both,both,both,both,both
road_426,both,both,both,both,both,both,both,both,both,both,both,both,both,both,both,both,both,both,both,both,both,both,both,both,both,both,both,both,both,both,both
road_427,both,both,both,both,both,both,both,both,both,both,both,both,both,both,both,both,both,both,both,both,both,both,both,both,both,both,both,both,both,both,both
road_428,both,both,both,both,both,both,both,both,both,both,both,both,both,both,both,both,both,both,both,both,both,both,both,both,both,both,both,both,both,both,both
road_429,both,both,both,both,both,both,both,both,both,both,both,both,both,both,both,both,both,both,both,both,both,both,both,both,both,both,both,both,both,both,both
road_430,both,both,both,both,both,both,both,both,both,both,both,both,both,both,both,both,both,both,both,both,both,both,both,both,both,both,both,both,both,both,both
road_431,both,both,both,both,both,both,both,both,both,both,both,both,both,both,both,both,both,both,both,both,both,both,both,both,both,both,both,both,both,both,both
road_432,both,both,both,both,both,both,both,both,both,both,both,both,both,both,both,both,both,both,both,both,both,both,both,both,both,both,both,both,both,both,both
road_433,both,both,both,both,both,both,both,both,both,both,both,both,both,both,both,both,both,both,both,both,both,both,both,both,both,both,both,both,both,both,both
road_434,both,both,both,both,both,both,both,both,both,both,both,both,both,both,both,both,both,both,both,both,both,both,both,both,both,both,both,both,both,both,both
road_435,both,both,both,both,both,both,both,both,both,both,both,both,both,both,both,both,both,both,both,both,both,both,both,both,both,both,both,both,both,both,both
road_436,both,both,both,both,both,both,both,both,both,both,both,both,both,both,both,both,both,both,both,both,both,both,both,both,both,both,both,both,both,both,both
road_437,both,both,both,both,both,both,both,both,both,both,both,both,both,both,both,both,both,both,both,both,both,both,both,both,both,both,both,both,both,both,both
road_438,both,both,both,both,both,both,both,both,both,both,both,both,both,both,both,both,both,both,both,both,both,both,both,both,both,both,both,both,both,both,both
road_439,both,both,both,both,both,both,both,both,both,both,both,both,both,both,both,both,both,both,both,both,both,both,both,both,both,both,both,both,both,both,both
road_440,both,both,both,both,both,both,both,both,both,both,both,both,both,both,both,both,both,both,both,both,both,both,both,both,both,both,both,both,both,both,both
road_441,both,both,both,both,both,both,both,both,both,both,both,both,both,both,both,both,both,both,both,both,both,both,both,both,both,both,both,both,both,both,both
road_442,both,both,both,both,both,both,both,both,both,both,both,both,both,both,both,both,both,both,both,both,both,both,both,both,both,both,both,both,both,both,both
road_443,both,both,both,both,both,both,both,both,both,both,both,both,both,both,both,both,both,both,both,both,both,both,both,both,both,both,both,both,both,both,both
road_444,both,both,both,both,both,both,both,both,both,both,both,both,both,both,both,both,both,both,both,both,both,both,both,both,both,both,both,both,both,both,both
road_445,both,both,both,both,both,both,both,both,both,both,both,both,both,both,both,both,both,both,both,both,both,both,both,both,both,both,both,both,both,both,both
road_446,both,both,both,both,both,both,both,both,both,both,both,both,both,both,both,both,both,both,both,both,both,both,both,both,both,both,both,both,both,both,both
road_447,both,both,both,both,both,both,both,both,both,both,both,both,both,both,both,both,both,both,both,both,both,both,both,both,both,both,both,both,both,both,both
road_448,both,both,both,both,both,both,both,both,both,both,both,both,both,both,both,both,both,both,both,both,both,both,both,both,both,both,both,both,both,both,both
road_449,both,both,both,both,both,both,both,both,both,both,both,both,both,both,both,both,both,both,both,both,both,both,both,both,both,both,both,both,both,both,both
road_450,both,both,both,both,both,both,both,both,both,both,both,both,both,both,both,both,both,both,both,both,both,both,both,both,both,both,both,both,both,both,both
road_451,both,both,both,both,both,both,both,both,both,both,both,both,both,both,both,both,both,both,both,both,both,both,both,both,both,both,both,both,both,both,both
road_452,both,both,both,both,both,both,both,both,both,both,both,both,both,both,both,both,both,both,both,both,both,both,both,both,both,both,both,both,both,both,both
road_453,both,both,both,both,both,both,both,both,both,both,both,both,both,both,both,both,both,both,both,both,both,both,both,both,both,both,both,both,both,both,both
road_454,both,both,both,both,both,both,both,both,both,both,both,both,both,both,both,both,both,both,both,both,both,both,both,both,both,both,both,both,both,both,both
road_455,both,both,both,both,both,both,both,both,both,both,both,both,both,both,both,both,both,both,both,both,both,both,both,both,both,both,both,both,both,both,both
road_456,both,both,both,both,both,both,both,both,both,both,both,both,both,both,both,both,both,both,both,both,both,both,both,both,both,both,both,both,both,both,both
road_457,both,both,both,both,both,both,both,both,both,both,both,both,both,both,both,both,both,both,both,both,both,both,both,both,both,both,both,both,both,both,both
road_458,both,both,both,both,both,both,both,both,both,both,both,both,both,both,both,both,both,both,both,both,both,both,both,both,both,both,both,both,both,both,both
road_459,both,both,both,both,both,both,both,both,both,both,both,both,both,both,both,both,both,both,both,both,both,both,both,both,both,both,both,both,both,both,both
road_460,both,both,both,both,both,both,both,both,both,both,both,both,both,both,both,both,both,both,both,both,both,both,both,both,both,both,both,both,both,both,both
road_461,both,both,both,both,both,both,both,both,both,both,both,both,both,both,both,both,both,both,both,both,both,both,both,both,both,both,both,both,both,both,both
road_462,both,both,both,both,both,both,both,both,both,both,both,both,both,both,both,both,both,both,both,both,both,both,both,both,both,both,both,both,both,both,both
road_463,both,both,both,both,both,both,both,both,both,both,both,both,both,both,both,both,both,both,both,both,both,both,both,both,both,both,both,both,both,both,both
road_464,both,both,both,both,both,both,both,both,both,both,both,both,both,both,both,both,both,both,both,both,both,both,both,both,both,both,both,both,both,both,both
road_465,both,both,both,both,both,both,both,both,both,both,both,both,both,both,both,both,both,both,both,both,both,both,both,both,both,both,both,both,both,both,both
road_466,both,both,both,both,both,both,both,both,both,both,both,both,both,both,both,both,both,both,both,both,both,both,both,both,both,both,both,both,both,both,both
road_467,both,both,both,both,both,both,both,both,both,both,both,both,both,both,both,both,both,both,both,both,both,both,both,both,both,both,both,both,both,both,both
road_468,both,both,both,both,both,both,both,both,both,both,both,both,both,both,both,both,both,both,both,both,both,both,both,both,both,both,both,both,both,both,both
road_469,both,both,both,both,both,both,both,both,both,both,both,both,both,both,both,both,both,both,both,both,both,both,both,both,both,both,both,both,both,both,both
road_470,both,both,both,both,both,both,both,both,both,both,both,both,both,both,both,both,both,both,both,both,both,both,both,both,both,both,both,both,both,both,both
road_471,both,both,both,both,both,both,both,both,both,both,both,both,both,both,both,both,both,both,both,both,both,both,both,both,both,both,both,both,both,both,both
road_472,both,both,both,both,both,both,both,both,both,both,both,both,both,both,both,both,both,both,both,both,both,both,both,both,both,both,both,both,both,both,both
road_473,both,both,both,both,both,both,both,both,both,both,both,both,both,both,both,both,both,both,both,both,both,both,both,both,both,both,both,both,both,both,both
road_474,both,both,both,both,both,both,both,both,both,both,both,both,both,both,both,both,both,both,both,both,both,both,both,both,both,both,both,both,both,both,both
road_475,both,both,both,both,both,both,both,both,both,both,both,both,both,both,both,both,both,both,both,both,both,both,both,both,both,both,both,both,both,both,both
road_476,both,both,both,both,both,both,both,both,both,both,both,both,both,both,both,both,both,both,both,both,both,both,both,both,both,both,both,both,both,both,both
road_477,both,both,both,both,both,both,both,both,both,both,both,both,both,both,both,both,both,both,both,both,both,both,both,both,both,both,both,both,both,both,both
road_478,both,both,both,both,both,both,both,both,both,both,both,both,both,both,both,both,both,both,both,both,both,both,both,both,both,both,both,both,both,both,both
road_479,both,both,both,both,both,both,both,both,both,both,both,both,both,both,both,both,both,both,both,both,both,both,both,both,both,both,both,both,both,both,both
road_480,both,both,both,both,both,both,both,both,both,both,both,both,both,both,both,both,both,both,both,both,both,both,both,both,both,both,both,both,both,both,both
road_481,both,both,both,both,both,both,both,both,both,both,both,both,both,both,both,both,both,both,both,both,both,both,both,both,both,both,both,both,both,both,both
road_482,both,both,both,both,both,both,both,both,both,both,both,both,both,both,both,both,both,both,both,both,both,both,both,both,both,both,both,both,both,both,both
road_483,both,both,both,both,both,both,both,both,both,both,both,both,both,both,both,both,both,both,both,both,both,both,both,both,both,both,both,both,both,both,both
road_484,both,both,both,both,both,both,both,both,both,both,both,both,both,both,both,both,both,both,both,both,both,both,both,both,both,both,both,both,both,both,both
road_485,both,both,both,both,both,both,both,both,both,both,both,both,both,both,both,both,both,both,both,both,both,both,both,both,both,both,both,both,both,both,both
road_486,both,both,both,both,both,both,both,both,both,both,both,both,both,both,both,both,both,both,both,both,both,both,both,both,both,both,both,both,both,both,both
road_487,both,both,both,both,both,both,both,both,both,both,both,both,both,both,both,both,both,both,both,both,both,both,both,both,both,both,both,both,both,both,both
road_488,both,both,both,both,both,both,both,both,both,both,both,both,both,both,both,both,both,both,both,both,both,both,both,both,both,both,both,both,both,both,both
road_489,both,both,both,both,both,both,both,both,both,both,both,both,both,both,both,both,both,both,both,both,both,both,both,both,both,both,both,both,both,both,both
road_490,both,both,both,both,both,both,both,both,both,both,both,both,both,both,both,both,both,both,both,both,both,both,both,both,both,both,both,both,both,both,both
road_491,both,both,both,both,both,both,both,both,both,both,both,both,both,both,both,both,both,both,both,both,both,both,both,both,both,both,both,both,both,both,both
road_492,both,both,both,both,both,both,both,both,both,both,both,both,both,both,both,both,both,both,both,both,both,both,both,both,both,both,both,both,both,both,both
road_493,both,both,both,both,both,both,both,both,both,both,both,both,both,both,both,both,both,both,both,both,both,both,both,both,both,both,both,both,both,both,both
road_494,both,both,both,both,both,both,both,both,both,both,both,both,both,both,both,both,both,both,both,both,both,both,both,both,both,both,both,both,both,both,both
road_495,both,both,both,both,both,both,both,both,both,both,both,both,both,both,both,both,both,both,both,both,both,both,both,both,both,both,both,both,both,both,both
road_496,both,both,both,both,both,both,both,both,both,both,both,both,both,both,both,both,both,both,both,both,both,both,both,both,both,both,both,both,both,both,both
road_497,both,both,both,both,both,both,both,both,both,both,both,both,both,both,both,both,both,both,both,both,both,both,both,both,both,both,both,both,both,both,both
road_498,both,both,both,both,both,both,both,both,both,both,both,both,both,both,both,both,both,both,both,both,both,both,both,both,both,both,both,both,both,both,both
road_499,both,both,both,both,both,both,both,both,both,both,both,both,both,both,both,both,both,both,both,both,both,both,both,both,both,both,both,both,both,both,both
road_500,both,both,both,both,both,both,both,both,both,both,both,both,both,both,both,both,both,both,both,both,both,both,both,both,both,both,both,both,both,both,both
road_501,both,both,both,both,both,both,both,both,both,both,both,both,both,both,both,both,both,both,both,both,both,both,both,both,both,both,both,both,both,both,both
road_502,both,both,both,both,both,both,both,both,both,both,both,both,both,both,both,both,both,both,both,both,both,both,both,both,both,both,both,both,both,both,both
road_503,both,both,both,both,both,both,both,both,both,both,both,both,both,both,both,both,both,both,both,both,both,both,both,both,both,both,both,both,both,both,both
road_504,both,both,both,both,both,both,both,both,both,both,both,both,both,both,both,both,both,both,both,both,both,both,both,both,both,both,both,both,both,both,both
road_505,both,both,both,both,both,both,both,both,both,both,both,both,both,both,both,both,both,both,both,both,both,both,both,both,both,both,both,both,both,both,both
road_506,both,both,both,both,both,both,both,both,both,both,both,both,both,both,both,both,both,both,both,both,both,both,both,both,both,both,both,both,both,both,both
road_507,both,both,both,both,both,both,both,both,both,both,both,both,both,both,both,both,both,both,both,both,both,both,both,both,both,both,both,both,both,both,both
road_508,both,both,both,both,both,both,both,both,both,both,both,both,both,both,both,both,both,both,both,both,both,both,both,both,both,both,both,both,both,both,both
road_509,both,both,both,both,both,both,both,both,both,both,both,both,both,both,both,both,both,both,both,both,both,both,both,both,both,both,both,both,both,both,both
road_510,both,both,both,both,both,both,both,both,both,both,both,both,both,both,both,both,both,both,both,both,both,both,both,both,both,both,both,both,both,both,both
road_511,both,both,both,both,both,both,both,both,both,both,both,both,both,both,both,both,both,both,both,both,both,both,both,both,both,both,both,both,both,both,both
road_512,both,both,both,both,both,both,both,both,both,both,both,both,both,both,both,both,both,both,both,both,both,both,both,both,both,both,both,both,both,both,both
road_513,both,both,both,both,both,both,both,both,both,both,both,both,both,both,both,both,both,both,both,both,both,both,both,both,both,both,both,both,both,both,both
road_514,both,both,both,both,both,both,both,both,both,both,both,both,both,both,both,both,both,both,both,both,both,both,both,both,both,both,both,both,both,both,both
road_515,both,both,both,both,both,both,both,both,both,both,both,both,both,both,both,both,both,both,both,both,both,both,both,both,both,both,both,both,both,both,both
road_516,both,both,both,both,both,both,both,both,both,both,both,both,both,both,both,both,both,both,both,both,both,both,both,both,both,both,both,both,both,both,both
road_517,both,both,both,both,both,both,both,both,both,both,both,both,both,both,both,both,both,both,both,both,both,both,both,both,both,both,both,both,both,both,both
road_518,both,both,both,both,both,both,both,both,both,both,both,both,both,both,both,both,both,both,both,both,both,both,both,both,both,both,both,both,both,both,both
road_519,both,both,both,both,both,both,both,both,both,both,both,both,both,both,both,both,both,both,both,both,both,both,both,both,both,both,both,both,both,both,both
road_520,both,both,both,both,both,both,both,both,both,both,both,both,both,both,both,both,both,both,both,both,both,both,both,both,both,both,both,both,both,both,both
road_521,both,both,both,both,both,both,both,both,both,both,both,both,both,both,both,both,both,both,both,both,both,both,both,both,both,both,both,both,both,both,both
road_522,both,both,both,both,both,both,both,both,both,both,both,both,both,both,both,both,both,both,both,both,both,both,both,both,both,both,both,both,both,both,both
road_523,both,both,both,both,both,both,both,both,both,both,both,both,both,both,both,both,both,both,both,both,both,both,both,both,both,both,both,both,both,both,both
road_524,both,both,both,both,both,both,both,both,both,both,both,both,both,both,both,both,both,both,both,both,both,both,both,both,both,both,both,both,both,both,both
road_525,both,both,both,both,both,both,both,both,both,both,both,both,both,both,both,both,both,both,both,both,both,both,both,both,both,both,both,both,both,both,both
road_526,both,both,both,both,both,both,both,both,both,both,both,both,both,both,both,both,both,both,both,both,both,both,both,both,both,both,both,both,both,both,both
road_527,both,both,both,both,both,both,both,both,both,both,both,both,both,both,both,both,both,both,both,both,both,both,both,both,both,both,both,both,both,both,both
road_528,both,both,both,both,both,both,both,both,both,both,both,both,both,both,both,both,both,both,both,both,both,both,both,both,both,both,both,both,both,both,both
road_529,both,both,both,both,both,both,both,both,both,both,both,both,both,both,both,both,both,both,both,both,both,both,both,both,both,both,both,both,both,both,both
road_530,both,both,both,both,both,both,both,both,both,both,both,both,both,both,both,both,both,both,both,both,both,both,both,both,both,both,both,both,both,both,both
road_531,both,both,both,both,both,both,both,both,both,both,both,both,both,both,both,both,both,both,both,both,both,both,both,both,both,both,both,both,both,both,both
road_532,both,both,both,both,both,both,both,both,both,both,both,both,both,both,both,both,both,both,both,both,both,both,both,both,both,both,both,both,both,both,both
road_533,both,both,both,both,both,both,both,both,both,both,both,both,both,both,both,both,both,both,both,both,both,both,both,both,both,both,both,both,both,both,both
road_534,both,both,both,both,both,both,both,both,both,both,both,both,both,both,both,both,both,both,both,both,both,both,both,both,both,both,both,both,both,both,both
road_535,both,both,both,both,both,both,both,both,both,both,both,both,both,both,both,both,both,both,both,both,both,both,both,both,both,both,both,both,both,both,both
road_536,both,both,both,both,both,both,both,both,both,both,both,both,both,both,both,both,both,both,both,both,both,both,both,both,both,both,both,both,both,both,both
road_537,both,both,both,both,both,both,both,both,both,both,both,both,both,both,both,both,both,both,both,both,both,both,both,both,both,both,both,both,both,both,both
road_538,both,both,both,both,both,both,both,both,both,both,both,both,both,both,both,both,both,both,both,both,both,both,both,both,both,both,both,both,both,both,both
road_539,both,both,both,both,both,both,both,both,both,both,both,both,both,both,both,both,both,both,both,both,both,both,both,both,both,both,both,both,both,both,both
road_540,both,both,both,both,both,both,both,both,both,both,both,both,both,both,both,both,both,both,both,both,both,both,both,both,both,both,both,both,both,both,both
road_541,both,both,both,both,both,both,both,both,both,both,both,both,both,both,both,both,both,both,both,both,both,both,both,both,both,both,both,both,both,both,both
road_542,both,both,both,both,both,both,both,both,both,both,both,both,both,both,both,both,both,both,both,both,both,both,both,both,both,both,both,both,both,both,both
road_543,both,both,both,both,both,both,both,both,both,both,both,both,both,both,both,both,both,both,both,both,both,both,both,both,both,both,both,both,both,both,both
road_544,both,both,both,both,both,both,both,both,both,both,both,both,both,both,both,both,both,both,both,both,both,both,both,both,both,both,both,both,both,both,both
road_545,both,both,both,both,both,both,both,both,both,both,both,both,both,both,both,both,both,both,both,both,both,both,both,both,both,both,both,both,both,both,both
road_546,both,both,both,both,both,both,both,both,both,both,both,both,both,both,both,both,both,both,both,both,both,both,both,both,both,both,both,both,both,both,both
road_547,both,both,both,both,both,both,both,both,both,both,both,both,both,both,both,both,both,both,both,both,both,both,both,both,both,both,both,both,both,both,both
road_548,both,both,both,both,both,both,both,both,both,both,both,both,both,both,both,both,both,both,both,both,both,both,both,both,both,both,both,both,both,both,both
road_549,both,both,both,both,both,both,both,both,both,both,both,both,both,both,both,both,both,both,both,both,both,both,both,both,both,both,both,both,both,both,both
road_550,both,both,both,both,both,both,both,both,both,both,both,both,both,both,both,both,both,both,both,both,both,both,both,both,both,both,both,both,both,both,both
road_551,both,both,both,both,both,both,both,both,both,both,both,both,both,both,both,both,both,both,both,both,both,both,both,both,both,both,both,both,both,both,both
road_552,both,both,both,both,both,both,both,both,both,both,both,both,both,both,both,both,both,both,both,both,both,both,both,both,both,both,both,both,both,both,both
road_553,both,both,both,both,both,both,both,both,both,both,both,both,both,both,both,both,both,both,both,both,both,both,both,both,both,both,both,both,both,both,both
road_554,both,both,both,both,both,both,both,both,both,both,both,both,both,both,both,both,both,both,both,both,both,both,both,both,both,both,both,both,both,both,both
road_555,both,both,both,both,both,both,both,both,both,both,both,both,both,both,both,both,both,both,both,both,both,both,both,both,both,both,both,both,both,both,both
road_556,both,both,both,both,both,both,both,both,both,both,both,both,both,both,both,both,both,both,both,both,both,both,both,both,both,both,both,both,both,both,both
road_557,both,both,both,both,both,both,both,both,both,both,both,both,both,both,both,both,both,both,both,both,both,both,both,both,both,both,both,both,both,both,both
road_558,both,both,both,both,both,both,both,both,both,both,both,both,both,both,both,both,both,both,both,both,both,both,both,both,both,both,both,both,both,both,both
road_559,both,both,both,both,both,both,both,both,both,both,both,both,both,both,both,both,both,both,both,both,both,both,both,both,both,both,both,both,both,both,both
road_560,both,both,both,both,both,both,both,both,both,both,both,both,both,both,both,both,both,both,both,both,both,both,both,both,both,both,both,both,both,both,both
road_561,both,both,both,both,both,both,both,both,both,both,both,both,both,both,both,both,both,both,both,both,both,both,both,both,both,both,both,both,both,both,both
road_562,both,both,both,both,both,both,both,both,both,both,both,both,both,both,both,both,both,both,both,both,both,both,both,both,both,both,both,both,both,both,both
road_563,both,both,both,both,both,both,both,both,both,both,both,both,both,both,both,both,both,both,both,both,both,both,both,both,both,both,both,both,both,both,both
road_564,both,both,both,both,both,both,both,both,both,both,both,both,both,both,both,both,both,both,both,both,both,both,both,both,both,both,both,both,both,both,both
road_565,both,both,both,both,both,both,both,both,both,both,both,both,both,both,both,both,both,both,both,both,both,both,both,both,both,both,both,both,both,both,both
road_566,both,both,both,both,both,both,both,both,both,both,both,both,both,both,both,both,both,both,both,both,both,both,both,both,both,both,both,both,both,both,both
road_567,both,both,both,both,both,both,both,both,both,both,both,both,both,both,both,both,both,both,both,both,both,both,both,both,both,both,both,both,both,both,both
road_568,both,both,both,both,both,both,both,both,both,both,both,both,both,both,both,both,both,both,both,both,both,both,both,both,both,both,both,both,both,both,both
road_569,both,both,both,both,both,both,both,both,both,both,both,both,both,both,both,both,both,both,both,both,both,both,both,both,both,both,both,both,both,both,both
road_570,both,both,both,both,both,both,both,both,both,both,both,both,both,both,both,both,both,both,both,both,both,both,both,both,both,both,both,both,both,both,both
road_571,both,both,both,both,both,both,both,both,both,both,both,both,both,both,both,both,both,both,both,both,both,both,both,both,both,both,both,both,both,both,both
road_572,both,both,both,both,both,both,both,both,both,both,both,both,both,both,both,both,both,both,both,both,both,both,both,both,both,both,both,both,both,both,both
road_573,both,both,both,both,both,both,both,both,both,both,both,both,both,both,both,both,both,both,both,both,both,both,both,both,both,both,both,both,both,both,both
road_574,both,both,both,both,both,both,both,both,both,both,both,both,both,both,both,both,both,both,both,both,both,both,both,both,both,both,both,both,both,both,both
road_575,both,both,both,both,both,both,both,both,both,both,both,both,both,both,both,both,both,both,both,both,both,both,both,both,both,both,both,both,both,both,both
road_576,both,both,both,both,both,both,both,both,both,both,both,both,both,both,both,both,both,both,both,both,both,both,both,both,both,both,both,both,both,both,both
road_577,both,both,both,both,both,both,both,both,both,both,both,both,both,both,both,both,both,both,both,both,both,both,both,both,both,both,both,both,both,both,both
road_578,both,both,both,both,both,both,both,both,both,both,both,both,both,both,both,both,both,both,both,both,both,both,both,both,both,both,both,both,both,both,both
road_579,both,both,both,both,both,both,both,both,both,both,both,both,both,both,both,both,both,both,both,both,both,both,both,both,both,both,both,both,both,both,both
road_580,both,both,both,both,both,both,both,both,both,both,both,both,both,both,both,both,both,both,both,both,both,both,both,both,both,both,both,both,both,both,both
road_581,both,both,both,both,both,both,both,both,both,both,both,both,both,both,both,both,both,both,both,both,both,both,both,both,both,both,both,both,both,both,both
road_582,both,both,both,both,both,both,both,both,both,both,both,both,both,both,both,both,both,both,both,both,both,both,both,both,both,both,both,both,both,both,both
road_583,both,both,both,both,both,both,both,both,both,both,both,both,both,both,both,both,both,both,both,both,both,both,both,both,both,both,both,both,both,both,both
road_584,both,both,both,both,both,both,both,both,both,both,both,both,both,both,both,both,both,both,both,both,both,both,both,both,both,both,both,both,both,both,both
road_585,both,both,both,both,both,both,both,both,both,both,both,both,both,both,both,both,both,both,both,both,both,both,both,both,both,both,both,both,both,both,both
road_586,both,both,both,both,both,both,both,both,both,both,both,both,both,both,both,both,both,both,both,both,both,both,both,both,both,both,both,both,both,both,both
road_587,both,both,both,both,both,both,both,both,both,both,both,both,both,both,both,both,both,both,both,both,both,both,both,both,both,both,both,both,both,both,both
road_588,both,both,both,both,both,both,both,both,both,both,both,both,both,both,both,both,both,both,both,both,both,both,both,both,both,both,both,both,both,both,both
road_589,both,both,both,both,both,both,both,both,both,both,both,both,both,both,both,both,both,both,both,both,both,both,both,both,both,both,both,both,both,both,both
road_590,both,both,both,both,both,both,both,both,both,both,both,both,both,both,both,both,both,both,both,both,both,both,both,both,both,both,both,both,both,both,both
road_591,both,both,both,both,both,both,both,both,both,both,both,both,both,both,both,both,both,both,both,both,both,both,both,both,both,both,both,both,both,both,both
road_592,both,both,both,both,both,both,both,both,both,both,both,both,both,both,both,both,both,both,both,both,both,both,both,both,both,both,both,both,both,both,both
road_593,both,both,both,both,both,both,both,both,both,both,both,both,both,both,both,both,both,both,both,both,both,both,both,both,both,both,both,both,both,both,both
road_594,both,both,both,both,both,both,both,both,both,both,both,both,both,both,both,both,both,both,both,both,both,both,both,both,both,both,both,both,both,both,both
road_595,both,both,both,both,both,both,both,both,both,both,both,both,both,both,both,both,both,both,both,both,both,both,both,both,both,both,both,both,both,both,both
road_596,both,both,both,both,both,both,both,both,both,both,both,both,both,both,both,both,both,both,both,both,both,both,both,both,both,both,both,both,both,both,both
road_597,both,both,both,both,both,both,both,both,both,both,both,both,both,both,both,both,both,both,both,both,both,both,both,both,both,both,both,both,both,both,both
road_598,both,both,both,both,both,both,both,both,both,both,both,both,both,both,both,both,both,both,both,both,both,both,both,both,both,both,both,both,both,both,both
road_599,both,both,both,both,both,both,both,both,both,both,both,both,both,both,both,both,both,both,both,both,both,both,both,both,both,both,both,both,both,both,both
road_600,both,both,both,both,both,both,both,both,both,both,both,both,both,both,both,both,both,both,both,both,both,both,both,both,both,both,both,both,both,both,both
road_601,both,both,both,both,both,both,both,both,both,both,both,both,both,both,both,both,both,both,both,both,both,both,both,both,both,both,both,both,both,both,both
road_602,both,both,both,both,both,both,both,both,both,both,both,both,both,both,both,both,both,both,both,both,both,both,both,both,both,both,both,both,both,both,both
road_603,both,both,both,both,both,both,both,both,both,both,both,both,both,both,both,both,both,both,both,both,both,both,both,both,both,both,both,both,both,both,both
road_604,both,both,both,both,both,both,both,both,both,both,both,both,both,both,both,both,both,both,both,both,both,both,both,both,both,both,both,both,both,both,both
road_605,both,both,both,both,both,both,both,both,both,both,both,both,both,both,both,both,both,both,both,both,both,both,both,both,both,both,both,both,both,both,both
road_606,both,both,both,both,both,both,both,both,both,both,both,both,both,both,both,both,both,both,both,both,both,both,both,both,both,both,both,both,both,both,both
road_607,both,both,both,both,both,both,both,both,both,both,both,both,both,both,both,both,both,both,both,both,both,both,both,both,both,both,both,both,both,both,both
road_608,both,both,both,both,both,both,both,both,both,both,both,both,both,both,both,both,both,both,both,both,both,both,both,both,both,both,both,both,both,both,both
road_609,both,both,both,both,both,both,both,both,both,both,both,both,both,both,both,both,both,both,both,both,both,both,both,both,both,both,both,both,both,both,both
road_610,both,both,both,both,both,both,both,both,both,both,both,both,both,both,both,both,both,both,both,both,both,both,both,both,both,both,both,both,both,both,both
road_611,both,both,both,both,both,both,both,both,both,both,both,both,both,both,both,both,both,both,both,both,both,both,both,both,both,both,both,both,both,both,both
road_612,both,both,both,both,both,both,both,both,both,both,both,both,both,both,both,both,both,both,both,both,both,both,both,both,both,both,both,both,both,both,both
road_613,both,both,both,both,both,both,both,both,both,both,both,both,both,both,both,both,both,both,both,both,both,both,both,both,both,both,both,both,both,both,both
road_614,both,both,both,both,both,both,both,both,both,both,both,both,both,both,both,both,both,both,both,both,both,both,both,both,both,both,both,both,both,both,both
road_615,both,both,both,both,both,both,both,both,both,both,both,both,both,both,both,both,both,both,both,both,both,both,both,both,both,both,both,both,both,both,both
road_616,both,both,both,both,both,both,both,both,both,both,both,both,both,both,both,both,both,both,both,both,both,both,both,both,both,both,both,both,both,both,both
road_617,both,both,both,both,both,both,both,both,both,both,both,both,both,both,both,both,both,both,both,both,both,both,both,both,both,both,both,both,both,both,both
road_618,both,both,both,both,both,both,both,both,both,both,both,both,both,both,both,both,both,both,both,both,both,both,both,both,both,both,both,both,both,both,both
road_619,both,both,both,both,both,both,both,both,both,both,both,both,both,both,both,both,both,both,both,both,both,both,both,both,both,both,both,both,both,both,both
road_620,both,both,both,both,both,both,both,both,both,both,both,both,both,both,both,both,both,both,both,both,both,both,both,both,both,both,both,both,both,both,both
road_621,both,both,both,both,both,both,both,both,both,both,both,both,both,both,both,both,both,both,both,both,both,both,both,both,both,both,both,both,both,both,both
road_622,both,both,both,both,both,both,both,both,both,both,both,both,both,both,both,both,both,both,both,both,both,both,both,both,both,both,both,both,both,both,both
road_623,both,both,both,both,both,both,both,both,both,both,both,both,both,both,both,both,both,both,both,both,both,both,both,both,both,both,both,both,both,both,both
road_624,both,both,both,both,both,both,both,both,both,both,both,both,both,both,both,both,both,both,both,both,both,both,both,both,both,both,both,both,both,both,both
road_625,both,both,both,both,both,both,both,both,both,both,both,both,both,both,both,both,both,both,both,both,both,both,both,both,both,both,both,both,both,both,both
road_626,both,both,both,both,both,both,both,both,both,both,both,both,both,both,both,both,both,both,both,both,both,both,both,both,both,both,both,both,both,both,both
road_627,both,both,both,both,both,both,both,both,both,both,both,both,both,both,both,both,both,both,both,both,both,both,both,both,both,both,both,both,both,both,both
road_628,both,both,both,both,both,both,both,both,both,both,both,both,both,both,both,both,both,both,both,both,both,both,both,both,both,both,both,both,both,both,both
road_629,both,both,both,both,both,both,both,both,both,both,both,both,both,both,both,both,both,both,both,both,both,both,both,both,both,both,both,both,both,both,both
road_630,both,both,both,both,both,both,both,both,both,both,both,both,both,both,both,both,both,both,both,both,both,both,both,both,both,both,both,both,both,both,both
road_631,both,both,both,both,both,both,both,both,both,both,both,both,both,both,both,both,both,both,both,both,both,both,both,both,both,both,both,both,both,both,both
road_632,both,both,both,both,both,both,both,both,both,both,both,both,both,both,both,both,both,both,both,both,both,both,both,both,both,both,both,both,both,both,both
road_633,both,both,both,both,both,both,both,both,both,both,both,both,both,both,both,both,both,both,both,both,both,both,both,both,both,both,both,both,both,both,both
road_634,both,both,both,both,both,both,both,both,both,both,both,both,both,both,both,both,both,both,both,both,both,both,both,both,both,both,both,both,both,both,both
road_635,both,both,both,both,both,both,both,both,both,both,both,both,both,both,both,both,both,both,both,both,both,both,both,both,both,both,both,both,both,both,both
road_636,both,both,both,both,both,both,both,both,both,both,both,both,both,both,both,both,both,both,both,both,both,both,both,both,both,both,both,both,both,both,both
road_637,both,both,both,both,both,both,both,both,both,both,both,both,both,both,both,both,both,both,both,both,both,both,both,both,both,both,both,both,both,both,both
road_638,both,both,both,both,both,both,both,both,both,both,both,both,both,both,both,both,both,both,both,both,both,both,both,both,both,both,both,both,both,both,both
road_639,both,both,both,both,both,both,both,both,both,both,both,both,both,both,both,both,both,both,both,both,both,both,both,both,both,both,both,both,both,both,both
road_640,both,both,both,both,both,both,both,both,both,both,both,both,both,both,both,both,both,both,both,both,both,both,both,both,both,both,both,both,both,both,both
road_641,both,both,both,both,both,both,both,both,both,both,both,both,both,both,both,both,both,both,both,both,both,both,both,both,both,both,both,both,both,both,both
road_642,both,both,both,both,both,both,both,both,both,both,both,both,both,both,both,both,both,both,both,both,both,both,both,both,both,both,both,both,both,both,both
road_643,both,both,both,both,both,both,both,both,both,both,both,both,both,both,both,both,both,both,both,both,both,both,both,both,both,both,both,both,both,both,both
road_644,both,both,both,both,both,both,both,both,both,both,both,both,both,both,both,both,both,both,both,both,both,both,both,both,both,both,both,both,both,both,both
road_645,both,both,both,both,both,both,both,both,both,both,both,both,both,both,both,both,both,both,both,both,both,both,both,both,both,both,both,both,both,both,both
road_646,both,both,both,both,both,both,both,both,both,both,both,both,both,both,both,both,both,both,both,both,both,both,both,both,both,both,both,both,both,both,both
road_647,both,both,both,both,both,both,both,both,both,both,both,both,both,both,both,both,both,both,both,both,both,both,both,both,both,both,both,both,both,both,both
road_648,both,both,both,both,both,both,both,both,both,both,both,both,both,both,both,both,both,both,both,both,both,both,both,both,both,both,both,both,both,both,both
road_649,both,both,both,both,both,both,both,both,both,both,both,both,both,both,both,both,both,both,both,both,both,both,both,both,both,both,both,both,both,both,both
road_650,both,both,both,both,both,both,both,both,both,both,both,both,both,both,both,both,both,both,both,both,both,both,both,both,both,both,both,both,both,both,both
road_651,both,both,both,both,both,both,both,both,both,both,both,both,both,both,both,both,both,both,both,both,both,both,both,both,both,both,both,both,both,both,both
road_652,both,both,both,both,both,both,both,both,both,both,both,both,both,both,both,both,both,both,both,both,both,both,both,both,both,both,both,both,both,both,both
road_653,both,both,both,both,both,both,both,both,both,both,both,both,both,both,both,both,both,both,both,both,both,both,both,both,both,both,both,both,both,both,both
road_654,both,both,both,both,both,both,both,both,both,both,both,both,both,both,both,both,both,both,both,both,both,both,both,both,both,both,both,both,both,both,both
road_655,both,both,both,both,both,both,both,both,both,both,both,both,both,both,both,both,both,both,both,both,both,both,both,both,both,both,both,both,both,both,both
road_656,both,both,both,both,both,both,both,both,both,both,both,both,both,both,both,both,both,both,both,both,both,both,both,both,both,both,both,both,both,both,both
road_657,both,both,both,both,both,both,both,both,both,both,both,both,both,both,both,both,both,both,both,both,both,both,both,both,both,both,both,both,both,both,both
road_658,both,both,both,both,both,both,both,both,both,both,both,both,both,both,both,both,both,both,both,both,both,both,both,both,both,both,both,both,both,both,both
road_659,both,both,both,both,both,both,both,both,both,both,both,both,both,both,both,both,both,both,both,both,both,both,both,both,both,both,both,both,both,both,both
road_660,both,both,both,both,both,both,both,both,both,both,both,both,both,both,both,both,both,both,both,both,both,both,both,both,both,both,both,both,both,both,both
road_661,both,both,both,both,both,both,both,both,both,both,both,both,both,both,both,both,both,both,both,both,both,both,both,both,both,both,both,both,both,both,both
road_662,both,both,both,both,both,both,both,both,both,both,both,both,both,both,both,both,both,both,both,both,both,both,both,both,both,both,both,both,both,both,both
road_663,both,both,both,both,both,both,both,both,both,both,both,both,both,both,both,both,both,both,both,both,both,both,both,both,both,both,both,both,both,both,both
road_664,both,both,both,both,both,both,both,both,both,both,both,both,both,both,both,both,both,both,both,both,both,both,both,both,both,both,both,both,both,both,both
road_665,both,both,both,both,both,both,both,both,both,both,both,both,both,both,both,both,both,both,both,both,both,both,both,both,both,both,both,both,both,both,both
road_666,both,both,both,both,both,both,both,both,both,both,both,both,both,both,both,both,both,both,both,both,both,both,both,both,both,both,both,both,both,both,both
road_667,both,both,both,both,both,both,both,both,both,both,both,both,both,both,both,both,both,both,both,both,both,both,both,both,both,both,both,both,both,both,both
road_668,both,both,both,both,both,both,both,both,both,both,both,both,both,both,both,both,both,both,both,both,both,both,both,both,both,both,both,both,both,both,both
road_669,both,both,both,both,both,both,both,both,both,both,both,both,both,both,both,both,both,both,both,both,both,both,both,both,both,both,both,both,both,both,both
road_670,both,both,both,both,both,both,both,both,both,both,both,both,both,both,both,both,both,both,both,both,both,both,both,both,both,both,both,both,both,both,both
road_671,both,both,both,both,both,both,both,both,both,both,both,both,both,both,both,both,both,both,both,both,both,both,both,both,both,both,both,both,both,both,both
road_672,both,both,both,both,both,both,both,both,both,both,both,both,both,both,both,both,both,both,both,both,both,both,both,both,both,both,both,both,both,both,both
road_673,both,both,both,both,both,both,both,both,both,both,both,both,both,both,both,both,both,both,both,both,both,both,both,both,both,both,both,both,both,both,both
road_674,both,both,both,both,both,both,both,both,both,both,both,both,both,both,both,both,both,both,both,both,both,both,both,both,both,both,both,both,both,both,both
road_675,both,both,both,both,both,both,both,both,both,both,both,both,both,both,both,both,both,both,both,both,both,both,both,both,both,both,both,both,both,both,both
road_676,both,both,both,both,both,both,both,both,both,both,both,both,both,both,both,both,both,both,both,both,both,both,both,both,both,both,both,both,both,both,both
road_677,both,both,both,both,both,both,both,both,both,both,both,both,both,both,both,both,both,both,both,both,both,both,both,both,both,both,both,both,both,both,both
road_678,both,both,both,both,both,both,both,both,both,both,both,both,both,both,both,both,both,both,both,both,both,both,both,both,both,both,both,both,both,both,both
road_679,both,both,both,both,both,both,both,both,both,both,both,both,both,both,both,both,both,both,both,both,both,both,both,both,both,both,both,both,both,both,both
road_680,both,both,both,both,both,both,both,both,both,both,both,both,both,both,both,both,both,both,both,both,both,both,both,both,both,both,both,both,both,both,both
road_681,both,both,both,both,both,both,both,both,both,both,both,both,both,both,both,both,both,both,both,both,both,both,both,both,both,both,both,both,both,both,both
road_682,both,both,both,both,both,both,both,both,both,both,both,both,both,both,both,both,both,both,both,both,both,both,both,both,both,both,both,both,both,both,both
road_683,both,both,both,both,both,both,both,both,both,both,both,both,both,both,both,both,both,both,both,both,both,both,both,both,both,both,both,both,both,both,both
road_684,both,both,both,both,both,both,both,both,both,both,both,both,both,both,both,both,both,both,both,both,both,both,both,both,both,both,both,both,both,both,both
road_685,both,both,both,both,both,both,both,both,both,both,both,both,both,both,both,both,both,both,both,both,both,both,both,both,both,both,both,both,both,both,both
road_686,both,both,both,both,both,both,both,both,both,both,both,both,both,both,both,both,both,both,both,both,both,both,both,both,both,both,both,both,both,both,both
road_687,both,both,both,both,both,both,both,both,both,both,both,both,both,both,both,both,both,both,both,both,both,both,both,both,both,both,both,both,both,both,both
road_688,both,both,both,both,both,both,both,both,both,both,both,both,both,both,both,both,both,both,both,both,both,both,both,both,both,both,both,both,both,both,both
road_689,both,both,both,both,both,both,both,both,both,both,both,both,both,both,both,both,both,both,both,both,both,both,both,both,both,both,both,both,both,both,both
road_690,both,both,both,both,both,both,both,both,both,both,both,both,both,both,both,both,both,both,both,both,both,both,both,both,both,both,both,both,both,both,both
road_691,both,both,both,both,both,both,both,both,both,both,both,both,both,both,both,both,both,both,both,both,both,both,both,both,both,both,both,both,both,both,both
road_692,both,both,both,both,both,both,both,both,both,both,both,both,both,both,both,both,both,both,both,both,both,both,both,both,both,both,both,both,both,both,both
road_693,both,both,both,both,both,both,both,both,both,both,both,both,both,both,both,both,both,both,both,both,both,both,both,both,both,both,both,both,both,both,both
road_694,both,both,both,both,both,both,both,both,both,both,both,both,both,both,both,both,both,both,both,both,both,both,both,both,both,both,both,both,both,both,both
road_695,both,both,both,both,both,both,both,both,both,both,both,both,both,both,both,both,both,both,both,both,both,both,both,both,both,both,both,both,both,both,both
road_696,both,both,both,both,both,both,both,both,both,both,both,both,both,both,both,both,both,both,both,both,both,both,both,both,both,both,both,both,both,both,both
road_697,both,both,both,both,both,both,both,both,both,both,both,both,both,both,both,both,both,both,both,both,both,both,both,both,both,both,both,both,both,both,both
road_698,both,both,both,both,both,both,both,both,both,both,both,both,both,both,both,both,both,both,both,both,both,both,both,both,both,both,both,both,both,both,both
road_699,both,both,both,both,both,both,both,both,both,both,both,both,both,both,both,both,both,both,both,both,both,both,both,both,both,both,both,both,both,both,both
road_700,both,both,both,both,both,both,both,both,both,both,both,both,both,both,both,both,both,both,both,both,both,both,both,both,both,both,both,both,both,both,both
road_701,both,both,both,both,both,both,both,both,both,both,both,both,both,both,both,both,both,both,both,both,both,both,both,both,both,both,both,both,both,both,both
road_702,both,both,both,both,both,both,both,both,both,both,both,both,both,both,both,both,both,both,both,both,both,both,both,both,both,both,both,both,both,both,both
road_703,both,both,both,both,both,both,both,both,both,both,both,both,both,both,both,both,both,both,both,both,both,both,both,both,both,both,both,both,both,both,both
road_704,both,both,both,both,both,both,both,both,both,both,both,both,both,both,both,both,both,both,both,both,both,both,both,both,both,both,both,both,both,both,both
road_705,both,both,both,both,both,both,both,both,both,both,both,both,both,both,both,both,both,both,both,both,both,both,both,both,both,both,both,both,both,both,both
road_706,both,both,both,both,both,both,both,both,both,both,both,both,both,both,both,both,both,both,both,both,both,both,both,both,both,both,both,both,both,both,both
road_707,both,both,both,both,both,both,both,both,both,both,both,both,both,both,both,both,both,both,both,both,both,both,both,both,both,both,both,both,both,both,both
road_708,both,both,both,both,both,both,both,both,both,both,both,both,both,both,both,both,both,both,both,both,both,both,both,both,both,both,both,both,both,both,both
road_709,both,both,both,both,both,both,both,both,both,both,both,both,both,both,both,both,both,both,both,both,both,both,both,both,both,both,both,both,both,both,both
road_710,both,both,both,both,both,both,both,both,both,both,both,both,both,both,both,both,both,both,both,both,both,both,both,both,both,both,both,both,both,both,both
road_711,both,both,both,both,both,both,both,both,both,both,both,both,both,both,both,both,both,both,both,both,both,both,both,both,both,both,both,both,both,both,both
road_712,both,both,both,both,both,both,both,both,both,both,both,both,both,both,both,both,both,both,both,both,both,both,both,both,both,both,both,both,both,both,both
road_713,both,both,both,both,both,both,both,both,both,both,both,both,both,both,both,both,both,both,both,both,both,both,both,both,both,both,both,both,both,both,both
road_714,both,both,both,both,both,both,both,both,both,both,both,both,both,both,both,both,both,both,both,both,both,both,both,both,both,both,both,both,both,both,both
road_715,both,both,both,both,both,both,both,both,both,both,both,both,both,both,both,both,both,both,both,both,both,both,both,both,both,both,both,both,both,both,both
road_716,both,both,both,both,both,both,both,both,both,both,both,both,both,both,both,both,both,both,both,both,both,both,both,both,both,both,both,both,both,both,both
road_717,both,both,both,both,both,both,both,both,both,both,both,both,both,both,both,both,both,both,both,both,both,both,both,both,both,both,both,both,both,both,both
road_718,both,both,both,both,both,both,both,both,both,both,both,both,both,both,both,both,both,both,both,both,both,both,both,both,both,both,both,both,both,both,both
road_719,both,both,both,both,both,both,both,both,both,both,both,both,both,both,both,both,both,both,both,both,both,both,both,both,both,both,both,both,both,both,both
road_720,both,both,both,both,both,both,both,both,both,both,both,both,both,both,both,both,both,both,both,both,both,both,both,both,both,both,both,both,both,both,both
road_721,both,both,both,both,both,both,both,both,both,both,both,both,both,both,both,both,both,both,both,both,both,both,both,both,both,both,both,both,both,both,both
road_722,both,both,both,both,both,both,both,both,both,both,both,both,both,both,both,both,both,both,both,both,both,both,both,both,both,both,both,both,both,both,both
road_723,both,both,both,both,both,both,both,both,both,both,both,both,both,both,both,both,both,both,both,both,both,both,both,both,both,both,both,both,both,both,both
road_724,both,both,both,both,both,both,both,both,both,both,both,both,both,both,both,both,both,both,both,both,both,both,both,both,both,both,both,both,both,both,both
road_725,both,both,both,both,both,both,both,both,both,both,both,both,both,both,both,both,both,both,both,both,both,both,both,both,both,both,both,both,both,both,both
road_726,both,both,both,both,both,both,both,both,both,both,both,both,both,both,both,both,both,both,both,both,both,both,both,both,both,both,both,both,both,both,both
road_727,both,both,both,both,both,both,both,both,both,both,both,both,both,both,both,both,both,both,both,both,both,both,both,both,both,both,both,both,both,both,both
road_728,both,both,both,both,both,both,both,both,both,both,both,both,both,both,both,both,both,both,both,both,both,both,both,both,both,both,both,both,both,both,both
road_729,both,both,both,both,both,both,both,both,both,both,both,both,both,both,both,both,both,both,both,both,both,both,both,both,both,both,both,both,both,both,both
road_730,both,both,both,both,both,both,both,both,both,both,both,both,both,both,both,both,both,both,both,both,both,both,both,both,both,both,both,both,both,both,both
road_731,both,both,both,both,both,both,both,both,both,both,both,both,both,both,both,both,both,both,both,both,both,both,both,both,both,both,both,both,both,both,both
road_732,both,both,both,both,both,both,both,both,both,both,both,both,both,both,both,both,both,both,both,both,both,both,both,both,both,both,both,both,both,both,both
road_733,both,both,both,both,both,both,both,both,both,both,both,both,both,both,both,both,both,both,both,both,both,both,both,both,both,both,both,both,both,both,both
road_734,both,both,both,both,both,both,both,both,both,both,both,both,both,both,both,both,both,both,both,both,both,both,both,both,both,both,both,both,both,both,both
road_735,both,both,both,both,both,both,both,both,both,both,both,both,both,both,both,both,both,both,both,both,both,both,both,both,both,both,both,both,both,both,both
road_736,both,both,both,both,both,both,both,both,both,both,both,both,both,both,both,both,both,both,both,both,both,both,both,both,both,both,both,both,both,both,both
road_737,both,both,both,both,both,both,both,both,both,both,both,both,both,both,both,both,both,both,both,both,both,both,both,both,both,both,both,both,both,both,both
road_738,both,both,both,both,both,both,both,both,both,both,both,both,both,both,both,both,both,both,both,both,both,both,both,both,both,both,both,both,both,both,both
road_739,both,both,both,both,both,both,both,both,both,both,both,both,both,both,both,both,both,both,both,both,both,both,both,both,both,both,both,both,both,both,both
road_740,both,both,both,both,both,both,both,both,both,both,both,both,both,both,both,both,both,both,both,both,both,both,both,both,both,both,both,both,both,both,both
road_741,both,both,both,both,both,both,both,both,both,both,both,both,both,both,both,both,both,both,both,both,both,both,both,both,both,both,both,both,both,both,both
road_742,both,both,both,both,both,both,both,both,both,both,both,both,both,both,both,both,both,both,both,both,both,both,both,both,both,both,both,both,both,both,both
road_743,both,both,both,both,both,both,both,both,both,both,both,both,both,both,both,both,both,both,both,both,both,both,both,both,both,both,both,both,both,both,both
road_744,both,both,both,both,both,both,both,both,both,both,both,both,both,both,both,both,both,both,both,both,both,both,both,both,both,both,both,both,both,both,both
road_745,both,both,both,both,both,both,both,both,both,both,both,both,both,both,both,both,both,both,both,both,both,both,both,both,both,both,both,both,both,both,both
road_746,both,both,both,both,both,both,both,both,both,both,both,both,both,both,both,both,both,both,both,both,both,both,both,both,both,both,both,both,both,both,both
road_747,both,both,both,both,both,both,both,both,both,both,both,both,both,both,both,both,both,both,both,both,both,both,both,both,both,both,both,both,both,both,both
road_748,both,both,both,both,both,both,both,both,both,both,both,both,both,both,both,both,both,both,both,both,both,both,both,both,both,both,both,both,both,both,both
road_749,both,both,both,both,both,both,both,both,both,both,both,both,both,both,both,both,both,both,both,both,both,both,both,both,both,both,both,both,both,both,both
road_750,both,both,both,both,both,both,both,both,both,both,both,both,both,both,both,both,both,both,both,both,both,both,both,both,both,both,both,both,both,both,both
road_751,both,both,both,both,both,both,both,both,both,both,both,both,both,both,both,both,both,both,both,both,both,both,both,both,both,both,both,both,both,both,both
road_752,both,both,both,both,both,both,both,both,both,both,both,both,both,both,both,both,both,both,both,both,both,both,both,both,both,both,both,both,both,both,both
road_753,both,both,both,both,both,both,both,both,both,both,both,both,both,both,both,both,both,both,both,both,both,both,both,both,both,both,both,both,both,both,both
road_754,both,both,both,both,both,both,both,both,both,both,both,both,both,both,both,both,both,both,both,both,both,both,both,both,both,both,both,both,both,both,both
road_755,both,both,both,both,both,both,both,both,both,both,both,both,both,both,both,both,both,both,both,both,both,both,both,both,both,both,both,both,both,both,both
road_756,both,both,both,both,both,both,both,both,both,both,both,both,both,both,both,both,both,both,both,both,both,both,both,both,both,both,both,both,both,both,both
road_757,both,both,both,both,both,both,both,both,both,both,both,both,both,both,both,both,both,both,both,both,both,both,both,both,both,both,both,both,both,both,both
road_758,both,both,both,both,both,both,both,both,both,both,both,both,both,both,both,both,both,both,both,both,both,both,both,both,both,both,both,both,both,both,both
road_759,both,both,both,both,both,both,both,both,both,both,both,both,both,both,both,both,both,both,both,both,both,both,both,both,both,both,both,both,both,both,both
road_760,both,both,both,both,both,both,both,both,both,both,both,both,both,both,both,both,both,both,both,both,both,both,both,both,both,both,both,both,both,both,both
road_761,both,both,both,both,both,both,both,both,both,both,both,both,both,both,both,both,both,both,both,both,both,both,both,both,both,both,both,both,both,both,both
road_762,both,both,both,both,both,both,both,both,both,both,both,both,both,both,both,both,both,both,both,both,both,both,both,both,both,both,both,both,both,both,both
road_763,both,both,both,both,both,both,both,both,both,both,both,both,both,both,both,both,both,both,both,both,both,both,both,both,both,both,both,both,both,both,both
road_764,both,both,both,both,both,both,both,both,both,both,both,both,both,both,both,both,both,both,both,both,both,both,both,both,both,both,both,both,both,both,both
road_765,both,both,both,both,both,both,both,both,both,both,both,both,both,both,both,both,both,both,both,both,both,both,both,both,both,both,both,both,both,both,both
road_766,both,both,both,both,both,both,both,both,both,both,both,both,both,both,both,both,both,both,both,both,both,both,both,both,both,both,both,both,both,both,both
road_767,both,both,both,both,both,both,both,both,both,both,both,both,both,both,both,both,both,both,both,both,both,both,both,both,both,both,both,both,both,both,both
road_768,both,both,both,both,both,both,both,both,both,both,both,both,both,both,both,both,both,both,both,both,both,both,both,both,both,both,both,both,both,both,both
road_769,both,both,both,both,both,both,both,both,both,both,both,both,both,both,both,both,both,both,both,both,both,both,both,both,both,both,both,both,both,both,both
road_770,both,both,both,both,both,both,both,both,both,both,both,both,both,both,both,both,both,both,both,both,both,both,both,both,both,both,both,both,both,both,both
road_771,both,both,both,both,both,both,both,both,both,both,both,both,both,both,both,both,both,both,both,both,both,both,both,both,both,both,both,both,both,both,both
road_772,both,both,both,both,both,both,both,both,both,both,both,both,both,both,both,both,both,both,both,both,both,both,both,both,both,both,both,both,both,both,both
road_773,both,both,both,both,both,both,both,both,both,both,both,both,both,both,both,both,both,both,both,both,both,both,both,both,both,both,both,both,both,both,both
road_774,both,both,both,both,both,both,both,both,both,both,both,both,both,both,both,both,both,both,both,both,both,both,both,both,both,both,both,both,both,both,both
road_775,both,both,both,both,both,both,both,both,both,both,both,both,both,both,both,both,both,both,both,both,both,both,both,both,both,both,both,both,both,both,both
road_776,both,both,both,both,both,both,both,both,both,both,both,both,both,both,both,both,both,both,both,both,both,both,both,both,both,both,both,both,both,both,both
road_777,both,both,both,both,both,both,both,both,both,both,both,both,both,both,both,both,both,both,both,both,both,both,both,both,both,both,both,both,both,both,both
road_778,both,both,both,both,both,both,both,both,both,both,both,both,both,both,both,both,both,both,both,both,both,both,both,both,both,both,both,both,both,both,both
road_779,both,both,both,both,both,both,both,both,both,both,both,both,both,both,both,both,both,both,both,both,both,both,both,both,both,both,both,both,both,both,both
road_780,both,both,both,both,both,both,both,both,both,both,both,both,both,both,both,both,both,both,both,both,both,both,both,both,both,both,both,both,both,both,both
road_781,both,both,both,both,both,both,both,both,both,both,both,both,both,both,both,both,both,both,both,both,both,both,both,both,both,both,both,both,both,both,both
road_782,both,both,both,both,both,both,both,both,both,both,both,both,both,both,both,both,both,both,both,both,both,both,both,both,both,both,both,both,both,both,both
road_783,both,both,both,both,both,both,both,both,both,both,both,both,both,both,both,both,both,both,both,both,both,both,both,both,both,both,both,both,both,both,both
road_784,both,both,both,both,both,both,both,both,both,both,both,both,both,both,both,both,both,both,both,both,both,both,both,both,both,both,both,both,both,both,both
road_785,both,both,both,both,both,both,both,both,both,both,both,both,both,both,both,both,both,both,both,both,both,both,both,both,both,both,both,both,both,both,both
road_786,both,both,both,both,both,both,both,both,both,both,both,both,both,both,both,both,both,both,both,both,both,both,both,both,both,both,both,both,both,both,both
road_787,both,both,both,both,both,both,both,both,both,both,both,both,both,both,both,both,both,both,both,both,both,both,both,both,both,both,both,both,both,both,both
road_788,both,both,both,both,both,both,both,both,both,both,both,both,both,both,both,both,both,both,both,both,both,both,both,both,both,both,both,both,both,both,both
road_789,both,both,both,both,both,both,both,both,both,both,both,both,both,both,both,both,both,both,both,both,both,both,both,both,both,both,both,both,both,both,both
road_790,both,both,both,both,both,both,both,both,both,both,both,both,both,both,both,both,both,both,both,both,both,both,both,both,both,both,both,both,both,both,both
road_791,both,both,both,both,both,both,both,both,both,both,both,both,both,both,both,both,both,both,both,both,both,both,both,both,both,both,both,both,both,both,both
road_792,both,both,both,both,both,both,both,both,both,both,both,both,both,both,both,both,both,both,both,both,both,both,both,both,both,both,both,both,both,both,both
road_793,both,both,both,both,both,both,both,both,both,both,both,both,both,both,both,both,both,both,both,both,both,both,both,both,both,both,both,both,both,both,both
road_794,both,both,both,both,both,both,both,both,both,both,both,both,both,both,both,both,both,both,both,both,both,both,both,both,both,both,both,both,both,both,both
road_795,both,both,both,both,both,both,both,both,both,both,both,both,both,both,both,both,both,both,both,both,both,both,both,both,both,both,both,both,both,both,both
road_796,both,both,both,both,both,both,both,both,both,both,both,both,both,both,both,both,both,both,both,both,both,both,both,both,both,both,both,both,both,both,both
road_797,both,both,both,both,both,both,both,both,both,both,both,both,both,both,both,both,both,both,both,both,both,both,both,both,both,both,both,both,both,both,both
road_798,both,both,both,both,both,both,both,both,both,both,both,both,both,both,both,both,both,both,both,both,both,both,both,both,both,both,both,both,both,both,both
road_799,both,both,both,both,both,both,both,both,both,both,both,both,both,both,both,both,both,both,both,both,both,both,both,both,both,both,both,both,both,both,both
road_800,both,both,both,both,both,both,both,both,both,both,both,both,both,both,both,both,both,both,both,both,both,both,both,both,both,both,both,both,both,both,both
road_801,both,both,both,both,both,both,both,both,both,both,both,both,both,both,both,both,both,both,both,both,both,both,both,both,both,both,both,both,both,both,both
road_802,both,both,both,both,both,both,both,both,both,both,both,both,both,both,both,both,both,both,both,both,both,both,both,both,both,both,both,both,both,both,both
road_803,both,both,both,both,both,both,both,both,both,both,both,both,both,both,both,both,both,both,both,both,both,both,both,both,both,both,both,both,both,both,both
road_804,both,both,both,both,both,both,both,both,both,both,both,both,both,both,both,both,both,both,both,both,both,both,both,both,both,both,both,both,both,both,both
road_805,both,both,both,both,both,both,both,both,both,both,both,both,both,both,both,both,both,both,both,both,both,both,both,both,both,both,both,both,both,both,both
road_806,both,both,both,both,both,both,both,both,both,both,both,both,both,both,both,both,both,both,both,both,both,both,both,both,both,both,both,both,both,both,both
road_807,both,both,both,both,both,both,both,both,both,both,both,both,both,both,both,both,both,both,both,both,both,both,both,both,both,both,both,both,both,both,both
road_808,both,both,both,both,both,both,both,both,both,both,both,both,both,both,both,both,both,both,both,both,both,both,both,both,both,both,both,both,both,both,both
road_809,both,both,both,both,both,both,both,both,both,both,both,both,both,both,both,both,both,both,both,both,both,both,both,both,both,both,both,both,both,both,both
road_810,both,both,both,both,both,both,both,both,both,both,both,both,both,both,both,both,both,both,both,both,both,both,both,both,both,both,both,both,both,both,both
road_811,both,both,both,both,both,both,both,both,both,both,both,both,both,both,both,both,both,both,both,both,both,both,both,both,both,both,both,both,both,both,both
road_812,both,both,both,both,both,both,both,both,both,both,both,both,both,both,both,both,both,both,both,both,both,both,both,both,both,both,both,both,both,both,both
road_813,both,both,both,both,both,both,both,both,both,both,both,both,both,both,both,both,both,both,both,both,both,both,both,both,both,both,both,both,both,both,both
road_814,both,both,both,both,both,both,both,both,both,both,both,both,both,both,both,both,both,both,both,both,both,both,both,both,both,both,both,both,both,both,both
road_815,both,both,both,both,both,both,both,both,both,both,both,both,both,both,both,both,both,both,both,both,both,both,both,both,both,both,both,both,both,both,both
road_816,both,both,both,both,both,both,both,both,both,both,both,both,both,both,both,both,both,both,both,both,both,both,both,both,both,both,both,both,both,both,both
road_817,both,both,both,both,both,both,both,both,both,both,both,both,both,both,both,both,both,both,both,both,both,both,both,both,both,both,both,both,both,both,both
road_818,both,both,both,both,both,both,both,both,both,both,both,both,both,both,both,both,both,both,both,both,both,both,both,both,both,both,both,both,both,both,both
road_819,both,both,both,both,both,both,both,both,both,both,both,both,both,both,both,both,both,both,both,both,both,both,both,both,both,both,both,both,both,both,both
road_820,both,both,both,both,both,both,both,both,both,both,both,both,both,both,both,both,both,both,both,both,both,both,both,both,both,both,both,both,both,both,both
road_821,both,both,both,both,both,both,both,both,both,both,both,both,both,both,both,both,both,both,both,both,both,both,both,both,both,both,both,both,both,both,both
road_822,both,both,both,both,both,both,both,both,both,both,both,both,both,both,both,both,both,both,both,both,both,both,both,both,both,both,both,both,both,both,both
road_823,both,both,both,both,both,both,both,both,both,both,both,both,both,both,both,both,both,both,both,both,both,both,both,both,both,both,both,both,both,both,both
road_824,both,both,both,both,both,both,both,both,both,both,both,both,both,both,both,both,both,both,both,both,both,both,both,both,both,both,both,both,both,both,both
road_825,both,both,both,both,both,both,both,both,both,both,both,both,both,both,both,both,both,both,both,both,both,both,both,both,both,both,both,both,both,both,both
road_826,both,both,both,both,both,both,both,both,both,both,both,both,both,both,both,both,both,both,both,both,both,both,both,both,both,both,both,both,both,both,both
road_827,both,both,both,both,both,both,both,both,both,both,both,both,both,both,both,both,both,both,both,both,both,both,both,both,both,both,both,both,both,both,both
road_828,both,both,both,both,both,both,both,both,both,both,both,both,both,both,both,both,both,both,both,both,both,both,both,both,both,both,both,both,both,both,both
road_829,both,both,both,both,both,both,both,both,both,both,both,both,both,both,both,both,both,both,both,both,both,both,both,both,both,both,both,both,both,both,both
road_830,both,both,both,both,both,both,both,both,both,both,both,both,both,both,both,both,both,both,both,both,both,both,both,both,both,both,both,both,both,both,both
road_831,both,both,both,both,both,both,both,both,both,both,both,both,both,both,both,both,both,both,both,both,both,both,both,both,both,both,both,both,both,both,both
road_832,both,both,both,both,both,both,both,both,both,both,both,both,both,both,both,both,both,both,both,both,both,both,both,both,both,both,both,both,both,both,both
road_833,both,both,both,both,both,both,both,both,both,both,both,both,both,both,both,both,both,both,both,both,both,both,both,both,both,both,both,both,both,both,both
road_834,both,both,both,both,both,both,both,both,both,both,both,both,both,both,both,both,both,both,both,both,both,both,both,both,both,both,both,both,both,both,both
road_835,both,both,both,both,both,both,both,both,both,both,both,both,both,both,both,both,both,both,both,both,both,both,both,both,both,both,both,both,both,both,both
road_836,both,both,both,both,both,both,both,both,both,both,both,both,both,both,both,both,both,both,both,both,both,both,both,both,both,both,both,both,both,both,both
road_837,both,both,both,both,both,both,both,both,both,both,both,both,both,both,both,both,both,both,both,both,both,both,both,both,both,both,both,both,both,both,both
road_838,both,both,both,both,both,both,both,both,both,both,both,both,both,both,both,both,both,both,both,both,both,both,both,both,both,both,both,both,both,both,both
road_839,both,both,both,both,both,both,both,both,both,both,both,both,both,both,both,both,both,both,both,both,both,both,both,both,both,both,both,both,both,both,both
road_840,both,both,both,both,both,both,both,both,both,both,both,both,both,both,both,both,both,both,both,both,both,both,both,both,both,both,both,both,both,both,both
road_841,both,both,both,both,both,both,both,both,both,both,both,both,both,both,both,both,both,both,both,both,both,both,both,both,both,both,both,both,both,both,both
road_842,both,both,both,both,both,both,both,both,both,both,both,both,both,both,both,both,both,both,both,both,both,both,both,both,both,both,both,both,both,both,both
road_843,both,both,both,both,both,both,both,both,both,both,both,both,both,both,both,both,both,both,both,both,both,both,both,both,both,both,both,both,both,both,both
road_844,both,both,both,both,both,both,both,both,both,both,both,both,both,both,both,both,both,both,both,both,both,both,both,both,both,both,both,both,both,both,both
road_845,both,both,both,both,both,both,both,both,both,both,both,both,both,both,both,both,both,both,both,both,both,both,both,both,both,both,both,both,both,both,both
road_846,both,both,both,both,both,both,both,both,both,both,both,both,both,both,both,both,both,both,both,both,both,both,both,both,both,both,both,both,both,both,both
road_847,both,both,both,both,both,both,both,both,both,both,both,both,both,both,both,both,both,both,both,both,both,both,both,both,both,both,both,both,both,both,both
road_848,both,both,both,both,both,both,both,both,both,both,both,both,both,both,both,both,both,both,both,both,both,both,both,both,both,both,both,both,both,both,both
road_849,both,both,both,both,both,both,both,both,both,both,both,both,both,both,both,both,both,both,both,both,both,both,both,both,both,both,both,both,both,both,both
road_850,both,both,both,both,both,both,both,both,both,both,both,both,both,both,both,both,both,both,both,both,both,both,both,both,both,both,both,both,both,both,both
road_851,both,both,both,both,both,both,both,both,both,both,both,both,both,both,both,both,both,both,both,both,both,both,both,both,both,both,both,both,both,both,both
road_852,both,both,both,both,both,both,both,both,both,both,both,both,both,both,both,both,both,both,both,both,both,both,both,both,both,both,both,both,both,both,both
road_853,both,both,both,both,both,both,both,both,both,both,both,both,both,both,both,both,both,both,both,both,both,both,both,both,both,both,both,both,both,both,both
road_854,both,both,both,both,both,both,both,both,both,both,both,both,both,both,both,both,both,both,both,both,both,both,both,both,both,both,both,both,both,both,both
road_855,both,both,both,both,both,both,both,both,both,both,both,both,both,both,both,both,both,both,both,both,both,both,both,both,both,both,both,both,both,both,both
road_856,both,both,both,both,both,both,both,both,both,both,both,both,both,both,both,both,both,both,both,both,both,both,both,both,both,both,both,both,both,both,both
road_857,both,both,both,both,both,both,both,both,both,both,both,both,both,both,both,both,both,both,both,both,both,both,both,both,both,both,both,both,both,both,both
road_858,both,both,both,both,both,both,both,both,both,both,both,both,both,both,both,both,both,both,both,both,both,both,both,both,both,both,both,both,both,both,both
road_859,both,both,both,both,both,both,both,both,both,both,both,both,both,both,both,both,both,both,both,both,both,both,both,both,both,both,both,both,both,both,both
road_860,both,both,both,both,both,both,both,both,both,both,both,both,both,both,both,both,both,both,both,both,both,both,both,both,both,both,both,both,both,both,both
road_861,both,both,both,both,both,both,both,both,both,both,both,both,both,both,both,both,both,both,both,both,both,both,both,both,both,both,both,both,both,both,both
road_862,both,both,both,both,both,both,both,both,both,both,both,both,both,both,both,both,both,both,both,both,both,both,both,both,both,both,both,both,both,both,both
road_863,both,both,both,both,both,both,both,both,both,both,both,both,both,both,both,both,both,both,both,both,both,both,both,both,both,both,both,both,both,both,both
road_864,both,both,both,both,both,both,both,both,both,both,both,both,both,both,both,both,both,both,both,both,both,both,both,both,both,both,both,both,both,both,both
road_865,both,both,both,both,both,both,both,both,both,both,both,both,both,both,both,both,both,both,both,both,both,both,both,both,both,both,both,both,both,both,both
road_866,both,both,both,both,both,both,both,both,both,both,both,both,both,both,both,both,both,both,both,both,both,both,both,both,both,both,both,both,both,both,both
road_867,both,both,both,both,both,both,both,both,both,both,both,both,both,both,both,both,both,both,both,both,both,both,both,both,both,both,both,both,both,both,both
road_868,both,both,both,both,both,both,both,both,both,both,both,both,both,both,both,both,both,both,both,both,both,both,both,both,both,both,both,both,both,both,both
road_869,both,both,both,both,both,both,both,both,both,both,both,both,both,both,both,both,both,both,both,both,both,both,both,both,both,both,both,both,both,both,both
road_870,both,both,both,both,both,both,both,both,both,both,both,both,both,both,both,both,both,both,both,both,both,both,both,both,both,both,both,both,both,both,both
road_871,both,both,both,both,both,both,both,both,both,both,both,both,both,both,both,both,both,both,both,both,both,both,both,both,both,both,both,both,both,both,both
road_872,both,both,both,both,both,both,both,both,both,both,both,both,both,both,both,both,both,both,both,both,both,both,both,both,both,both,both,both,both,both,both
road_873,both,both,both,both,both,both,both,both,both,both,both,both,both,both,both,both,both,both,both,both,both,both,both,both,both,both,both,both,both,both,both
road_874,both,both,both,both,both,both,both,both,both,both,both,both,both,both,both,both,both,both,both,both,both,both,both,both,both,both,both,both,both,both,both
road_875,both,both,both,both,both,both,both,both,both,both,both,both,both,both,both,both,both,both,both,both,both,both,both,both,both,both,both,both,both,both,both
road_876,both,both,both,both,both,both,both,both,both,both,both,both,both,both,both,both,both,both,both,both,both,both,both,both,both,both,both,both,both,both,both
road_877,both,both,both,both,both,both,both,both,both,both,both,both,both,both,both,both,both,both,both,both,both,both,both,both,both,both,both,both,both,both,both
road_878,both,both,both,both,both,both,both,both,both,both,both,both,both,both,both,both,both,both,both,both,both,both,both,both,both,both,both,both,both,both,both
road_879,both,both,both,both,both,both,both,both,both,both,both,both,both,both,both,both,both,both,both,both,both,both,both,both,both,both,both,both,both,both,both
road_880,both,both,both,both,both,both,both,both,both,both,both,both,both,both,both,both,both,both,both,both,both,both,both,both,both,both,both,both,both,both,both
road_881,both,both,both,both,both,both,both,both,both,both,both,both,both,both,both,both,both,both,both,both,both,both,both,both,both,both,both,both,both,both,both
road_882,both,both,both,both,both,both,both,both,both,both,both,both,both,both,both,both,both,both,both,both,both,both,both,both,both,both,both,both,both,both,both
road_883,both,both,both,both,both,both,both,both,both,both,both,both,both,both,both,both,both,both,both,both,both,both,both,both,both,both,both,both,both,both,both
road_884,both,both,both,both,both,both,both,both,both,both,both,both,both,both,both,both,both,both,both,both,both,both,both,both,both,both,both,both,both,both,both
road_885,both,both,both,both,both,both,both,both,both,both,both,both,both,both,both,both,both,both,both,both,both,both,both,both,both,both,both,both,both,both,both
road_886,both,both,both,both,both,both,both,both,both,both,both,both,both,both,both,both,both,both,both,both,both,both,both,both,both,both,both,both,both,both,both
road_887,both,both,both,both,both,both,both,both,both,both,both,both,both,both,both,both,both,both,both,both,both,both,both,both,both,both,both,both,both,both,both
road_888,both,both,both,both,both,both,both,both,both,both,both,both,both,both,both,both,both,both,both,both,both,both,both,both,both,both,both,both,both,both,both
road_889,both,both,both,both,both,both,both,both,both,both,both,both,both,both,both,both,both,both,both,both,both,both,both,both,both,both,both,both,both,both,both
road_890,both,both,both,both,both,both,both,both,both,both,both,both,both,both,both,both,both,both,both,both,both,both,both,both,both,both,both,both,both,both,both
road_891,both,both,both,both,both,both,both,both,both,both,both,both,both,both,both,both,both,both,both,both,both,both,both,both,both,both,both,both,both,both,both
road_892,both,both,both,both,both,both,both,both,both,both,both,both,both,both,both,both,both,both,both,both,both,both,both,both,both,both,both,both,both,both,both
road_893,both,both,both,both,both,both,both,both,both,both,both,both,both,both,both,both,both,both,both,both,both,both,both,both,both,both,both,both,both,both,both
road_894,both,both,both,both,both,both,both,both,both,both,both,both,both,both,both,both,both,both,both,both,both,both,both,both,both,both,both,both,both,both,both
road_895,both,both,both,both,both,both,both,both,both,both,both,both,both,both,both,both,both,both,both,both,both,both,both,both,both,both,both,both,both,both,both
road_896,both,both,both,both,both,both,both,both,both,both,both,both,both,both,both,both,both,both,both,both,both,both,both,both,both,both,both,both,both,both,both
road_897,both,both,both,both,both,both,both,both,both,both,both,both,both,both,both,both,both,both,both,both,both,both,both,both,both,both,both,both,both,both,both
road_898,both,both,both,both,both,both,both,both,both,both,both,both,both,both,both,both,both,both,both,both,both,both,both,both,both,both,both,both,both,both,both
road_899,both,both,both,both,both,both,both,both,both,both,both,both,both,both,both,both,both,both,both,both,both,both,both,both,both,both,both,both,both,both,both
road_900,both,both,both,both,both,both,both,both,both,both,both,both,both,both,both,both,both,both,both,both,both,both,both,both,both,both,both,both,both,both,both
road_901,both,both,both,both,both,both,both,both,both,both,both,both,both,both,both,both,both,both,both,both,both,both,both,both,both,both,both,both,both,both,both
road_902,both,both,both,both,both,both,both,both,both,both,both,both,both,both,both,both,both,both,both,both,both,both,both,both,both,both,both,both,both,both,both
road_903,both,both,both,both,both,both,both,both,both,both,both,both,both,both,both,both,both,both,both,both,both,both,both,both,both,both,both,both,both,both,both
road_904,both,both,both,both,both,both,both,both,both,both,both,both,both,both,both,both,both,both,both,both,both,both,both,both,both,both,both,both,both,both,both
road_905,both,both,both,both,both,both,both,both,both,both,both,both,both,both,both,both,both,both,both,both,both,both,both,both,both,both,both,both,both,both,both
road_906,both,both,both,both,both,both,both,both,both,both,both,both,both,both,both,both,both,both,both,both,both,both,both,both,both,both,both,both,both,both,both
road_907,both,both,both,both,both,both,both,both,both,both,both,both,both,both,both,both,both,both,both,both,both,both,both,both,both,both,both,both,both,both,both
road_908,both,both,both,both,both,both,both,both,both,both,both,both,both,both,both,both,both,both,both,both,both,both,both,both,both,both,both,both,both,both,both
road_909,both,both,both,both,both,both,both,both,both,both,both,both,both,both,both,both,both,both,both,both,both,both,both,both,both,both,both,both,both,both,both
road_910,both,both,both,both,both,both,both,both,both,both,both,both,both,both,both,both,both,both,both,both,both,both,both,both,both,both,both,both,both,both,both
road_911,both,both,both,both,both,both,both,both,both,both,both,both,both,both,both,both,both,both,both,both,both,both,both,both,both,both,both,both,both,both,both
road_912,both,both,both,both,both,both,both,both,both,both,both,both,both,both,both,both,both,both,both,both,both,both,both,both,both,both,both,both,both,both,both
road_913,both,both,both,both,both,both,both,both,both,both,both,both,both,both,both,both,both,both,both,both,both,both,both,both,both,both,both,both,both,both,both
road_914,both,both,both,both,both,both,both,both,both,both,both,both,both,both,both,both,both,both,both,both,both,both,both,both,both,both,both,both,both,both,both
road_915,both,both,both,both,both,both,both,both,both,both,both,both,both,both,both,both,both,both,both,both,both,both,both,both,both,both,both,both,both,both,both
road_916,both,both,both,both,both,both,both,both,both,both,both,both,both,both,both,both,both,both,both,both,both,both,both,both,both,both,both,both,both,both,both
road_917,both,both,both,both,both,both,both,both,both,both,both,both,both,both,both,both,both,both,both,both,both,both,both,both,both,both,both,both,both,both,both
road_918,both,both,both,both,both,both,both,both,both,both,both,both,both,both,both,both,both,both,both,both,both,both,both,both,both,both,both,both,both,both,both
road_919,both,both,both,both,both,both,both,both,both,both,both,both,both,both,both,both,both,both,both,both,both,both,both,both,both,both,both,both,both,both,both
road_920,both,both,both,both,both,both,both,both,both,both,both,both,both,both,both,both,both,both,both,both,both,both,both,both,both,both,both,both,both,both,both
road_921,both,both,both,both,both,both,both,both,both,both,both,both,both,both,both,both,both,both,both,both,both,both,both,both,both,both,both,both,both,both,both
road_922,both,both,both,both,both,both,both,both,both,both,both,both,both,both,both,both,both,both,both,both,both,both,both,both,both,both,both,both,both,both,both
road_923,both,both,both,both,both,both,both,both,both,both,both,both,both,both,both,both,both,both,both,both,both,both,both,both,both,both,both,both,both,both,both
road_924,both,both,both,both,both,both,both,both,both,both,both,both,both,both,both,both,both,both,both,both,both,both,both,both,both,both,both,both,both,both,both
road_925,both,both,both,both,both,both,both,both,both,both,both,both,both,both,both,both,both,both,both,both,both,both,both,both,both,both,both,both,both,both,both
road_926,both,both,both,both,both,both,both,both,both,both,both,both,both,both,both,both,both,both,both,both,both,both,both,both,both,both,both,both,both,both,both
road_927,both,both,both,both,both,both,both,both,both,both,both,both,both,both,both,both,both,both,both,both,both,both,both,both,both,both,both,both,both,both,both
road_928,both,both,both,both,both,both,both,both,both,both,both,both,both,both,both,both,both,both,both,both,both,both,both,both,both,both,both,both,both,both,both
road_929,both,both,both,both,both,both,both,both,both,both,both,both,both,both,both,both,both,both,both,both,both,both,both,both,both,both,both,both,both,both,both
road_930,both,both,both,both,both,both,both,both,both,both,both,both,both,both,both,both,both,both,both,both,both,both,both,both,both,both,both,both,both,both,both
road_931,both,both,both,both,both,both,both,both,both,both,both,both,both,both,both,both,both,both,both,both,both,both,both,both,both,both,both,both,both,both,both
road_932,both,both,both,both,both,both,both,both,both,both,both,both,both,both,both,both,both,both,both,both,both,both,both,both,both,both,both,both,both,both,both
road_933,both,both,both,both,both,both,both,both,both,both,both,both,both,both,both,both,both,both,both,both,both,both,both,both,both,both,both,both,both,both,both
road_934,both,both,both,both,both,both,both,both,both,both,both,both,both,both,both,both,both,both,both,both,both,both,both,both,both,both,both,both,both,both,both
road_935,both,both,both,both,both,both,both,both,both,both,both,both,both,both,both,both,both,both,both,both,both,both,both,both,both,both,both,both,both,both,both
road_936,both,both,both,both,both,both,both,both,both,both,both,both,both,both,both,both,both,both,both,both,both,both,both,both,both,both,both,both,both,both,both
road_937,both,both,both,both,both,both,both,both,both,both,both,both,both,both,both,both,both,both,both,both,both,both,both,both,both,both,both,both,both,both,both
road_938,both,both,both,both,both,both,both,both,both,both,both,both,both,both,both,both,both,both,both,both,both,both,both,both,both,both,both,both,both,both,both
road_939,both,both,both,both,both,both,both,both,both,both,both,both,both,both,both,both,both,both,both,both,both,both,both,both,both,both,both,both,both,both,both
road_940,both,both,both,both,both,both,both,both,both,both,both,both,both,both,both,both,both,both,both,both,both,both,both,both,both,both,both,both,both,both,both
road_941,both,both,both,both,both,both,both,both,both,both,both,both,both,both,both,both,both,both,both,both,both,both,both,both,both,both,both,both,both,both,both
road_942,both,both,both,both,both,both,both,both,both,both,both,both,both,both,both,both,both,both,both,both,both,both,both,both,both,both,both,both,both,both,both
road_943,both,both,both,both,both,both,both,both,both,both,both,both,both,both,both,both,both,both,both,both,both,both,both,both,both,both,both,both,both,both,both
road_944,both,both,both,both,both,both,both,both,both,both,both,both,both,both,both,both,both,both,both,both,both,both,both,both,both,both,both,both,both,both,both
road_945,both,both,both,both,both,both,both,both,both,both,both,both,both,both,both,both,both,both,both,both,both,both,both,both,both,both,both,both,both,both,both
road_946,both,both,both,both,both,both,both,both,both,both,both,both,both,both,both,both,both,both,both,both,both,both,both,both,both,both,both,both,both,both,both
road_947,both,both,both,both,both,both,both,both,both,both,both,both,both,both,both,both,both,both,both,both,both,both,both,both,both,both,both,both,both,both,both
road_948,both,both,both,both,both,both,both,both,both,both,both,both,both,both,both,both,both,both,both,both,both,both,both,both,both,both,both,both,both,both,both
road_949,both,both,both,both,both,both,both,both,both,both,both,both,both,both,both,both,both,both,both,both,both,both,both,both,both,both,both,both,both,both,both
road_950,both,both,both,both,both,both,both,both,both,both,both,both,both,both,both,both,both,both,both,both,both,both,both,both,both,both,both,both,both,both,both
road_951,both,both,both,both,both,both,both,both,both,both,both,both,both,both,both,both,both,both,both,both,both,both,both,both,both,both,both,both,both,both,both
road_952,both,both,both,both,both,both,both,both,both,both,both,both,both,both,both,both,both,both,both,both,both,both,both,both,both,both,both,both,both,both,both
road_953,both,both,both,both,both,both,both,both,both,both,both,both,both,both,both,both,both,both,both,both,both,both,both,both,both,both,both,both,both,both,both
road_954,both,both,both,both,both,both,both,both,both,both,both,both,both,both,both,both,both,both,both,both,both,both,both,both,both,both,both,both,both,both,both
road_955,both,both,both,both,both,both,both,both,both,both,both,both,both,both,both,both,both,both,both,both,both,both,both,both,both,both,both,both,both,both,both
road_956,both,both,both,both,both,both,both,both,both,both,both,both,both,both,both,both,both,both,both,both,both,both,both,both,both,both,both,both,both,both,both
road_957,both,both,both,both,both,both,both,both,both,both,both,both,both,both,both,both,both,both,both,both,both,both,both,both,both,both,both,both,both,both,both
road_958,both,both,both,both,both,both,both,both,both,both,both,both,both,both,both,both,both,both,both,both,both,both,both,both,both,both,both,both,both,both,both
road_959,both,both,both,both,both,both,both,both,both,both,both,both,both,both,both,both,both,both,both,both,both,both,both,both,both,both,both,both,both,both,both
road_960,both,both,both,both,both,both,both,both,both,both,both,both,both,both,both,both,both,both,both,both,both,both,both,both,both,both,both,both,both,both,both
road_961,both,both,both,both,both,both,both,both,both,both,both,both,both,both,both,both,both,both,both,both,both,both,both,both,both,both,both,both,both,both,both
road_962,both,both,both,both,both,both,both,both,both,both,both,both,both,both,both,both,both,both,both,both,both,both,both,both,both,both,both,both,both,both,both
road_963,both,both,both,both,both,both,both,both,both,both,both,both,both,both,both,both,both,both,both,both,both,both,both,both,both,both,both,both,both,both,both
road_964,both,both,both,both,both,both,both,both,both,both,both,both,both,both,both,both,both,both,both,both,both,both,both,both,both,both,both,both,both,both,both
road_965,both,both,both,both,both,both,both,both,both,both,both,both,both,both,both,both,both,both,both,both,both,both,both,both,both,both,both,both,both,both,both
road_966,both,both,both,both,both,both,both,both,both,both,both,both,both,both,both,both,both,both,both,both,both,both,both,both,both,both,both,both,both,both,both
road_967,both,both,both,both,both,both,both,both,both,both,both,both,both,both,both,both,both,both,both,both,both,both,both,both,both,both,both,both,both,both,both
road_968,both,both,both,both,both,both,both,both,both,both,both,both,both,both,both,both,both,both,both,both,both,both,both,both,both,both,both,both,both,both,both
road_969,both,both,both,both,both,both,both,both,both,both,both,both,both,both,both,both,both,both,both,both,both,both,both,both,both,both,both,both,both,both,both
road_970,both,both,both,both,both,both,both,both,both,both,both,both,both,both,both,both,both,both,both,both,both,both,both,both,both,both,both,both,both,both,both
road_971,both,both,both,both,both,both,both,both,both,both,both,both,both,both,both,both,both,both,both,both,both,both,both,both,both,both,both,both,both,both,both
road_972,both,both,both,both,both,both,both,both,both,both,both,both,both,both,both,both,both,both,both,both,both,both,both,both,both,both,both,both,both,both,both
road_973,both,both,both,both,both,both,both,both,both,both,both,both,both,both,both,both,both,both,both,both,both,both,both,both,both,both,both,both,both,both,both
road_974,both,both,both,both,both,both,both,both,both,both,both,both,both,both,both,both,both,both,both,both,both,both,both,both,both,both,both,both,both,both,both
road_975,both,both,both,both,both,both,both,both,both,both,both,both,both,both,both,both,both,both,both,both,both,both,both,both,both,both,both,both,both,both,both
road_976,both,both,both,both,both,both,both,both,both,both,both,both,both,both,both,both,both,both,both,both,both,both,both,both,both,both,both,both,both,both,both
road_977,both,both,both,both,both,both,both,both,both,both,both,both,both,both,both,both,both,both,both,both,both,both,both,both,both,both,both,both,both,both,both
road_978,both,both,both,both,both,both,both,both,both,both,both,both,both,both,both,both,both,both,both,both,both,both,both,both,both,both,both,both,both,both,both
road_979,both,both,both,both,both,both,both,both,both,both,both,both,both,both,both,both,both,both,both,both,both,both,both,both,both,both,both,both,both,both,both
road_980,both,both,both,both,both,both,both,both,both,both,both,both,both,both,both,both,both,both,both,both,both,both,both,both,both,both,both,both,both,both,both
road_981,both,both,both,both,both,both,both,both,both,both,both,both,both,both,both,both,both,both,both,both,both,both,both,both,both,both,both,both,both,both,both
road_982,both,both,both,both,both,both,both,both,both,both,both,both,both,both,both,both,both,both,both,both,both,both,both,both,both,both,both,both,both,both,both
road_983,both,both,both,both,both,both,both,both,both,both,both,both,both,both,both,both,both,both,both,both,both,both,both,both,both,both,both,both,both,both,both
road_984,both,both,both,both,both,both,both,both,both,both,both,both,both,both,both,both,both,both,both,both,both,both,both,both,both,both,both,both,both,both,both
road_985,both,both,both,both,both,both,both,both,both,both,both,both,both,both,both,both,both,both,both,both,both,both,both,both,both,both,both,both,both,both,both
road_986,both,both,both,both,both,both,both,both,both,both,both,both,both,both,both,both,both,both,both,both,both,both,both,both,both,both,both,both,both,both,both
road_987,both,both,both,both,both,both,both,both,both,both,both,both,both,both,both,both,both,both,both,both,both,both,both,both,both,both,both,both,both,both,both
road_988,both,both,both,both,both,both,both,both,both,both,both,both,both,both,both,both,both,both,both,both,both,both,both,both,both,both,both,both,both,both,both
road_989,both,both,both,both,both,both,both,both,both,both,both,both,both,both,both,both,both,both,both,both,both,both,both,both,both,both,both,both,both,both,both
road_990,both,both,both,both,both,both,both,both,both,both,both,both,both,both,both,both,both,both,both,both,both,both,both,both,both,both,both,both,both,both,both
road_991,both,both,both,both,both,both,both,both,both,both,both,both,both,both,both,both,both,both,both,both,both,both,both,both,both,both,both,both,both,both,both
road_992,both,both,both,both,both,both,both,both,both,both,both,both,both,both,both,both,both,both,both,both,both,both,both,both,both,both,both,both,both,both,both
road_993,both,both,both,both,both,both,both,both,both,both,both,both,both,both,both,both,both,both,both,both,both,both,both,both,both,both,both,both,both,both,both
road_994,both,both,both,both,both,both,both,both,both,both,both,both,both,both,both,both,both,both,both,both,both,both,both,both,both,both,both,both,both,both,both
road_995,both,both,both,both,both,both,both,both,both,both,both,both,both,both,both,both,both,both,both,both,both,both,both,both,both,both,both,both,both,both,both
road_996,both,both,both,both,both,both,both,both,both,both,both,both,both,both,both,both,both,both,both,both,both,both,both,both,both,both,both,both,both,both,both
road_997,both,both,both,both,both,both,both,both,both,both,both,both,both,both,both,both,both,both,both,both,both,both,both,both,both,both,both,both,both,both,both
road_998,both,both,both,both,both,both,both,both,both,both,both,both,both,both,both,both,both,both,both,both,both,both,both,both,both,both,both,both,both,both,both
road_999,both,both,both,both,both,both,both,both,both,both,both,both,both,both,both,both,both,both,both,both,both,both,both,both,both,both,both,both,both,both,both
road_1000,both,both,both,both,both,both,both,both,both,both,both,both,both,both,both,both,both,both,both,both,both,both,both,both,both,both,both,both,both,both,both
road_1001,both,both,both,both,both,both,both,both,both,both,both,both,both,both,both,both,both,both,both,both,both,both,both,both,both,both,both,both,both,both,both
road_1002,both,both,both,both,both,both,both,both,both,both,both,both,both,both,both,both,both,both,both,both,both,both,both,both,both,both,both,both,both,both,both
road_1003,both,both,both,both,both,both,both,both,both,both,both,both,both,both,both,both,both,both,both,both,both,both,both,both,both,both,both,both,both,both,both
road_1004,both,both,both,both,both,both,both,both,both,both,both,both,both,both,both,both,both,both,both,both,both,both,both,both,both,both,both,both,both,both,both
road_1005,both,both,both,both,both,both,both,both,both,both,both,both,both,both,both,both,both,both,both,both,both,both,both,both,both,both,both,both,both,both,both
road_1006,both,both,both,both,both,both,both,both,both,both,both,both,both,both,both,both,both,both,both,both,both,both,both,both,both,both,both,both,both,both,both
road_1007,both,both,both,both,both,both,both,both,both,both,both,both,both,both,both,both,both,both,both,both,both,both,both,both,both,both,both,both,both,both,both
road_1008,both,both,both,both,both,both,both,both,both,both,both,both,both,both,both,both,both,both,both,both,both,both,both,both,both,both,both,both,both,both,both
road_1009,both,both,both,both,both,both,both,both,both,both,both,both,both,both,both,both,both,both,both,both,both,both,both,both,both,both,both,both,both,both,both
road_1010,both,both,both,both,both,both,both,both,both,both,both,both,both,both,both,both,both,both,both,both,both,both,both,both,both,both,both,both,both,both,both
road_1011,both,both,both,both,both,both,both,both,both,both,both,both,both,both,both,both,both,both,both,both,both,both,both,both,both,both,both,both,both,both,both
road_1012,both,both,both,both,both,both,both,both,both,both,both,both,both,both,both,both,both,both,both,both,both,both,both,both,both,both,both,both,both,both,both
road_1013,both,both,both,both,both,both,both,both,both,both,both,both,both,both,both,both,both,both,both,both,both,both,both,both,both,both,both,both,both,both,both
road_1014,both,both,both,both,both,both,both,both,both,both,both,both,both,both,both,both,both,both,both,both,both,both,both,both,both,both,both,both,both,both,both
road_1015,both,both,both,both,both,both,both,both,both,both,both,both,both,both,both,both,both,both,both,both,both,both,both,both,both,both,both,both,both,both,both
road_1016,both,both,both,both,both,both,both,both,both,both,both,both,both,both,both,both,both,both,both,both,both,both,both,both,both,both,both,both,both,both,both
road_1017,both,both,both,both,both,both,both,both,both,both,both,both,both,both,both,both,both,both,both,both,both,both,both,both,both,both,both,both,both,both,both
road_1018,both,both,both,both,both,both,both,both,both,both,both,both,both,both,both,both,both,both,both,both,both,both,both,both,both,both,both,both,both,both,both
road_1019,both,both,both,both,both,both,both,both,both,both,both,both,both,both,both,both,both,both,both,both,both,both,both,both,both,both,both,both,both,both,both
road_1020,both,both,both,both,both,both,both,both,both,both,both,both,both,both,both,both,both,both,both,both,both,both,both,both,both,both,both,both,both,both,both
road_1021,both,both,both,both,both,both,both,both,both,both,both,both,both,both,both,both,both,both,both,both,both,both,both,both,both,both,both,both,both,both,both
road_1022,both,both,both,both,both,both,both,both,both,both,both,both,both,both,both,both,both,both,both,both,both,both,both,both,both,both,both,both,both,both,both
road_1023,both,both,both,both,both,both,both,both,both,both,both,both,both,both,both,both,both,both,both,both,both,both,both,both,both,both,both,both,both,both,both
road_1024,both,both,both,both,both,both,both,both,both,both,both,both,both,both,both,both,both,both,both,both,both,both,both,both,both,both,both,both,both,both,both
road_1025,both,both,both,both,both,both,both,both,both,both,both,both,both,both,both,both,both,both,both,both,both,both,both,both,both,both,both,both,both,both,both
road_1026,both,both,both,both,both,both,both,both,both,both,both,both,both,both,both,both,both,both,both,both,both,both,both,both,both,both,both,both,both,both,both
road_1027,both,both,both,both,both,both,both,both,both,both,both,both,both,both,both,both,both,both,both,both,both,both,both,both,both,both,both,both,both,both,both
road_1028,both,both,both,both,both,both,both,both,both,both,both,both,both,both,both,both,both,both,both,both,both,both,both,both,both,both,both,both,both,both,both
road_1029,both,both,both,both,both,both,both,both,both,both,both,both,both,both,both,both,both,both,both,both,both,both,both,both,both,both,both,both,both,both,both
road_1030,both,both,both,both,both,both,both,both,both,both,both,both,both,both,both,both,both,both,both,both,both,both,both,both,both,both,both,both,both,both,both
road_1031,both,both,both,both,both,both,both,both,both,both,both,both,both,both,both,both,both,both,both,both,both,both,both,both,both,both,both,both,both,both,both
road_1032,both,both,both,both,both,both,both,both,both,both,both,both,both,both,both,both,both,both,both,both,both,both,both,both,both,both,both,both,both,both,both
road_1033,both,both,both,both,both,both,both,both,both,both,both,both,both,both,both,both,both,both,both,both,both,both,both,both,both,both,both,both,both,both,both
road_1034,both,both,both,both,both,both,both,both,both,both,both,both,both,both,both,both,both,both,both,both,both,both,both,both,both,both,both,both,both,both,both
road_1035,both,both,both,both,both,both,both,both,both,both,both,both,both,both,both,both,both,both,both,both,both,both,both,both,both,both,both,both,both,both,both
road_1036,both,both,both,both,both,both,both,both,both,both,both,both,both,both,both,both,both,both,both,both,both,both,both,both,both,both,both,both,both,both,both
road_1037,both,both,both,both,both,both,both,both,both,both,both,both,both,both,both,both,both,both,both,both,both,both,both,both,both,both,both,both,both,both,both
road_1038,both,both,both,both,both,both,both,both,both,both,both,both,both,both,both,both,both,both,both,both,both,both,both,both,both,both,both,both,both,both,both
road_1039,both,both,both,both,both,both,both,both,both,both,both,both,both,both,both,both,both,both,both,both,both,both,both,both,both,both,both,both,both,both,both
road_1040,both,both,both,both,both,both,both,both,both,both,both,both,both,both,both,both,both,both,both,both,both,both,both,both,both,both,both,both,both,both,both
road_1041,both,both,both,both,both,both,both,both,both,both,both,both,both,both,both,both,both,both,both,both,both,both,both,both,both,both,both,both,both,both,both
road_1042,both,both,both,both,both,both,both,both,both,both,both,both,both,both,both,both,both,both,both,both,both,both,both,both,both,both,both,both,both,both,both
road_1043,both,both,both,both,both,both,both,both,both,both,both,both,both,both,both,both,both,both,both,both,both,both,both,both,both,both,both,both,both,both,both
road_1044,both,both,both,both,both,both,both,both,both,both,both,both,both,both,both,both,both,both,both,both,both,both,both,both,both,both,both,both,both,both,both
road_1045,both,both,both,both,both,both,both,both,both,both,both,both,both,both,both,both,both,both,both,both,both,both,both,both,both,both,both,both,both,both,both
road_1046,both,both,both,both,both,both,both,both,both,both,both,both,both,both,both,both,both,both,both,both,both,both,both,both,both,both,both,both,both,both,both
road_1047,both,both,both,both,both,both,both,both,both,both,both,both,both,both,both,both,both,both,both,both,both,both,both,both,both,both,both,both,both,both,both
road_1048,both,both,both,both,both,both,both,both,both,both,both,both,both,both,both,both,both,both,both,both,both,both,both,both,both,both,both,both,both,both,both
road_1049,both,both,both,both,both,both,both,both,both,both,both,both,both,both,both,both,both,both,both,both,both,both,both,both,both,both,both,both,both,both,both
road_1050,both,both,both,both,both,both,both,both,both,both,both,both,both,both,both,both,both,both,both,both,both,both,both,both,both,both,both,both,both,both,both
road_1051,both,both,both,both,both,both,both,both,both,both,both,both,both,both,both,both,both,both,both,both,both,both,both,both,both,both,both,both,both,both,both
road_1052,both,both,both,both,both,both,both,both,both,both,both,both,both,both,both,both,both,both,both,both,both,both,both,both,both,both,both,both,both,both,both
road_1053,both,both,both,both,both,both,both,both,both,both,both,both,both,both,both,both,both,both,both,both,both,both,both,both,both,both,both,both,both,both,both
road_1054,both,both,both,both,both,both,both,both,both,both,both,both,both,both,both,both,both,both,both,both,both,both,both,both,both,both,both,both,both,both,both
road_1055,both,both,both,both,both,both,both,both,both,both,both,both,both,both,both,both,both,both,both,both,both,both,both,both,both,both,both,both,both,both,both
road_1056,both,both,both,both,both,both,both,both,both,both,both,both,both,both,both,both,both,both,both,both,both,both,both,both,both,both,both,both,both,both,both
road_1057,both,both,both,both,both,both,both,both,both,both,both,both,both,both,both,both,both,both,both,both,both,both,both,both,both,both,both,both,both,both,both
road_1058,both,both,both,both,both,both,both,both,both,both,both,both,both,both,both,both,both,both,both,both,both,both,both,both,both,both,both,both,both,both,both
road_1059,both,both,both,both,both,both,both,both,both,both,both,both,both,both,both,both,both,both,both,both,both,both,both,both,both,both,both,both,both,both,both
road_1060,both,both,both,both,both,both,both,both,both,both,both,both,both,both,both,both,both,both,both,both,both,both,both,both,both,both,both,both,both,both,both
road_1061,both,both,both,both,both,both,both,both,both,both,both,both,both,both,both,both,both,both,both,both,both,both,both,both,both,both,both,both,both,both,both
road_1062,both,both,both,both,both,both,both,both,both,both,both,both,both,both,both,both,both,both,both,both,both,both,both,both,both,both,both,both,both,both,both
road_1063,both,both,both,both,both,both,both,both,both,both,both,both,both,both,both,both,both,both,both,both,both,both,both,both,both,both,both,both,both,both,both
road_1064,both,both,both,both,both,both,both,both,both,both,both,both,both,both,both,both,both,both,both,both,both,both,both,both,both,both,both,both,both,both,both
road_1065,both,both,both,both,both,both,both,both,both,both,both,both,both,both,both,both,both,both,both,both,both,both,both,both,both,both,both,both,both,both,both
road_1066,both,both,both,both,both,both,both,both,both,both,both,both,both,both,both,both,both,both,both,both,both,both,both,both,both,both,both,both,both,both,both
road_1067,both,both,both,both,both,both,both,both,both,both,both,both,both,both,both,both,both,both,both,both,both,both,both,both,both,both,both,both,both,both,both
road_1068,both,both,both,both,both,both,both,both,both,both,both,both,both,both,both,both,both,both,both,both,both,both,both,both,both,both,both,both,both,both,both
road_1069,both,both,both,both,both,both,both,both,both,both,both,both,both,both,both,both,both,both,both,both,both,both,both,both,both,both,both,both,both,both,both
road_1070,both,both,both,both,both,both,both,both,both,both,both,both,both,both,both,both,both,both,both,both,both,both,both,both,both,both,both,both,both,both,both
road_1071,both,both,both,both,both,both,both,both,both,both,both,both,both,both,both,both,both,both,both,both,both,both,both,both,both,both,both,both,both,both,both
road_1072,both,both,both,both,both,both,both,both,both,both,both,both,both,both,both,both,both,both,both,both,both,both,both,both,both,both,both,both,both,both,both
road_1073,both,both,both,both,both,both,both,both,both,both,both,both,both,both,both,both,both,both,both,both,both,both,both,both,both,both,both,both,both,both,both
road_1074,both,both,both,both,both,both,both,both,both,both,both,both,both,both,both,both,both,both,both,both,both,both,both,both,both,both,both,both,both,both,both
road_1075,both,both,both,both,both,both,both,both,both,both,both,both,both,both,both,both,both,both,both,both,both,both,both,both,both,both,both,both,both,both,both
road_1076,both,both,both,both,both,both,both,both,both,both,both,both,both,both,both,both,both,both,both,both,both,both,both,both,both,both,both,both,both,both,both
road_1077,both,both,both,both,both,both,both,both,both,both,both,both,both,both,both,both,both,both,both,both,both,both,both,both,both,both,both,both,both,both,both
road_1078,both,both,both,both,both,both,both,both,both,both,both,both,both,both,both,both,both,both,both,both,both,both,both,both,both,both,both,both,both,both,both
road_1079,both,both,both,both,both,both,both,both,both,both,both,both,both,both,both,both,both,both,both,both,both,both,both,both,both,both,both,both,both,both,both
road_1080,both,both,both,both,both,both,both,both,both,both,both,both,both,both,both,both,both,both,both,both,both,both,both,both,both,both,both,both,both,both,both
road_1081,both,both,both,both,both,both,both,both,both,both,both,both,both,both,both,both,both,both,both,both,both,both,both,both,both,both,both,both,both,both,both
road_1082,both,both,both,both,both,both,both,both,both,both,both,both,both,both,both,both,both,both,both,both,both,both,both,both,both,both,both,both,both,both,both
road_1083,both,both,both,both,both,both,both,both,both,both,both,both,both,both,both,both,both,both,both,both,both,both,both,both,both,both,both,both,both,both,both
road_1084,both,both,both,both,both,both,both,both,both,both,both,both,both,both,both,both,both,both,both,both,both,both,both,both,both,both,both,both,both,both,both
road_1085,both,both,both,both,both,both,both,both,both,both,both,both,both,both,both,both,both,both,both,both,both,both,both,both,both,both,both,both,both,both,both
road_1086,both,both,both,both,both,both,both,both,both,both,both,both,both,both,both,both,both,both,both,both,both,both,both,both,both,both,both,both,both,both,both
road_1087,both,both,both,both,both,both,both,both,both,both,both,both,both,both,both,both,both,both,both,both,both,both,both,both,both,both,both,both,both,both,both
road_1088,both,both,both,both,both,both,both,both,both,both,both,both,both,both,both,both,both,both,both,both,both,both,both,both,both,both,both,both,both,both,both
road_1089,both,both,both,both,both,both,both,both,both,both,both,both,both,both,both,both,both,both,both,both,both,both,both,both,both,both,both,both,both,both,both
road_1090,both,both,both,both,both,both,both,both,both,both,both,both,both,both,both,both,both,both,both,both,both,both,both,both,both,both,both,both,both,both,both
road_1091,both,both,both,both,both,both,both,both,both,both,both,both,both,both,both,both,both,both,both,both,both,both,both,both,both,both,both,both,both,both,both
road_1092,both,both,both,both,both,both,both,both,both,both,both,both,both,both,both,both,both,both,both,both,both,both,both,both,both,both,both,both,both,both,both
road_1093,both,both,both,both,both,both,both,both,both,both,both,both,both,both,both,both,both,both,both,both,both,both,both,both,both,both,both,both,both,both,both
road_1094,both,both,both,both,both,both,both,both,both,both,both,both,both,both,both,both,both,both,both,both,both,both,both,both,both,both,both,both,both,both,both
road_1095,both,both,both,both,both,both,both,both,both,both,both,both,both,both,both,both,both,both,both,both,both,both,both,both,both,both,both,both,both,both,both
road_1096,both,both,both,both,both,both,both,both,both,both,both,both,both,both,both,both,both,both,both,both,both,both,both,both,both,both,both,both,both,both,both
road_1097,both,both,both,both,both,both,both,both,both,both,both,both,both,both,both,both,both,both,both,both,both,both,both,both,both,both,both,both,both,both,both
road_1098,both,both,both,both,both,both,both,both,both,both,both,both,both,both,both,both,both,both,both,both,both,both,both,both,both,both,both,both,both,both,both
road_1099,both,both,both,both,both,both,both,both,both,both,both,both,both,both,both,both,both,both,both,both,both,both,both,both,both,both,both,both,both,both,both
road_1100,both,both,both,both,both,both,both,both,both,both,both,both,both,both,both,both,both,both,both,both,both,both,both,both,both,both,both,both,both,both,both
road_1101,both,both,both,both,both,both,both,both,both,both,both,both,both,both,both,both,both,both,both,both,both,both,both,both,both,both,both,both,both,both,both
road_1102,both,both,both,both,both,both,both,both,both,both,both,both,both,both,both,both,both,both,both,both,both,both,both,both,both,both,both,both,both,both,both
road_1103,both,both,both,both,both,both,both,both,both,both,both,both,both,both,both,both,both,both,both,both,both,both,both,both,both,both,both,both,both,both,both
road_1104,both,both,both,both,both,both,both,both,both,both,both,both,both,both,both,both,both,both,both,both,both,both,both,both,both,both,both,both,both,both,both
road_1105,both,both,both,both,both,both,both,both,both,both,both,both,both,both,both,both,both,both,both,both,both,both,both,both,both,both,both,both,both,both,both
road_1106,both,both,both,both,both,both,both,both,both,both,both,both,both,both,both,both,both,both,both,both,both,both,both,both,both,both,both,both,both,both,both
road_1107,both,both,both,both,both,both,both,both,both,both,both,both,both,both,both,both,both,both,both,both,both,both,both,both,both,both,both,both,both,both,both
road_1108,both,both,both,both,both,both,both,both,both,both,both,both,both,both,both,both,both,both,both,both,both,both,both,both,both,both,both,both,both,both,both
road_1109,both,both,both,both,both,both,both,both,both,both,both,both,both,both,both,both,both,both,both,both,both,both,both,both,both,both,both,both,both,both,both
road_1110,both,both,both,both,both,both,both,both,both,both,both,both,both,both,both,both,both,both,both,both,both,both,both,both,both,both,both,both,both,both,both
road_1111,both,both,both,both,both,both,both,both,both,both,both,both,both,both,both,both,both,both,both,both,both,both,both,both,both,both,both,both,both,both,both
road_1112,both,both,both,both,both,both,both,both,both,both,both,both,both,both,both,both,both,both,both,both,both,both,both,both,both,both,both,both,both,both,both
road_1113,both,both,both,both,both,both,both,both,both,both,both,both,both,both,both,both,both,both,both,both,both,both,both,both,both,both,both,both,both,both,both
road_1114,both,both,both,both,both,both,both,both,both,both,both,both,both,both,both,both,both,both,both,both,both,both,both,both,both,both,both,both,both,both,both
road_1115,both,both,both,both,both,both,both,both,both,both,both,both,both,both,both,both,both,both,both,both,both,both,both,both,both,both,both,both,both,both,both
road_1116,both,both,both,both,both,both,both,both,both,both,both,both,both,both,both,both,both,both,both,both,both,both,both,both,both,both,both,both,both,both,both
road_1117,both,both,both,both,both,both,both,both,both,both,both,both,both,both,both,both,both,both,both,both,both,both,both,both,both,both,both,both,both,both,both
road_1118,both,both,both,both,both,both,both,both,both,both,both,both,both,both,both,both,both,both,both,both,both,both,both,both,both,both,both,both,both,both,both
road_1119,both,both,both,both,both,both,both,both,both,both,both,both,both,both,both,both,both,both,both,both,both,both,both,both,both,both,both,both,both,both,both
road_1120,both,both,both,both,both,both,both,both,both,both,both,both,both,both,both,both,both,both,both,both,both,both,both,both,both,both,both,both,both,both,both
road_1121,both,both,both,both,both,both,both,both,both,both,both,both,both,both,both,both,both,both,both,both,both,both,both,both,both,both,both,both,both,both,both
road_1122,both,both,both,both,both,both,both,both,both,both,both,both,both,both,both,both,both,both,both,both,both,both,both,both,both,both,both,both,both,both,both
road_1123,both,both,both,both,both,both,both,both,both,both,both,both,both,both,both,both,both,both,both,both,both,both,both,both,both,both,both,both,both,both,both
road_1124,both,both,both,both,both,both,both,both,both,both,both,both,both,both,both,both,both,both,both,both,both,both,both,both,both,both,both,both,both,both,both
road_1125,both,both,both,both,both,both,both,both,both,both,both,both,both,both,both,both,both,both,both,both,both,both,both,both,both,both,both,both,both,both,both
road_1126,both,both,both,both,both,both,both,both,both,both,both,both,both,both,both,both,both,both,both,both,both,both,both,both,both,both,both,both,both,both,both
road_1127,both,both,both,both,both,both,both,both,both,both,both,both,both,both,both,both,both,both,both,both,both,both,both,both,both,both,both,both,both,both,both
road_1128,both,both,both,both,both,both,both,both,both,both,both,both,both,both,both,both,both,both,both,both,both,both,both,both,both,both,both,both,both,both,both
road_1129,both,both,both,both,both,both,both,both,both,both,both,both,both,both,both,both,both,both,both,both,both,both,both,both,both,both,both,both,both,both,both
road_1130,both,both,both,both,both,both,both,both,both,both,both,both,both,both,both,both,both,both,both,both,both,both,both,both,both,both,both,both,both,both,both
road_1131,both,both,both,both,both,both,both,both,both,both,both,both,both,both,both,both,both,both,both,both,both,both,both,both,both,both,both,both,both,both,both
road_1132,both,both,both,both,both,both,both,both,both,both,both,both,both,both,both,both,both,both,both,both,both,both,both,both,both,both,both,both,both,both,both
road_1133,both,both,both,both,both,both,both,both,both,both,both,both,both,both,both,both,both,both,both,both,both,both,both,both,both,both,both,both,both,both,both
road_1134,both,both,both,both,both,both,both,both,both,both,both,both,both,both,both,both,both,both,both,both,both,both,both,both,both,both,both,both,both,both,both
road_1135,both,both,both,both,both,both,both,both,both,both,both,both,both,both,both,both,both,both,both,both,both,both,both,both,both,both,both,both,both,both,both
road_1136,both,both,both,both,both,both,both,both,both,both,both,both,both,both,both,both,both,both,both,both,both,both,both,both,both,both,both,both,both,both,both
road_1137,both,both,both,both,both,both,both,both,both,both,both,both,both,both,both,both,both,both,both,both,both,both,both,both,both,both,both,both,both,both,both
road_1138,both,both,both,both,both,both,both,both,both,both,both,both,both,both,both,both,both,both,both,both,both,both,both,both,both,both,both,both,both,both,both
road_1139,both,both,both,both,both,both,both,both,both,both,both,both,both,both,both,both,both,both,both,both,both,both,both,both,both,both,both,both,both,both,both
road_1140,both,both,both,both,both,both,both,both,both,both,both,both,both,both,both,both,both,both,both,both,both,both,both,both,both,both,both,both,both,both,both
road_1141,both,both,both,both,both,both,both,both,both,both,both,both,both,both,both,both,both,both,both,both,both,both,both,both,both,both,both,both,both,both,both
road_1142,both,both,both,both,both,both,both,both,both,both,both,both,both,both,both,both,both,both,both,both,both,both,both,both,both,both,both,both,both,both,both
road_1143,both,both,both,both,both,both,both,both,both,both,both,both,both,both,both,both,both,both,both,both,both,both,both,both,both,both,both,both,both,both,both
road_1144,both,both,both,both,both,both,both,both,both,both,both,both,both,both,both,both,both,both,both,both,both,both,both,both,both,both,both,both,both,both,both
road_1145,both,both,both,both,both,both,both,both,both,both,both,both,both,both,both,both,both,both,both,both,both,both,both,both,both,both,both,both,both,both,both
road_1146,both,both,both,both,both,both,both,both,both,both,both,both,both,both,both,both,both,both,both,both,both,both,both,both,both,both,both,both,both,both,both
road_1147,both,both,both,both,both,both,both,both,both,both,both,both,both,both,both,both,both,both,both,both,both,both,both,both,both,both,both,both,both,both,both
road_1148,both,both,both,both,both,both,both,both,both,both,both,both,both,both,both,both,both,both,both,both,both,both,both,both,both,both,both,both,both,both,both
road_1149,both,both,both,both,both,both,both,both,both,both,both,both,both,both,both,both,both,both,both,both,both,both,both,both,both,both,both,both,both,both,both
road_1150,both,both,both,both,both,both,both,both,both,both,both,both,both,both,both,both,both,both,both,both,both,both,both,both,both,both,both,both,both,both,both
road_1151,both,both,both,both,both,both,both,both,both,both,both,both,both,both,both,both,both,both,both,both,both,both,both,both,both,both,both,both,both,both,both
road_1152,both,both,both,both,both,both,both,both,both,both,both,both,both,both,both,both,both,both,both,both,both,both,both,both,both,both,both,both,both,both,both
road_1153,both,both,both,both,both,both,both,both,both,both,both,both,both,both,both,both,both,both,both,both,both,both,both,both,both,both,both,both,both,both,both
road_1154,both,both,both,both,both,both,both,both,both,both,both,both,both,both,both,both,both,both,both,both,both,both,both,both,both,both,both,both,both,both,both
road_1155,both,both,both,both,both,both,both,both,both,both,both,both,both,both,both,both,both,both,both,both,both,both,both,both,both,both,both,both,both,both,both
road_1156,both,both,both,both,both,both,both,both,both,both,both,both,both,both,both,both,both,both,both,both,both,both,both,both,both,both,both,both,both,both,both
road_1157,both,both,both,both,both,both,both,both,both,both,both,both,both,both,both,both,both,both,both,both,both,both,both,both,both,both,both,both,both,both,both
road_1158,both,both,both,both,both,both,both,both,both,both,both,both,both,both,both,both,both,both,both,both,both,both,both,both,both,both,both,both,both,both,both
road_1159,both,both,both,both,both,both,both,both,both,both,both,both,both,both,both,both,both,both,both,both,both,both,both,both,both,both,both,both,both,both,both
road_1160,both,both,both,both,both,both,both,both,both,both,both,both,both,both,both,both,both,both,both,both,both,both,both,both,both,both,both,both,both,both,both
road_1161,both,both,both,both,both,both,both,both,both,both,both,both,both,both,both,both,both,both,both,both,both,both,both,both,both,both,both,both,both,both,both
road_1162,both,both,both,both,both,both,both,both,both,both,both,both,both,both,both,both,both,both,both,both,both,both,both,both,both,both,both,both,both,both,both
road_1163,both,both,both,both,both,both,both,both,both,both,both,both,both,both,both,both,both,both,both,both,both,both,both,both,both,both,both,both,both,both,both
road_1164,both,both,both,both,both,both,both,both,both,both,both,both,both,both,both,both,both,both,both,both,both,both,both,both,both,both,both,both,both,both,both
road_1165,both,both,both,both,both,both,both,both,both,both,both,both,both,both,both,both,both,both,both,both,both,both,both,both,both,both,both,both,both,both,both
road_1166,both,both,both,both,both,both,both,both,both,both,both,both,both,both,both,both,both,both,both,both,both,both,both,both,both,both,both,both,both,both,both
road_1167,both,both,both,both,both,both,both,both,both,both,both,both,both,both,both,both,both,both,both,both,both,both,both,both,both,both,both,both,both,both,both
road_1168,both,both,both,both,both,both,both,both,both,both,both,both,both,both,both,both,both,both,both,both,both,both,both,both,both,both,both,both,both,both,both
road_1169,both,both,both,both,both,both,both,both,both,both,both,both,both,both,both,both,both,both,both,both,both,both,both,both,both,both,both,both,both,both,both
road_1170,both,both,both,both,both,both,both,both,both,both,both,both,both,both,both,both,both,both,both,both,both,both,both,both,both,both,both,both,both,both,both
road_1171,both,both,both,both,both,both,both,both,both,both,both,both,both,both,both,both,both,both,both,both,both,both,both,both,both,both,both,both,both,both,both
road_1172,both,both,both,both,both,both,both,both,both,both,both,both,both,both,both,both,both,both,both,both,both,both,both,both,both,both,both,both,both,both,both
road_1173,both,both,both,both,both,both,both,both,both,both,both,both,both,both,both,both,both,both,both,both,both,both,both,both,both,both,both,both,both,both,both
road_1174,both,both,both,both,both,both,both,both,both,both,both,both,both,both,both,both,both,both,both,both,both,both,both,both,both,both,both,both,both,both,both
road_1175,both,both,both,both,both,both,both,both,both,both,both,both,both,both,both,both,both,both,both,both,both,both,both,both,both,both,both,both,both,both,both
road_1176,both,both,both,both,both,both,both,both,both,both,both,both,both,both,both,both,both,both,both,both,both,both,both,both,both,both,both,both,both,both,both
road_1177,both,both,both,both,both,both,both,both,both,both,both,both,both,both,both,both,both,both,both,both,both,both,both,both,both,both,both,both,both,both,both
road_1178,both,both,both,both,both,both,both,both,both,both,both,both,both,both,both,both,both,both,both,both,both,both,both,both,both,both,both,both,both,both,both
road_1179,both,both,both,both,both,both,both,both,both,both,both,both,both,both,both,both,both,both,both,both,both,both,both,both,both,both,both,both,both,both,both
road_1180,both,both,both,both,both,both,both,both,both,both,both,both,both,both,both,both,both,both,both,both,both,both,both,both,both,both,both,both,both,both,both
road_1181,both,both,both,both,both,both,both,both,both,both,both,both,both,both,both,both,both,both,both,both,both,both,both,both,both,both,both,both,both,both,both
road_1182,both,both,both,both,both,both,both,both,both,both,both,both,both,both,both,both,both,both,both,both,both,both,both,both,both,both,both,both,both,both,both
road_1183,both,both,both,both,both,both,both,both,both,both,both,both,both,both,both,both,both,both,both,both,both,both,both,both,both,both,both,both,both,both,both
road_1184,both,both,both,both,both,both,both,both,both,both,both,both,both,both,both,both,both,both,both,both,both,both,both,both,both,both,both,both,both,both,both
road_1185,both,both,both,both,both,both,both,both,both,both,both,both,both,both,both,both,both,both,both,both,both,both,both,both,both,both,both,both,both,both,both
road_1186,both,both,both,both,both,both,both,both,both,both,both,both,both,both,both,both,both,both,both,both,both,both,both,both,both,both,both,both,both,both,both
road_1187,both,both,both,both,both,both,both,both,both,both,both,both,both,both,both,both,both,both,both,both,both,both,both,both,both,both,both,both,both,both,both
road_1188,both,both,both,both,both,both,both,both,both,both,both,both,both,both,both,both,both,both,both,both,both,both,both,both,both,both,both,both,both,both,both
road_1189,both,both,both,both,both,both,both,both,both,both,both,both,both,both,both,both,both,both,both,both,both,both,both,both,both,both,both,both,both,both,both
road_1190,both,both,both,both,both,both,both,both,both,both,both,both,both,both,both,both,both,both,both,both,both,both,both,both,both,both,both,both,both,both,both
road_1191,both,both,both,both,both,both,both,both,both,both,both,both,both,both,both,both,both,both,both,both,both,both,both,both,both,both,both,both,both,both,both
road_1192,both,both,both,both,both,both,both,both,both,both,both,both,both,both,both,both,both,both,both,both,both,both,both,both,both,both,both,both,both,both,both
road_1193,both,both,both,both,both,both,both,both,both,both,both,both,both,both,both,both,both,both,both,both,both,both,both,both,both,both,both,both,both,both,both
road_1194,both,both,both,both,both,both,both,both,both,both,both,both,both,both,both,both,both,both,both,both,both,both,both,both,both,both,both,both,both,both,both
road_1195,both,both,both,both,both,both,both,both,both,both,both,both,both,both,both,both,both,both,both,both,both,both,both,both,both,both,both,both,both,both,both
road_1196,both,both,both,both,both,both,both,both,both,both,both,both,both,both,both,both,both,both,both,both,both,both,both,both,both,both,both,both,both,both,both
road_1197,both,both,both,both,both,both,both,both,both,both,both,both,both,both,both,both,both,both,both,both,both,both,both,both,both,both,both,both,both,both,both
road_1198,both,both,both,both,both,both,both,both,both,both,both,both,both,both,both,both,both,both,both,both,both,both,both,both,both,both,both,both,both,both,both
road_1199,both,both,both,both,both,both,both,both,both,both,both,both,both,both,both,both,both,both,both,both,both,both,both,both,both,both,both,both,both,both,both
road_1200,both,both,both,both,both,both,both,both,both,both,both,both,both,both,both,both,both,both,both,both,both,both,both,both,both,both,both,both,both,both,both
road_1201,both,both,both,both,both,both,both,both,both,both,both,both,both,both,both,both,both,both,both,both,both,both,both,both,both,both,both,both,both,both,both
road_1202,both,both,both,both,both,both,both,both,both,both,both,both,both,both,both,both,both,both,both,both,both,both,both,both,both,both,both,both,both,both,both
road_1203,both,both,both,both,both,both,both,both,both,both,both,both,both,both,both,both,both,both,both,both,both,both,both,both,both,both,both,both,both,both,both
road_1204,both,both,both,both,both,both,both,both,both,both,both,both,both,both,both,both,both,both,both,both,both,both,both,both,both,both,both,both,both,both,both
road_1205,both,both,both,both,both,both,both,both,both,both,both,both,both,both,both,both,both,both,both,both,both,both,both,both,both,both,both,both,both,both,both
road_1206,both,both,both,both,both,both,both,both,both,both,both,both,both,both,both,both,both,both,both,both,both,both,both,both,both,both,both,both,both,both,both
road_1207,both,both,both,both,both,both,both,both,both,both,both,both,both,both,both,both,both,both,both,both,both,both,both,both,both,both,both,both,both,both,both
road_1208,both,both,both,both,both,both,both,both,both,both,both,both,both,both,both,both,both,both,both,both,both,both,both,both,both,both,both,both,both,both,both
road_1209,both,both,both,both,both,both,both,both,both,both,both,both,both,both,both,both,both,both,both,both,both,both,both,both,both,both,both,both,both,both,both
road_1210,both,both,both,both,both,both,both,both,both,both,both,both,both,both,both,both,both,both,both,both,both,both,both,both,both,both,both,both,both,both,both
road_1211,both,both,both,both,both,both,both,both,both,both,both,both,both,both,both,both,both,both,both,both,both,both,both,both,both,both,both,both,both,both,both
road_1212,both,both,both,both,both,both,both,both,both,both,both,both,both,both,both,both,both,both,both,both,both,both,both,both,both,both,both,both,both,both,both
road_1213,both,both,both,both,both,both,both,both,both,both,both,both,both,both,both,both,both,both,both,both,both,both,both,both,both,both,both,both,both,both,both
road_1214,both,both,both,both,both,both,both,both,both,both,both,both,both,both,both,both,both,both,both,both,both,both,both,both,both,both,both,both,both,both,both
road_1215,both,both,both,both,both,both,both,both,both,both,both,both,both,both,both,both,both,both,both,both,both,both,both,both,both,both,both,both,both,both,both
road_1216,both,both,both,both,both,both,both,both,both,both,both,both,both,both,both,both,both,both,both,both,both,both,both,both,both,both,both,both,both,both,both
road_1217,both,both,both,both,both,both,both,both,both,both,both,both,both,both,both,both,both,both,both,both,both,both,both,both,both,both,both,both,both,both,both
road_1218,both,both,both,both,both,both,both,both,both,both,both,both,both,both,both,both,both,both,both,both,both,both,both,both,both,both,both,both,both,both,both
road_1219,both,both,both,both,both,both,both,both,both,both,both,both,both,both,both,both,both,both,both,both,both,both,both,both,both,both,both,both,both,both,both
road_1220,both,both,both,both,both,both,both,both,both,both,both,both,both,both,both,both,both,both,both,both,both,both,both,both,both,both,both,both,both,both,both
road_1221,both,both,both,both,both,both,both,both,both,both,both,both,both,both,both,both,both,both,both,both,both,both,both,both,both,both,both,both,both,both,both
road_1222,both,both,both,both,both,both,both,both,both,both,both,both,both,both,both,both,both,both,both,both,both,both,both,both,both,both,both,both,both,both,both
road_1223,both,both,both,both,both,both,both,both,both,both,both,both,both,both,both,both,both,both,both,both,both,both,both,both,both,both,both,both,both,both,both
road_1224,both,both,both,both,both,both,both,both,both,both,both,both,both,both,both,both,both,both,both,both,both,both,both,both,both,both,both,both,both,both,both
road_1225,both,both,both,both,both,both,both,both,both,both,both,both,both,both,both,both,both,both,both,both,both,both,both,both,both,both,both,both,both,both,both
road_1226,both,both,both,both,both,both,both,both,both,both,both,both,both,both,both,both,both,both,both,both,both,both,both,both,both,both,both,both,both,both,both
road_1227,both,both,both,both,both,both,both,both,both,both,both,both,both,both,both,both,both,both,both,both,both,both,both,both,both,both,both,both,both,both,both
road_1228,both,both,both,both,both,both,both,both,both,both,both,both,both,both,both,both,both,both,both,both,both,both,both,both,both,both,both,both,both,both,both
road_1229,both,both,both,both,both,both,both,both,both,both,both,both,both,both,both,both,both,both,both,both,both,both,both,both,both,both,both,both,both,both,both
road_1230,both,both,both,both,both,both,both,both,both,both,both,both,both,both,both,both,both,both,both,both,both,both,both,both,both,both,both,both,both,both,both
road_1231,both,both,both,both,both,both,both,both,both,both,both,both,both,both,both,both,both,both,both,both,both,both,both,both,both,both,both,both,both,both,both
road_1232,both,both,both,both,both,both,both,both,both,both,both,both,both,both,both,both,both,both,both,both,both,both,both,both,both,both,both,both,both,both,both
road_1233,both,both,both,both,both,both,both,both,both,both,both,both,both,both,both,both,both,both,both,both,both,both,both,both,both,both,both,both,both,both,both
road_1234,both,both,both,both,both,both,both,both,both,both,both,both,both,both,both,both,both,both,both,both,both,both,both,both,both,both,both,both,both,both,both
road_1235,both,both,both,both,both,both,both,both,both,both,both,both,both,both,both,both,both,both,both,both,both,both,both,both,both,both,both,both,both,both,both
road_1236,both,both,both,both,both,both,both,both,both,both,both,both,both,both,both,both,both,both,both,both,both,both,both,both,both,both,both,both,both,both,both
road_1237,both,both,both,both,both,both,both,both,both,both,both,both,both,both,both,both,both,both,both,both,both,both,both,both,both,both,both,both,both,both,both
road_1238,both,both,both,both,both,both,both,both,both,both,both,both,both,both,both,both,both,both,both,both,both,both,both,both,both,both,both,both,both,both,both
road_1239,both,both,both,both,both,both,both,both,both,both,both,both,both,both,both,both,both,both,both,both,both,both,both,both,both,both,both,both,both,both,both
road_1240,both,both,both,both,both,both,both,both,both,both,both,both,both,both,both,both,both,both,both,both,both,both,both,both,both,both,both,both,both,both,both
road_1241,both,both,both,both,both,both,both,both,both,both,both,both,both,both,both,both,both,both,both,both,both,both,both,both,both,both,both,both,both,both,both
road_1242,both,both,both,both,both,both,both,both,both,both,both,both,both,both,both,both,both,both,both,both,both,both,both,both,both,both,both,both,both,both,both
road_1243,both,both,both,both,both,both,both,both,both,both,both,both,both,both,both,both,both,both,both,both,both,both,both,both,both,both,both,both,both,both,both
road_1244,both,both,both,both,both,both,both,both,both,both,both,both,both,both,both,both,both,both,both,both,both,both,both,both,both,both,both,both,both,both,both
road_1245,both,both,both,both,both,both,both,both,both,both,both,both,both,both,both,both,both,both,both,both,both,both,both,both,both,both,both,both,both,both,both
road_1246,both,both,both,both,both,both,both,both,both,both,both,both,both,both,both,both,both,both,both,both,both,both,both,both,both,both,both,both,both,both,both
road_1247,both,both,both,both,both,both,both,both,both,both,both,both,both,both,both,both,both,both,both,both,both,both,both,both,both,both,both,both,both,both,both
road_1248,both,both,both,both,both,both,both,both,both,both,both,both,both,both,both,both,both,both,both,both,both,both,both,both,both,both,both,both,both,both,both
road_1249,both,both,both,both,both,both,both,both,both,both,both,both,both,both,both,both,both,both,both,both,both,both,both,both,both,both,both,both,both,both,both
road_1250,both,both,both,both,both,both,both,both,both,both,both,both,both,both,both,both,both,both,both,both,both,both,both,both,both,both,both,both,both,both,both
road_1251,both,both,both,both,both,both,both,both,both,both,both,both,both,both,both,both,both,both,both,both,both,both,both,both,both,both,both,both,both,both,both
road_1252,both,both,both,both,both,both,both,both,both,both,both,both,both,both,both,both,both,both,both,both,both,both,both,both,both,both,both,both,both,both,both
road_1253,both,both,both,both,both,both,both,both,both,both,both,both,both,both,both,both,both,both,both,both,both,both,both,both,both,both,both,both,both,both,both
road_1254,both,both,both,both,both,both,both,both,both,both,both,both,both,both,both,both,both,both,both,both,both,both,both,both,both,both,both,both,both,both,both
road_1255,both,both,both,both,both,both,both,both,both,both,both,both,both,both,both,both,both,both,both,both,both,both,both,both,both,both,both,both,both,both,both
road_1256,both,both,both,both,both,both,both,both,both,both,both,both,both,both,both,both,both,both,both,both,both,both,both,both,both,both,both,both,both,both,both
road_1257,both,both,both,both,both,both,both,both,both,both,both,both,both,both,both,both,both,both,both,both,both,both,both,both,both,both,both,both,both,both,both
road_1258,both,both,both,both,both,both,both,both,both,both,both,both,both,both,both,both,both,both,both,both,both,both,both,both,both,both,both,both,both,both,both
road_1259,both,both,both,both,both,both,both,both,both,both,both,both,both,both,both,both,both,both,both,both,both,both,both,both,both,both,both,both,both,both,both
road_1260,both,both,both,both,both,both,both,both,both,both,both,both,both,both,both,both,both,both,both,both,both,both,both,both,both,both,both,both,both,both,both
road_1261,both,both,both,both,both,both,both,both,both,both,both,both,both,both,both,both,both,both,both,both,both,both,both,both,both,both,both,both,both,both,both
road_1262,both,both,both,both,both,both,both,both,both,both,both,both,both,both,both,both,both,both,both,both,both,both,both,both,both,both,both,both,both,both,both
road_1263,both,both,both,both,both,both,both,both,both,both,both,both,both,both,both,both,both,both,both,both,both,both,both,both,both,both,both,both,both,both,both
road_1264,both,both,both,both,both,both,both,both,both,both,both,both,both,both,both,both,both,both,both,both,both,both,both,both,both,both,both,both,both,both,both
road_1265,both,both,both,both,both,both,both,both,both,both,both,both,both,both,both,both,both,both,both,both,both,both,both,both,both,both,both,both,both,both,both
road_1266,both,both,both,both,both,both,both,both,both,both,both,both,both,both,both,both,both,both,both,both,both,both,both,both,both,both,both,both,both,both,both
road_1267,both,both,both,both,both,both,both,both,both,both,both,both,both,both,both,both,both,both,both,both,both,both,both,both,both,both,both,both,both,both,both
road_1268,both,both,both,both,both,both,both,both,both,both,both,both,both,both,both,both,both,both,both,both,both,both,both,both,both,both,both,both,both,both,both
road_1269,both,both,both,both,both,both,both,both,both,both,both,both,both,both,both,both,both,both,both,both,both,both,both,both,both,both,both,both,both,both,both
road_1270,both,both,both,both,both,both,both,both,both,both,both,both,both,both,both,both,both,both,both,both,both,both,both,both,both,both,both,both,both,both,both
road_1271,both,both,both,both,both,both,both,both,both,both,both,both,both,both,both,both,both,both,both,both,both,both,both,both,both,both,both,both,both,both,both
road_1272,both,both,both,both,both,both,both,both,both,both,both,both,both,both,both,both,both,both,both,both,both,both,both,both,both,both,both,both,both,both,both
road_1273,both,both,both,both,both,both,both,both,both,both,both,both,both,both,both,both,both,both,both,both,both,both,both,both,both,both,both,both,both,both,both
road_1274,both,both,both,both,both,both,both,both,both,both,both,both,both,both,both,both,both,both,both,both,both,both,both,both,both,both,both,both,both,both,both
road_1275,both,both,both,both,both,both,both,both,both,both,both,both,both,both,both,both,both,both,both,both,both,both,both,both,both,both,both,both,both,both,both
road_1276,both,both,both,both,both,both,both,both,both,both,both,both,both,both,both,both,both,both,both,both,both,both,both,both,both,both,both,both,both,both,both
road_1277,both,both,both,both,both,both,both,both,both,both,both,both,both,both,both,both,both,both,both,both,both,both,both,both,both,both,both,both,both,both,both
road_1278,both,both,both,both,both,both,both,both,both,both,both,both,both,both,both,both,both,both,both,both,both,both,both,both,both,both,both,both,both,both,both
road_1279,both,both,both,both,both,both,both,both,both,both,both,both,both,both,both,both,both,both,both,both,both,both,both,both,both,both,both,both,both,both,both
road_1280,both,both,both,both,both,both,both,both,both,both,both,both,both,both,both,both,both,both,both,both,both,both,both,both,both,both,both,both,both,both,both
road_1281,both,both,both,both,both,both,both,both,both,both,both,both,both,both,both,both,both,both,both,both,both,both,both,both,both,both,both,both,both,both,both
road_1282,both,both,both,both,both,both,both,both,both,both,both,both,both,both,both,both,both,both,both,both,both,both,both,both,both,both,both,both,both,both,both
road_1283,both,both,both,both,both,both,both,both,both,both,both,both,both,both,both,both,both,both,both,both,both,both,both,both,both,both,both,both,both,both,both
road_1284,both,both,both,both,both,both,both,both,both,both,both,both,both,both,both,both,both,both,both,both,both,both,both,both,both,both,both,both,both,both,both
road_1285,both,both,both,both,both,both,both,both,both,both,both,both,both,both,both,both,both,both,both,both,both,both,both,both,both,both,both,both,both,both,both
road_1286,both,both,both,both,both,both,both,both,both,both,both,both,both,both,both,both,both,both,both,both,both,both,both,both,both,both,both,both,both,both,both
road_1287,both,both,both,both,both,both,both,both,both,both,both,both,both,both,both,both,both,both,both,both,both,both,both,both,both,both,both,both,both,both,both
road_1288,both,both,both,both,both,both,both,both,both,both,both,both,both,both,both,both,both,both,both,both,both,both,both,both,both,both,both,both,both,both,both
road_1289,both,both,both,both,both,both,both,both,both,both,both,both,both,both,both,both,both,both,both,both,both,both,both,both,both,both,both,both,both,both,both
road_1290,both,both,both,both,both,both,both,both,both,both,both,both,both,both,both,both,both,both,both,both,both,both,both,both,both,both,both,both,both,both,both
road_1291,both,both,both,both,both,both,both,both,both,both,both,both,both,both,both,both,both,both,both,both,both,both,both,both,both,both,both,both,both,both,both
road_1292,both,both,both,both,both,both,both,both,both,both,both,both,both,both,both,both,both,both,both,both,both,both,both,both,both,both,both,both,both,both,both
road_1293,both,both,both,both,both,both,both,both,both,both,both,both,both,both,both,both,both,both,both,both,both,both,both,both,both,both,both,both,both,both,both
road_1294,both,both,both,both,both,both,both,both,both,both,both,both,both,both,both,both,both,both,both,both,both,both,both,both,both,both,both,both,both,both,both
road_1295,both,both,both,both,both,both,both,both,both,both,both,both,both,both,both,both,both,both,both,both,both,both,both,both,both,both,both,both,both,both,both
road_1296,both,both,both,both,both,both,both,both,both,both,both,both,both,both,both,both,both,both,both,both,both,both,both,both,both,both,both,both,both,both,both
road_1297,both,both,both,both,both,both,both,both,both,both,both,both,both,both,both,both,both,both,both,both,both,both,both,both,both,both,both,both,both,both,both
road_1298,both,both,both,both,both,both,both,both,both,both,both,both,both,both,both,both,both,both,both,both,both,both,both,both,both,both,both,both,both,both,both
road_1299,both,both,both,both,both,both,both,both,both,both,both,both,both,both,both,both,both,both,both,both,both,both,both,both,both,both,both,both,both,both,both
road_1300,both,both,both,both,both,both,both,both,both,both,both,both,both,both,both,both,both,both,both,both,both,both,both,both,both,both,both,both,both,both,both
road_1301,both,both,both,both,both,both,both,both,both,both,both,both,both,both,both,both,both,both,both,both,both,both,both,both,both,both,both,both,both,both,both
road_1302,both,both,both,both,both,both,both,both,both,both,both,both,both,both,both,both,both,both,both,both,both,both,both,both,both,both,both,both,both,both,both
road_1303,both,both,both,both,both,both,both,both,both,both,both,both,both,both,both,both,both,both,both,both,both,both,both,both,both,both,both,both,both,both,both
road_1304,both,both,both,both,both,both,both,both,both,both,both,both,both,both,both,both,both,both,both,both,both,both,both,both,both,both,both,both,both,both,both
road_1305,both,both,both,both,both,both,both,both,both,both,both,both,both,both,both,both,both,both,both,both,both,both,both,both,both,both,both,both,both,both,both
road_1306,both,both,both,both,both,both,both,both,both,both,both,both,both,both,both,both,both,both,both,both,both,both,both,both,both,both,both,both,both,both,both
road_1307,both,both,both,both,both,both,both,both,both,both,both,both,both,both,both,both,both,both,both,both,both,both,both,both,both,both,both,both,both,both,both
road_1308,both,both,both,both,both,both,both,both,both,both,both,both,both,both,both,both,both,both,both,both,both,both,both,both,both,both,both,both,both,both,both
road_1309,both,both,both,both,both,both,both,both,both,both,both,both,both,both,both,both,both,both,both,both,both,both,both,both,both,both,both,both,both,both,both
road_1310,both,both,both,both,both,both,both,both,both,both,both,both,both,both,both,both,both,both,both,both,both,both,both,both,both,both,both,both,both,both,both
road_1311,both,both,both,both,both,both,both,both,both,both,both,both,both,both,both,both,both,both,both,both,both,both,both,both,both,both,both,both,both,both,both
road_1312,both,both,both,both,both,both,both,both,both,both,both,both,both,both,both,both,both,both,both,both,both,both,both,both,both,both,both,both,both,both,both
road_1313,both,both,both,both,both,both,both,both,both,both,both,both,both,both,both,both,both,both,both,both,both,both,both,both,both,both,both,both,both,both,both
road_1314,both,both,both,both,both,both,both,both,both,both,both,both,both,both,both,both,both,both,both,both,both,both,both,both,both,both,both,both,both,both,both
road_1315,both,both,both,both,both,both,both,both,both,both,both,both,both,both,both,both,both,both,both,both,both,both,both,both,both,both,both,both,both,both,both
road_1316,both,both,both,both,both,both,both,both,both,both,both,both,both,both,both,both,both,both,both,both,both,both,both,both,both,both,both,both,both,both,both
road_1317,both,both,both,both,both,both,both,both,both,both,both,both,both,both,both,both,both,both,both,both,both,both,both,both,both,both,both,both,both,both,both
road_1318,both,both,both,both,both,both,both,both,both,both,both,both,both,both,both,both,both,both,both,both,both,both,both,both,both,both,both,both,both,both,both
road_1319,both,both,both,both,both,both,both,both,both,both,both,both,both,both,both,both,both,both,both,both,both,both,both,both,both,both,both,both,both,both,both
road_1320,both,both,both,both,both,both,both,both,both,both,both,both,both,both,both,both,both,both,both,both,both,both,both,both,both,both,both,both,both,both,both
road_1321,both,both,both,both,both,both,both,both,both,both,both,both,both,both,both,both,both,both,both,both,both,both,both,both,both,both,both,both,both,both,both
road_1322,both,both,both,both,both,both,both,both,both,both,both,both,both,both,both,both,both,both,both,both,both,both,both,both,both,both,both,both,both,both,both
road_1323,both,both,both,both,both,both,both,both,both,both,both,both,both,both,both,both,both,both,both,both,both,both,both,both,both,both,both,both,both,both,both
road_1324,both,both,both,both,both,both,both,both,both,both,both,both,both,both,both,both,both,both,both,both,both,both,both,both,both,both,both,both,both,both,both
road_1325,both,both,both,both,both,both,both,both,both,both,both,both,both,both,both,both,both,both,both,both,both,both,both,both,both,both,both,both,both,both,both
road_1326,both,both,both,both,both,both,both,both,both,both,both,both,both,both,both,both,both,both,both,both,both,both,both,both,both,both,both,both,both,both,both
road_1327,both,both,both,both,both,both,both,both,both,both,both,both,both,both,both,both,both,both,both,both,both,both,both,both,both,both,both,both,both,both,both
road_1328,both,both,both,both,both,both,both,both,both,both,both,both,both,both,both,both,both,both,both,both,both,both,both,both,both,both,both,both,both,both,both
road_1329,both,both,both,both,both,both,both,both,both,both,both,both,both,both,both,both,both,both,both,both,both,both,both,both,both,both,both,both,both,both,both
road_1330,both,both,both,both,both,both,both,both,both,both,both,both,both,both,both,both,both,both,both,both,both,both,both,both,both,both,both,both,both,both,both
road_1331,both,both,both,both,both,both,both,both,both,both,both,both,both,both,both,both,both,both,both,both,both,both,both,both,both,both,both,both,both,both,both
road_1332,both,both,both,both,both,both,both,both,both,both,both,both,both,both,both,both,both,both,both,both,both,both,both,both,both,both,both,both,both,both,both
road_1333,both,both,both,both,both,both,both,both,both,both,both,both,both,both,both,both,both,both,both,both,both,both,both,both,both,both,both,both,both,both,both
road_1334,both,both,both,both,both,both,both,both,both,both,both,both,both,both,both,both,both,both,both,both,both,both,both,both,both,both,both,both,both,both,both
road_1335,both,both,both,both,both,both,both,both,both,both,both,both,both,both,both,both,both,both,both,both,both,both,both,both,both,both,both,both,both,both,both
road_1336,both,both,both,both,both,both,both,both,both,both,both,both,both,both,both,both,both,both,both,both,both,both,both,both,both,both,both,both,both,both,both
road_1337,both,both,both,both,both,both,both,both,both,both,both,both,both,both,both,both,both,both,both,both,both,both,both,both,both,both,both,both,both,both,both
road_1338,both,both,both,both,both,both,both,both,both,both,both,both,both,both,both,both,both,both,both,both,both,both,both,both,both,both,both,both,both,both,both
road_1339,both,both,both,both,both,both,both,both,both,both,both,both,both,both,both,both,both,both,both,both,both,both,both,both,both,both,both,both,both,both,both
road_1340,both,both,both,both,both,both,both,both,both,both,both,both,both,both,both,both,both,both,both,both,both,both,both,both,both,both,both,both,both,both,both
road_1341,both,both,both,both,both,both,both,both,both,both,both,both,both,both,both,both,both,both,both,both,both,both,both,both,both,both,both,both,both,both,both
road_1342,both,both,both,both,both,both,both,both,both,both,both,both,both,both,both,both,both,both,both,both,both,both,both,both,both,both,both,both,both,both,both
road_1343,both,both,both,both,both,both,both,both,both,both,both,both,both,both,both,both,both,both,both,both,both,both,both,both,both,both,both,both,both,both,both
road_1344,both,both,both,both,both,both,both,both,both,both,both,both,both,both,both,both,both,both,both,both,both,both,both,both,both,both,both,both,both,both,both
road_1345,both,both,both,both,both,both,both,both,both,both,both,both,both,both,both,both,both,both,both,both,both,both,both,both,both,both,both,both,both,both,both
road_1346,both,both,both,both,both,both,both,both,both,both,both,both,both,both,both,both,both,both,both,both,both,both,both,both,both,both,both,both,both,both,both
road_1347,both,both,both,both,both,both,both,both,both,both,both,both,both,both,both,both,both,both,both,both,both,both,both,both,both,both,both,both,both,both,both
road_1348,both,both,both,both,both,both,both,both,both,both,both,both,both,both,both,both,both,both,both,both,both,both,both,both,both,both,both,both,both,both,both
road_1349,both,both,both,both,both,both,both,both,both,both,both,both,both,both,both,both,both,both,both,both,both,both,both,both,both,both,both,both,both,both,both
road_1350,both,both,both,both,both,both,both,both,both,both,both,both,both,both,both,both,both,both,both,both,both,both,both,both,both,both,both,both,both,both,both
road_1351,both,both,both,both,both,both,both,both,both,both,both,both,both,both,both,both,both,both,both,both,both,both,both,both,both,both,both,both,both,both,both
road_1352,both,both,both,both,both,both,both,both,both,both,both,both,both,both,both,both,both,both,both,both,both,both,both,both,both,both,both,both,both,both,both
road_1353,both,both,both,both,both,both,both,both,both,both,both,both,both,both,both,both,both,both,both,both,both,both,both,both,both,both,both,both,both,both,both
road_1354,both,both,both,both,both,both,both,both,both,both,both,both,both,both,both,both,both,both,both,both,both,both,both,both,both,both,both,both,both,both,both
road_1355,both,both,both,both,both,both,both,both,both,both,both,both,both,both,both,both,both,both,both,both,both,both,both,both,both,both,both,both,both,both,both
road_1356,both,both,both,both,both,both,both,both,both,both,both,both,both,both,both,both,both,both,both,both,both,both,both,both,both,both,both,both,both,both,both
road_1357,both,both,both,both,both,both,both,both,both,both,both,both,both,both,both,both,both,both,both,both,both,both,both,both,both,both,both,both,both,both,both
road_1358,both,both,both,both,both,both,both,both,both,both,both,both,both,both,both,both,both,both,both,both,both,both,both,both,both,both,both,both,both,both,both
road_1359,both,both,both,both,both,both,both,both,both,both,both,both,both,both,both,both,both,both,both,both,both,both,both,both,both,both,both,both,both,both,both
road_1360,both,both,both,both,both,both,both,both,both,both,both,both,both,both,both,both,both,both,both,both,both,both,both,both,both,both,both,both,both,both,both
road_1361,both,both,both,both,both,both,both,both,both,both,both,both,both,both,both,both,both,both,both,both,both,both,both,both,both,both,both,both,both,both,both
road_1362,both,both,both,both,both,both,both,both,both,both,both,both,both,both,both,both,both,both,both,both,both,both,both,both,both,both,both,both,both,both,both
road_1363,both,both,both,both,both,both,both,both,both,both,both,both,both,both,both,both,both,both,both,both,both,both,both,both,both,both,both,both,both,both,both
road_1364,both,both,both,both,both,both,both,both,both,both,both,both,both,both,both,both,both,both,both,both,both,both,both,both,both,both,both,both,both,both,both
road_1365,both,both,both,both,both,both,both,both,both,both,both,both,both,both,both,both,both,both,both,both,both,both,both,both,both,both,both,both,both,both,both
road_1366,both,both,both,both,both,both,both,both,both,both,both,both,both,both,both,both,both,both,both,both,both,both,both,both,both,both,both,both,both,both,both
road_1367,both,both,both,both,both,both,both,both,both,both,both,both,both,both,both,both,both,both,both,both,both,both,both,both,both,both,both,both,both,both,both
road_1368,both,both,both,both,both,both,both,both,both,both,both,both,both,both,both,both,both,both,both,both,both,both,both,both,both,both,both,both,both,both,both
road_1369,both,both,both,both,both,both,both,both,both,both,both,both,both,both,both,both,both,both,both,both,both,both,both,both,both,both,both,both,both,both,both
road_1370,both,both,both,both,both,both,both,both,both,both,both,both,both,both,both,both,both,both,both,both,both,both,both,both,both,both,both,both,both,both,both
road_1371,both,both,both,both,both,both,both,both,both,both,both,both,both,both,both,both,both,both,both,both,both,both,both,both,both,both,both,both,both,both,both
road_1372,both,both,both,both,both,both,both,both,both,both,both,both,both,both,both,both,both,both,both,both,both,both,both,both,both,both,both,both,both,both,both
road_1373,both,both,both,both,both,both,both,both,both,both,both,both,both,both,both,both,both,both,both,both,both,both,both,both,both,both,both,both,both,both,both
road_1374,both,both,both,both,both,both,both,both,both,both,both,both,both,both,both,both,both,both,both,both,both,both,both,both,both,both,both,both,both,both,both
road_1375,both,both,both,both,both,both,both,both,both,both,both,both,both,both,both,both,both,both,both,both,both,both,both,both,both,both,both,both,both,both,both
road_1376,both,both,both,both,both,both,both,both,both,both,both,both,both,both,both,both,both,both,both,both,both,both,both,both,both,both,both,both,both,both,both
road_1377,both,both,both,both,both,both,both,both,both,both,both,both,both,both,both,both,both,both,both,both,both,both,both,both,both,both,both,both,both,both,both
road_1378,both,both,both,both,both,both,both,both,both,both,both,both,both,both,both,both,both,both,both,both,both,both,both,both,both,both,both,both,both,both,both
road_1379,both,both,both,both,both,both,both,both,both,both,both,both,both,both,both,both,both,both,both,both,both,both,both,both,both,both,both,both,both,both,both
road_1380,both,both,both,both,both,both,both,both,both,both,both,both,both,both,both,both,both,both,both,both,both,both,both,both,both,both,both,both,both,both,both
road_1381,both,both,both,both,both,both,both,both,both,both,both,both,both,both,both,both,both,both,both,both,both,both,both,both,both,both,both,both,both,both,both
road_1382,both,both,both,both,both,both,both,both,both,both,both,both,both,both,both,both,both,both,both,both,both,both,both,both,both,both,both,both,both,both,both
road_1383,both,both,both,both,both,both,both,both,both,both,both,both,both,both,both,both,both,both,both,both,both,both,both,both,both,both,both,both,both,both,both
road_1384,both,both,both,both,both,both,both,both,both,both,both,both,both,both,both,both,both,both,both,both,both,both,both,both,both,both,both,both,both,both,both
road_1385,both,both,both,both,both,both,both,both,both,both,both,both,both,both,both,both,both,both,both,both,both,both,both,both,both,both,both,both,both,both,both
road_1386,both,both,both,both,both,both,both,both,both,both,both,both,both,both,both,both,both,both,both,both,both,both,both,both,both,both,both,both,both,both,both
road_1387,both,both,both,both,both,both,both,both,both,both,both,both,both,both,both,both,both,both,both,both,both,both,both,both,both,both,both,both,both,both,both
road_1388,both,both,both,both,both,both,both,both,both,both,both,both,both,both,both,both,both,both,both,both,both,both,both,both,both,both,both,both,both,both,both
road_1389,both,both,both,both,both,both,both,both,both,both,both,both,both,both,both,both,both,both,both,both,both,both,both,both,both,both,both,both,both,both,both
road_1390,both,both,both,both,both,both,both,both,both,both,both,both,both,both,both,both,both,both,both,both,both,both,both,both,both,both,both,both,both,both,both
road_1391,both,both,both,both,both,both,both,both,both,both,both,both,both,both,both,both,both,both,both,both,both,both,both,both,both,both,both,both,both,both,both
road_1392,both,both,both,both,both,both,both,both,both,both,both,both,both,both,both,both,both,both,both,both,both,both,both,both,both,both,both,both,both,both,both
road_1393,both,both,both,both,both,both,both,both,both,both,both,both,both,both,both,both,both,both,both,both,both,both,both,both,both,both,both,both,both,both,both
road_1394,both,both,both,both,both,both,both,both,both,both,both,both,both,both,both,both,both,both,both,both,both,both,both,both,both,both,both,both,both,both,both
road_1395,both,both,both,both,both,both,both,both,both,both,both,both,both,both,both,both,both,both,both,both,both,both,both,both,both,both,both,both,both,both,both
road_1396,both,both,both,both,both,both,both,both,both,both,both,both,both,both,both,both,both,both,both,both,both,both,both,both,both,both,both,both,both,both,both
road_1397,both,both,both,both,both,both,both,both,both,both,both,both,both,both,both,both,both,both,both,both,both,both,both,both,both,both,both,both,both,both,both
road_1398,both,both,both,both,both,both,both,both,both,both,both,both,both,both,both,both,both,both,both,both,both,both,both,both,both,both,both,both,both,both,both
road_1399,both,both,both,both,both,both,both,both,both,both,both,both,both,both,both,both,both,both,both,both,both,both,both,both,both,both,both,both,both,both,both
road_1400,both,both,both,both,both,both,both,both,both,both,both,both,both,both,both,both,both,both,both,both,both,both,both,both,both,both,both,both,both,both,both
road_1401,both,both,both,both,both,both,both,both,both,both,both,both,both,both,both,both,both,both,both,both,both,both,both,both,both,both,both,both,both,both,both
road_1402,both,both,both,both,both,both,both,both,both,both,both,both,both,both,both,both,both,both,both,both,both,both,both,both,both,both,both,both,both,both,both
road_1403,both,both,both,both,both,both,both,both,both,both,both,both,both,both,both,both,both,both,both,both,both,both,both,both,both,both,both,both,both,both,both
road_1404,both,both,both,both,both,both,both,both,both,both,both,both,both,both,both,both,both,both,both,both,both,both,both,both,both,both,both,both,both,both,both
road_1405,both,both,both,both,both,both,both,both,both,both,both,both,both,both,both,both,both,both,both,both,both,both,both,both,both,both,both,both,both,both,both
road_1406,both,both,both,both,both,both,both,both,both,both,both,both,both,both,both,both,both,both,both,both,both,both,both,both,both,both,both,both,both,both,both
road_1407,both,both,both,both,both,both,both,both,both,both,both,both,both,both,both,both,both,both,both,both,both,both,both,both,both,both,both,both,both,both,both
road_1408,both,both,both,both,both,both,both,both,both,both,both,both,both,both,both,both,both,both,both,both,both,both,both,both,both,both,both,both,both,both,both
road_1409,both,both,both,both,both,both,both,both,both,both,both,both,both,both,both,both,both,both,both,both,both,both,both,both,both,both,both,both,both,both,both
road_1410,both,both,both,both,both,both,both,both,both,both,both,both,both,both,both,both,both,both,both,both,both,both,both,both,both,both,both,both,both,both,both
road_1411,both,both,both,both,both,both,both,both,both,both,both,both,both,both,both,both,both,both,both,both,both,both,both,both,both,both,both,both,both,both,both
road_1412,both,both,both,both,both,both,both,both,both,both,both,both,both,both,both,both,both,both,both,both,both,both,both,both,both,both,both,both,both,both,both
road_1413,both,both,both,both,both,both,both,both,both,both,both,both,both,both,both,both,both,both,both,both,both,both,both,both,both,both,both,both,both,both,both
road_1414,both,both,both,both,both,both,both,both,both,both,both,both,both,both,both,both,both,both,both,both,both,both,both,both,both,both,both,both,both,both,both
road_1415,both,both,both,both,both,both,both,both,both,both,both,both,both,both,both,both,both,both,both,both,both,both,both,both,both,both,both,both,both,both,both
road_1416,both,both,both,both,both,both,both,both,both,both,both,both,both,both,both,both,both,both,both,both,both,both,both,both,both,both,both,both,both,both,both
road_1417,both,both,both,both,both,both,both,both,both,both,both,both,both,both,both,both,both,both,both,both,both,both,both,both,both,both,both,both,both,both,both
road_1418,both,both,both,both,both,both,both,both,both,both,both,both,both,both,both,both,both,both,both,both,both,both,both,both,both,both,both,both,both,both,both
road_1419,both,both,both,both,both,both,both,both,both,both,both,both,both,both,both,both,both,both,both,both,both,both,both,both,both,both,both,both,both,both,both
road_1420,both,both,both,both,both,both,both,both,both,both,both,both,both,both,both,both,both,both,both,both,both,both,both,both,both,both,both,both,both,both,both
road_1421,both,both,both,both,both,both,both,both,both,both,both,both,both,both,both,both,both,both,both,both,both,both,both,both,both,both,both,both,both,both,both
road_1422,both,both,both,both,both,both,both,both,both,both,both,both,both,both,both,both,both,both,both,both,both,both,both,both,both,both,both,both,both,both,both
road_1423,both,both,both,both,both,both,both,both,both,both,both,both,both,both,both,both,both,both,both,both,both,both,both,both,both,both,both,both,both,both,both
road_1424,both,both,both,both,both,both,both,both,both,both,both,both,both,both,both,both,both,both,both,both,both,both,both,both,both,both,both,both,both,both,both
road_1425,both,both,both,both,both,both,both,both,both,both,both,both,both,both,both,both,both,both,both,both,both,both,both,both,both,both,both,both,both,both,both
road_1426,both,both,both,both,both,both,both,both,both,both,both,both,both,both,both,both,both,both,both,both,both,both,both,both,both,both,both,both,both,both,both
road_1427,both,both,both,both,both,both,both,both,both,both,both,both,both,both,both,both,both,both,both,both,both,both,both,both,both,both,both,both,both,both,both
road_1428,both,both,both,both,both,both,both,both,both,both,both,both,both,both,both,both,both,both,both,both,both,both,both,both,both,both,both,both,both,both,both
road_1429,both,both,both,both,both,both,both,both,both,both,both,both,both,both,both,both,both,both,both,both,both,both,both,both,both,both,both,both,both,both,both
road_1430,both,both,both,both,both,both,both,both,both,both,both,both,both,both,both,both,both,both,both,both,both,both,both,both,both,both,both,both,both,both,both
road_1431,both,both,both,both,both,both,both,both,both,both,both,both,both,both,both,both,both,both,both,both,both,both,both,both,both,both,both,both,both,both,both
road_1432,both,both,both,both,both,both,both,both,both,both,both,both,both,both,both,both,both,both,both,both,both,both,both,both,both,both,both,both,both,both,both
road_1433,both,both,both,both,both,both,both,both,both,both,both,both,both,both,both,both,both,both,both,both,both,both,both,both,both,both,both,both,both,both,both
road_1434,both,both,both,both,both,both,both,both,both,both,both,both,both,both,both,both,both,both,both,both,both,both,both,both,both,both,both,both,both,both,both
road_1435,both,both,both,both,both,both,both,both,both,both,both,both,both,both,both,both,both,both,both,both,both,both,both,both,both,both,both,both,both,both,both
road_1436,both,both,both,both,both,both,both,both,both,both,both,both,both,both,both,both,both,both,both,both,both,both,both,both,both,both,both,both,both,both,both
road_1437,both,both,both,both,both,both,both,both,both,both,both,both,both,both,both,both,both,both,both,both,both,both,both,both,both,both,both,both,both,both,both
road_1438,both,both,both,both,both,both,both,both,both,both,both,both,both,both,both,both,both,both,both,both,both,both,both,both,both,both,both,both,both,both,both
road_1439,both,both,both,both,both,both,both,both,both,both,both,both,both,both,both,both,both,both,both,both,both,both,both,both,both,both,both,both,both,both,both
road_1440,both,both,both,both,both,both,both,both,both,both,both,both,both,both,both,both,both,both,both,both,both,both,both,both,both,both,both,both,both,both,both
road_1441,both,both,both,both,both,both,both,both,both,both,both,both,both,both,both,both,both,both,both,both,both,both,both,both,both,both,both,both,both,both,both
road_1442,both,both,both,both,both,both,both,both,both,both,both,both,both,both,both,both,both,both,both,both,both,both,both,both,both,both,both,both,both,both,both
road_1443,both,both,both,both,both,both,both,both,both,both,both,both,both,both,both,both,both,both,both,both,both,both,both,both,both,both,both,both,both,both,both
road_1444,both,both,both,both,both,both,both,both,both,both,both,both,both,both,both,both,both,both,both,both,both,both,both,both,both,both,both,both,both,both,both
road_1445,both,both,both,both,both,both,both,both,both,both,both,both,both,both,both,both,both,both,both,both,both,both,both,both,both,both,both,both,both,both,both
road_1446,both,both,both,both,both,both,both,both,both,both,both,both,both,both,both,both,both,both,both,both,both,both,both,both,both,both,both,both,both,both,both
road_1447,both,both,both,both,both,both,both,both,both,both,both,both,both,both,both,both,both,both,both,both,both,both,both,both,both,both,both,both,both,both,both
road_1448,both,both,both,both,both,both,both,both,both,both,both,both,both,both,both,both,both,both,both,both,both,both,both,both,both,both,both,both,both,both,both
road_1449,both,both,both,both,both,both,both,both,both,both,both,both,both,both,both,both,both,both,both,both,both,both,both,both,both,both,both,both,both,both,both
road_1450,both,both,both,both,both,both,both,both,both,both,both,both,both,both,both,both,both,both,both,both,both,both,both,both,both,both,both,both,both,both,both
road_1451,both,both,both,both,both,both,both,both,both,both,both,both,both,both,both,both,both,both,both,both,both,both,both,both,both,both,both,both,both,both,both
road_1452,both,both,both,both,both,both,both,both,both,both,both,both,both,both,both,both,both,both,both,both,both,both,both,both,both,both,both,both,both,both,both
road_1453,both,both,both,both,both,both,both,both,both,both,both,both,both,both,both,both,both,both,both,both,both,both,both,both,both,both,both,both,both,both,both
road_1454,both,both,both,both,both,both,both,both,both,both,both,both,both,both,both,both,both,both,both,both,both,both,both,both,both,both,both,both,both,both,both
road_1455,both,both,both,both,both,both,both,both,both,both,both,both,both,both,both,both,both,both,both,both,both,both,both,both,both,both,both,both,both,both,both
road_1456,both,both,both,both,both,both,both,both,both,both,both,both,both,both,both,both,both,both,both,both,both,both,both,both,both,both,both,both,both,both,both
road_1457,both,both,both,both,both,both,both,both,both,both,both,both,both,both,both,both,both,both,both,both,both,both,both,both,both,both,both,both,both,both,both
road_1458,both,both,both,both,both,both,both,both,both,both,both,both,both,both,both,both,both,both,both,both,both,both,both,both,both,both,both,both,both,both,both
road_1459,both,both,both,both,both,both,both,both,both,both,both,both,both,both,both,both,both,both,both,both,both,both,both,both,both,both,both,both,both,both,both
road_1460,both,both,both,both,both,both,both,both,both,both,both,both,both,both,both,both,both,both,both,both,both,both,both,both,both,both,both,both,both,both,both
road_1461,both,both,both,both,both,both,both,both,both,both,both,both,both,both,both,both,both,both,both,both,both,both,both,both,both,both,both,both,both,both,both
road_1462,both,both,both,both,both,both,both,both,both,both,both,both,both,both,both,both,both,both,both,both,both,both,both,both,both,both,both,both,both,both,both
road_1463,both,both,both,both,both,both,both,both,both,both,both,both,both,both,both,both,both,both,both,both,both,both,both,both,both,both,both,both,both,both,both
road_1464,both,both,both,both,both,both,both,both,both,both,both,both,both,both,both,both,both,both,both,both,both,both,both,both,both,both,both,both,both,both,both
road_1465,both,both,both,both,both,both,both,both,both,both,both,both,both,both,both,both,both,both,both,both,both,both,both,both,both,both,both,both,both,both,both
road_1466,both,both,both,both,both,both,both,both,both,both,both,both,both,both,both,both,both,both,both,both,both,both,both,both,both,both,both,both,both,both,both
road_1467,both,both,both,both,both,both,both,both,both,both,both,both,both,both,both,both,both,both,both,both,both,both,both,both,both,both,both,both,both,both,both
road_1468,both,both,both,both,both,both,both,both,both,both,both,both,both,both,both,both,both,both,both,both,both,both,both,both,both,both,both,both,both,both,both
road_1469,both,both,both,both,both,both,both,both,both,both,both,both,both,both,both,both,both,both,both,both,both,both,both,both,both,both,both,both,both,both,both
road_1470,both,both,both,both,both,both,both,both,both,both,both,both,both,both,both,both,both,both,both,both,both,both,both,both,both,both,both,both,both,both,both
road_1471,both,both,both,both,both,both,both,both,both,both,both,both,both,both,both,both,both,both,both,both,both,both,both,both,both,both,both,both,both,both,both
road_1472,both,both,both,both,both,both,both,both,both,both,both,both,both,both,both,both,both,both,both,both,both,both,both,both,both,both,both,both,both,both,both
road_1473,both,both,both,both,both,both,both,both,both,both,both,both,both,both,both,both,both,both,both,both,both,both,both,both,both,both,both,both,both,both,both
road_1474,both,both,both,both,both,both,both,both,both,both,both,both,both,both,both,both,both,both,both,both,both,both,both,both,both,both,both,both,both,both,both
road_1475,both,both,both,both,both,both,both,both,both,both,both,both,both,both,both,both,both,both,both,both,both,both,both,both,both,both,both,both,both,both,both
road_1476,both,both,both,both,both,both,both,both,both,both,both,both,both,both,both,both,both,both,both,both,both,both,both,both,both,both,both,both,both,both,both
road_1477,both,both,both,both,both,both,both,both,both,both,both,both,both,both,both,both,both,both,both,both,both,both,both,both,both,both,both,both,both,both,both
road_1478,both,both,both,both,both,both,both,both,both,both,both,both,both,both,both,both,both,both,both,both,both,both,both,both,both,both,both,both,both,both,both
road_1479,both,both,both,both,both,both,both,both,both,both,both,both,both,both,both,both,both,both,both,both,both,both,both,both,both,both,both,both,both,both,both
road_1480,both,both,both,both,both,both,both,both,both,both,both,both,both,both,both,both,both,both,both,both,both,both,both,both,both,both,both,both,both,both,both
road_1481,both,both,both,both,both,both,both,both,both,both,both,both,both,both,both,both,both,both,both,both,both,both,both,both,both,both,both,both,both,both,both
road_1482,both,both,both,both,both,both,both,both,both,both,both,both,both,both,both,both,both,both,both,both,both,both,both,both,both,both,both,both,both,both,both
road_1483,both,both,both,both,both,both,both,both,both,both,both,both,both,both,both,both,both,both,both,both,both,both,both,both,both,both,both,both,both,both,both
road_1484,both,both,both,both,both,both,both,both,both,both,both,both,both,both,both,both,both,both,both,both,both,both,both,both,both,both,both,both,both,both,both
road_1485,both,both,both,both,both,both,both,both,both,both,both,both,both,both,both,both,both,both,both,both,both,both,both,both,both,both,both,both,both,both,both
road_1486,both,both,both,both,both,both,both,both,both,both,both,both,both,both,both,both,both,both,both,both,both,both,both,both,both,both,both,both,both,both,both
road_1487,both,both,both,both,both,both,both,both,both,both,both,both,both,both,both,both,both,both,both,both,both,both,both,both,both,both,both,both,both,both,both
road_1488,both,both,both,both,both,both,both,both,both,both,both,both,both,both,both,both,both,both,both,both,both,both,both,both,both,both,both,both,both,both,both
road_1489,both,both,both,both,both,both,both,both,both,both,both,both,both,both,both,both,both,both,both,both,both,both,both,both,both,both,both,both,both,both,both
road_1490,both,both,both,both,both,both,both,both,both,both,both,both,both,both,both,both,both,both,both,both,both,both,both,both,both,both,both,both,both,both,both
road_1491,both,both,both,both,both,both,both,both,both,both,both,both,both,both,both,both,both,both,both,both,both,both,both,both,both,both,both,both,both,both,both
road_1492,both,both,both,both,both,both,both,both,both,both,both,both,both,both,both,both,both,both,both,both,both,both,both,both,both,both,both,both,both,both,both
road_1493,both,both,both,both,both,both,both,both,both,both,both,both,both,both,both,both,both,both,both,both,both,both,both,both,both,both,both,both,both,both,both
road_1494,both,both,both,both,both,both,both,both,both,both,both,both,both,both,both,both,both,both,both,both,both,both,both,both,both,both,both,both,both,both,both
road_1495,both,both,both,both,both,both,both,both,both,both,both,both,both,both,both,both,both,both,both,both,both,both,both,both,both,both,both,both,both,both,both
road_1496,both,both,both,both,both,both,both,both,both,both,both,both,both,both,both,both,both,both,both,both,both,both,both,both,both,both,both,both,both,both,both
road_1497,both,both,both,both,both,both,both,both,both,both,both,both,both,both,both,both,both,both,both,both,both,both,both,both,both,both,both,both,both,both,both
road_1498,both,both,both,both,both,both,both,both,both,both,both,both,both,both,both,both,both,both,both,both,both,both,both,both,both,both,both,both,both,both,both
road_1499,both,both,both,both,both,both,both,both,both,both,both,both,both,both,both,both,both,both,both,both,both,both,both,both,both,both,both,both,both,both,both
road_1500,both,both,both,both,both,both,both,both,both,both,both,both,both,both,both,both,both,both,both,both,both,both,both,both,both,both,both,both,both,both,both
road_1501,both,both,both,both,both,both,both,both,both,both,both,both,both,both,both,both,both,both,both,both,both,both,both,both,both,both,both,both,both,both,both
road_1502,both,both,both,both,both,both,both,both,both,both,both,both,both,both,both,both,both,both,both,both,both,both,both,both,both,both,both,both,both,both,both
road_1503,both,both,both,both,both,both,both,both,both,both,both,both,both,both,both,both,both,both,both,both,both,both,both,both,both,both,both,both,both,both,both
road_1504,both,both,both,both,both,both,both,both,both,both,both,both,both,both,both,both,both,both,both,both,both,both,both,both,both,both,both,both,both,both,both
road_1505,both,both,both,both,both,both,both,both,both,both,both,both,both,both,both,both,both,both,both,both,both,both,both,both,both,both,both,both,both,both,both
road_1506,both,both,both,both,both,both,both,both,both,both,both,both,both,both,both,both,both,both,both,both,both,both,both,both,both,both,both,both,both,both,both
road_1507,both,both,both,both,both,both,both,both,both,both,both,both,both,both,both,both,both,both,both,both,both,both,both,both,both,both,both,both,both,both,both
road_1508,both,both,both,both,both,both,both,both,both,both,both,both,both,both,both,both,both,both,both,both,both,both,both,both,both,both,both,both,both,both,both
road_1509,both,both,both,both,both,both,both,both,both,both,both,both,both,both,both,both,both,both,both,both,both,both,both,both,both,both,both,both,both,both,both
road_1510,both,both,both,both,both,both,both,both,both,both,both,both,both,both,both,both,both,both,both,both,both,both,both,both,both,both,both,both,both,both,both
road_1511,both,both,both,both,both,both,both,both,both,both,both,both,both,both,both,both,both,both,both,both,both,both,both,both,both,both,both,both,both,both,both
road_1512,both,both,both,both,both,both,both,both,both,both,both,both,both,both,both,both,both,both,both,both,both,both,both,both,both,both,both,both,both,both,both
road_1513,both,both,both,both,both,both,both,both,both,both,both,both,both,both,both,both,both,both,both,both,both,both,both,both,both,both,both,both,both,both,both
road_1514,both,both,both,both,both,both,both,both,both,both,both,both,both,both,both,both,both,both,both,both,both,both,both,both,both,both,both,both,both,both,both
road_1515,both,both,both,both,both,both,both,both,both,both,both,both,both,both,both,both,both,both,both,both,both,both,both,both,both,both,both,both,both,both,both
road_1516,both,both,both,both,both,both,both,both,both,both,both,both,both,both,both,both,both,both,both,both,both,both,both,both,both,both,both,both,both,both,both
road_1517,both,both,both,both,both,both,both,both,both,both,both,both,both,both,both,both,both,both,both,both,both,both,both,both,both,both,both,both,both,both,both
road_1518,both,both,both,both,both,both,both,both,both,both,both,both,both,both,both,both,both,both,both,both,both,both,both,both,both,both,both,both,both,both,both
road_1519,both,both,both,both,both,both,both,both,both,both,both,both,both,both,both,both,both,both,both,both,both,both,both,both,both,both,both,both,both,both,both
road_1520,both,both,both,both,both,both,both,both,both,both,both,both,both,both,both,both,both,both,both,both,both,both,both,both,both,both,both,both,both,both,both
road_1521,both,both,both,both,both,both,both,both,both,both,both,both,both,both,both,both,both,both,both,both,both,both,both,both,both,both,both,both,both,both,both
road_1522,both,both,both,both,both,both,both,both,both,both,both,both,both,both,both,both,both,both,both,both,both,both,both,both,both,both,both,both,both,both,both
road_1523,both,both,both,both,both,both,both,both,both,both,both,both,both,both,both,both,both,both,both,both,both,both,both,both,both,both,both,both,both,both,both
road_1524,both,both,both,both,both,both,both,both,both,both,both,both,both,both,both,both,both,both,both,both,both,both,both,both,both,both,both,both,both,both,both
road_1525,both,both,both,both,both,both,both,both,both,both,both,both,both,both,both,both,both,both,both,both,both,both,both,both,both,both,both,both,both,both,both
road_1526,both,both,both,both,both,both,both,both,both,both,both,both,both,both,both,both,both,both,both,both,both,both,both,both,both,both,both,both,both,both,both
road_1527,both,both,both,both,both,both,both,both,both,both,both,both,both,both,both,both,both,both,both,both,both,both,both,both,both,both,both,both,both,both,both
road_1528,both,both,both,both,both,both,both,both,both,both,both,both,both,both,both,both,both,both,both,both,both,both,both,both,both,both,both,both,both,both,both
road_1529,both,both,both,both,both,both,both,both,both,both,both,both,both,both,both,both,both,both,both,both,both,both,both,both,both,both,both,both,both,both,both
road_1530,both,both,both,both,both,both,both,both,both,both,both,both,both,both,both,both,both,both,both,both,both,both,both,both,both,both,both,both,both,both,both
road_1531,both,both,both,both,both,both,both,both,both,both,both,both,both,both,both,both,both,both,both,both,both,both,both,both,both,both,both,both,both,both,both
road_1532,both,both,both,both,both,both,both,both,both,both,both,both,both,both,both,both,both,both,both,both,both,both,both,both,both,both,both,both,both,both,both
road_1533,both,both,both,both,both,both,both,both,both,both,both,both,both,both,both,both,both,both,both,both,both,both,both,both,both,both,both,both,both,both,both
road_1534,both,both,both,both,both,both,both,both,both,both,both,both,both,both,both,both,both,both,both,both,both,both,both,both,both,both,both,both,both,both,both
road_1535,both,both,both,both,both,both,both,both,both,both,both,both,both,both,both,both,both,both,both,both,both,both,both,both,both,both,both,both,both,both,both
road_1536,both,both,both,both,both,both,both,both,both,both,both,both,both,both,both,both,both,both,both,both,both,both,both,both,both,both,both,both,both,both,both
road_1537,both,both,both,both,both,both,both,both,both,both,both,both,both,both,both,both,both,both,both,both,both,both,both,both,both,both,both,both,both,both,both
road_1538,both,both,both,both,both,both,both,both,both,both,both,both,both,both,both,both,both,both,both,both,both,both,both,both,both,both,both,both,both,both,both
road_1539,both,both,both,both,both,both,both,both,both,both,both,both,both,both,both,both,both,both,both,both,both,both,both,both,both,both,both,both,both,both,both
road_1540,both,both,both,both,both,both,both,both,both,both,both,both,both,both,both,both,both,both,both,both,both,both,both,both,both,both,both,both,both,both,both
road_1541,both,both,both,both,both,both,both,both,both,both,both,both,both,both,both,both,both,both,both,both,both,both,both,both,both,both,both,both,both,both,both
road_1542,both,both,both,both,both,both,both,both,both,both,both,both,both,both,both,both,both,both,both,both,both,both,both,both,both,both,both,both,both,both,both
road_1543,both,both,both,both,both,both,both,both,both,both,both,both,both,both,both,both,both,both,both,both,both,both,both,both,both,both,both,both,both,both,both
road_1544,both,both,both,both,both,both,both,both,both,both,both,both,both,both,both,both,both,both,both,both,both,both,both,both,both,both,both,both,both,both,both
road_1545,both,both,both,both,both,both,both,both,both,both,both,both,both,both,both,both,both,both,both,both,both,both,both,both,both,both,both,both,both,both,both
road_1546,both,both,both,both,both,both,both,both,both,both,both,both,both,both,both,both,both,both,both,both,both,both,both,both,both,both,both,both,both,both,both
road_1547,both,both,both,both,both,both,both,both,both,both,both,both,both,both,both,both,both,both,both,both,both,both,both,both,both,both,both,both,both,both,both
road_1548,both,both,both,both,both,both,both,both,both,both,both,both,both,both,both,both,both,both,both,both,both,both,both,both,both,both,both,both,both,both,both
road_1549,both,both,both,both,both,both,both,both,both,both,both,both,both,both,both,both,both,both,both,both,both,both,both,both,both,both,both,both,both,both,both
road_1550,both,both,both,both,both,both,both,both,both,both,both,both,both,both,both,both,both,both,both,both,both,both,both,both,both,both,both,both,both,both,both
road_1551,both,both,both,both,both,both,both,both,both,both,both,both,both,both,both,both,both,both,both,both,both,both,both,both,both,both,both,both,both,both,both
road_1552,both,both,both,both,both,both,both,both,both,both,both,both,both,both,both,both,both,both,both,both,both,both,both,both,both,both,both,both,both,both,both
road_1553,both,both,both,both,both,both,both,both,both,both,both,both,both,both,both,both,both,both,both,both,both,both,both,both,both,both,both,both,both,both,both
road_1554,both,both,both,both,both,both,both,both,both,both,both,both,both,both,both,both,both,both,both,both,both,both,both,both,both,both,both,both,both,both,both
road_1555,both,both,both,both,both,both,both,both,both,both,both,both,both,both,both,both,both,both,both,both,both,both,both,both,both,both,both,both,both,both,both
road_1556,both,both,both,both,both,both,both,both,both,both,both,both,both,both,both,both,both,both,both,both,both,both,both,both,both,both,both,both,both,both,both
road_1557,both,both,both,both,both,both,both,both,both,both,both,both,both,both,both,both,both,both,both,both,both,both,both,both,both,both,both,both,both,both,both
road_1558,both,both,both,both,both,both,both,both,both,both,both,both,both,both,both,both,both,both,both,both,both,both,both,both,both,both,both,both,both,both,both
road_1559,both,both,both,both,both,both,both,both,both,both,both,both,both,both,both,both,both,both,both,both,both,both,both,both,both,both,both,both,both,both,both
road_1560,both,both,both,both,both,both,both,both,both,both,both,both,both,both,both,both,both,both,both,both,both,both,both,both,both,both,both,both,both,both,both
road_1561,both,both,both,both,both,both,both,both,both,both,both,both,both,both,both,both,both,both,both,both,both,both,both,both,both,both,both,both,both,both,both
road_1562,both,both,both,both,both,both,both,both,both,both,both,both,both,both,both,both,both,both,both,both,both,both,both,both,both,both,both,both,both,both,both
road_1563,both,both,both,both,both,both,both,both,both,both,both,both,both,both,both,both,both,both,both,both,both,both,both,both,both,both,both,both,both,both,both
road_1564,both,both,both,both,both,both,both,both,both,both,both,both,both,both,both,both,both,both,both,both,both,both,both,both,both,both,both,both,both,both,both
road_1565,both,both,both,both,both,both,both,both,both,both,both,both,both,both,both,both,both,both,both,both,both,both,both,both,both,both,both,both,both,both,both
road_1566,both,both,both,both,both,both,both,both,both,both,both,both,both,both,both,both,both,both,both,both,both,both,both,both,both,both,both,both,both,both,both
road_1567,both,both,both,both,both,both,both,both,both,both,both,both,both,both,both,both,both,both,both,both,both,both,both,both,both,both,both,both,both,both,both
road_1568,both,both,both,both,both,both,both,both,both,both,both,both,both,both,both,both,both,both,both,both,both,both,both,both,both,both,both,both,both,both,both
road_1569,both,both,both,both,both,both,both,both,both,both,both,both,both,both,both,both,both,both,both,both,both,both,both,both,both,both,both,both,both,both,both
road_1570,both,both,both,both,both,both,both,both,both,both,both,both,both,both,both,both,both,both,both,both,both,both,both,both,both,both,both,both,both,both,both
road_1571,both,both,both,both,both,both,both,both,both,both,both,both,both,both,both,both,both,both,both,both,both,both,both,both,both,both,both,both,both,both,both
road_1572,both,both,both,both,both,both,both,both,both,both,both,both,both,both,both,both,both,both,both,both,both,both,both,both,both,both,both,both,both,both,both
road_1573,both,both,both,both,both,both,both,both,both,both,both,both,both,both,both,both,both,both,both,both,both,both,both,both,both,both,both,both,both,both,both
road_1574,both,both,both,both,both,both,both,both,both,both,both,both,both,both,both,both,both,both,both,both,both,both,both,both,both,both,both,both,both,both,both
road_1575,both,both,both,both,both,both,both,both,both,both,both,both,both,both,both,both,both,both,both,both,both,both,both,both,both,both,both,both,both,both,both
road_1576,both,both,both,both,both,both,both,both,both,both,both,both,both,both,both,both,both,both,both,both,both,both,both,both,both,both,both,both,both,both,both
road_1577,both,both,both,both,both,both,both,both,both,both,both,both,both,both,both,both,both,both,both,both,both,both,both,both,both,both,both,both,both,both,both
road_1578,both,both,both,both,both,both,both,both,both,both,both,both,both,both,both,both,both,both,both,both,both,both,both,both,both,both,both,both,both,both,both
road_1579,both,both,both,both,both,both,both,both,both,both,both,both,both,both,both,both,both,both,both,both,both,both,both,both,both,both,both,both,both,both,both
road_1580,both,both,both,both,both,both,both,both,both,both,both,both,both,both,both,both,both,both,both,both,both,both,both,both,both,both,both,both,both,both,both
road_1581,both,both,both,both,both,both,both,both,both,both,both,both,both,both,both,both,both,both,both,both,both,both,both,both,both,both,both,both,both,both,both
road_1582,both,both,both,both,both,both,both,both,both,both,both,both,both,both,both,both,both,both,both,both,both,both,both,both,both,both,both,both,both,both,both
road_1583,both,both,both,both,both,both,both,both,both,both,both,both,both,both,both,both,both,both,both,both,both,both,both,both,both,both,both,both,both,both,both
road_1584,both,both,both,both,both,both,both,both,both,both,both,both,both,both,both,both,both,both,both,both,both,both,both,both,both,both,both,both,both,both,both
road_1585,both,both,both,both,both,both,both,both,both,both,both,both,both,both,both,both,both,both,both,both,both,both,both,both,both,both,both,both,both,both,both
road_1586,both,both,both,both,both,both,both,both,both,both,both,both,both,both,both,both,both,both,both,both,both,both,both,both,both,both,both,both,both,both,both
road_1587,both,both,both,both,both,both,both,both,both,both,both,both,both,both,both,both,both,both,both,both,both,both,both,both,both,both,both,both,both,both,both
road_1588,both,both,both,both,both,both,both,both,both,both,both,both,both,both,both,both,both,both,both,both,both,both,both,both,both,both,both,both,both,both,both
road_1589,both,both,both,both,both,both,both,both,both,both,both,both,both,both,both,both,both,both,both,both,both,both,both,both,both,both,both,both,both,both,both
road_1590,both,both,both,both,both,both,both,both,both,both,both,both,both,both,both,both,both,both,both,both,both,both,both,both,both,both,both,both,both,both,both
road_1591,both,both,both,both,both,both,both,both,both,both,both,both,both,both,both,both,both,both,both,both,both,both,both,both,both,both,both,both,both,both,both
road_1592,both,both,both,both,both,both,both,both,both,both,both,both,both,both,both,both,both,both,both,both,both,both,both,both,both,both,both,both,both,both,both
road_1593,both,both,both,both,both,both,both,both,both,both,both,both,both,both,both,both,both,both,both,both,both,both,both,both,both,both,both,both,both,both,both
road_1594,both,both,both,both,both,both,both,both,both,both,both,both,both,both,both,both,both,both,both,both,both,both,both,both,both,both,both,both,both,both,both
road_1595,both,both,both,both,both,both,both,both,both,both,both,both,both,both,both,both,both,both,both,both,both,both,both,both,both,both,both,both,both,both,both
road_1596,both,both,both,both,both,both,both,both,both,both,both,both,both,both,both,both,both,both,both,both,both,both,both,both,both,both,both,both,both,both,both
road_1597,both,both,both,both,both,both,both,both,both,both,both,both,both,both,both,both,both,both,both,both,both,both,both,both,both,both,both,both,both,both,both
road_1598,both,both,both,both,both,both,both,both,both,both,both,both,both,both,both,both,both,both,both,both,both,both,both,both,both,both,both,both,both,both,both
road_1599,both,both,both,both,both,both,both,both,both,both,both,both,both,both,both,both,both,both,both,both,both,both,both,both,both,both,both,both,both,both,both
road_1600,both,both,both,both,both,both,both,both,both,both,both,both,both,both,both,both,both,both,both,both,both,both,both,both,both,both,both,both,both,both,both
road_1601,both,both,both,both,both,both,both,both,both,both,both,both,both,both,both,both,both,both,both,both,both,both,both,both,both,both,both,both,both,both,both
road_1602,both,both,both,both,both,both,both,both,both,both,both,both,both,both,both,both,both,both,both,both,both,both,both,both,both,both,both,both,both,both,both
road_1603,both,both,both,both,both,both,both,both,both,both,both,both,both,both,both,both,both,both,both,both,both,both,both,both,both,both,both,both,both,both,both
road_1604,both,both,both,both,both,both,both,both,both,both,both,both,both,both,both,both,both,both,both,both,both,both,both,both,both,both,both,both,both,both,both
road_1605,both,both,both,both,both,both,both,both,both,both,both,both,both,both,both,both,both,both,both,both,both,both,both,both,both,both,both,both,both,both,both
road_1606,both,both,both,both,both,both,both,both,both,both,both,both,both,both,both,both,both,both,both,both,both,both,both,both,both,both,both,both,both,both,both
road_1607,both,both,both,both,both,both,both,both,both,both,both,both,both,both,both,both,both,both,both,both,both,both,both,both,both,both,both,both,both,both,both
road_1608,both,both,both,both,both,both,both,both,both,both,both,both,both,both,both,both,both,both,both,both,both,both,both,both,both,both,both,both,both,both,both
road_1609,both,both,both,both,both,both,both,both,both,both,both,both,both,both,both,both,both,both,both,both,both,both,both,both,both,both,both,both,both,both,both
road_1610,both,both,both,both,both,both,both,both,both,both,both,both,both,both,both,both,both,both,both,both,both,both,both,both,both,both,both,both,both,both,both
road_1611,both,both,both,both,both,both,both,both,both,both,both,both,both,both,both,both,both,both,both,both,both,both,both,both,both,both,both,both,both,both,both
road_1612,both,both,both,both,both,both,both,both,both,both,both,both,both,both,both,both,both,both,both,both,both,both,both,both,both,both,both,both,both,both,both
road_1613,both,both,both,both,both,both,both,both,both,both,both,both,both,both,both,both,both,both,both,both,both,both,both,both,both,both,both,both,both,both,both
road_1614,both,both,both,both,both,both,both,both,both,both,both,both,both,both,both,both,both,both,both,both,both,both,both,both,both,both,both,both,both,both,both
road_1615,both,both,both,both,both,both,both,both,both,both,both,both,both,both,both,both,both,both,both,both,both,both,both,both,both,both,both,both,both,both,both
road_1616,both,both,both,both,both,both,both,both,both,both,both,both,both,both,both,both,both,both,both,both,both,both,both,both,both,both,both,both,both,both,both
road_1617,both,both,both,both,both,both,both,both,both,both,both,both,both,both,both,both,both,both,both,both,both,both,both,both,both,both,both,both,both,both,both
road_1618,both,both,both,both,both,both,both,both,both,both,both,both,both,both,both,both,both,both,both,both,both,both,both,both,both,both,both,both,both,both,both
road_1619,both,both,both,both,both,both,both,both,both,both,both,both,both,both,both,both,both,both,both,both,both,both,both,both,both,both,both,both,both,both,both
road_1620,both,both,both,both,both,both,both,both,both,both,both,both,both,both,both,both,both,both,both,both,both,both,both,both,both,both,both,both,both,both,both
road_1621,both,both,both,both,both,both,both,both,both,both,both,both,both,both,both,both,both,both,both,both,both,both,both,both,both,both,both,both,both,both,both
road_1622,both,both,both,both,both,both,both,both,both,both,both,both,both,both,both,both,both,both,both,both,both,both,both,both,both,both,both,both,both,both,both
road_1623,both,both,both,both,both,both,both,both,both,both,both,both,both,both,both,both,both,both,both,both,both,both,both,both,both,both,both,both,both,both,both
road_1624,both,both,both,both,both,both,both,both,both,both,both,both,both,both,both,both,both,both,both,both,both,both,both,both,both,both,both,both,both,both,both
road_1625,both,both,both,both,both,both,both,both,both,both,both,both,both,both,both,both,both,both,both,both,both,both,both,both,both,both,both,both,both,both,both
road_1626,both,both,both,both,both,both,both,both,both,both,both,both,both,both,both,both,both,both,both,both,both,both,both,both,both,both,both,both,both,both,both
road_1627,both,both,both,both,both,both,both,both,both,both,both,both,both,both,both,both,both,both,both,both,both,both,both,both,both,both,both,both,both,both,both
road_1628,both,both,both,both,both,both,both,both,both,both,both,both,both,both,both,both,both,both,both,both,both,both,both,both,both,both,both,both,both,both,both
road_1629,both,both,both,both,both,both,both,both,both,both,both,both,both,both,both,both,both,both,both,both,both,both,both,both,both,both,both,both,both,both,both
road_1630,both,both,both,both,both,both,both,both,both,both,both,both,both,both,both,both,both,both,both,both,both,both,both,both,both,both,both,both,both,both,both
road_1631,both,both,both,both,both,both,both,both,both,both,both,both,both,both,both,both,both,both,both,both,both,both,both,both,both,both,both,both,both,both,both
road_1632,both,both,both,both,both,both,both,both,both,both,both,both,both,both,both,both,both,both,both,both,both,both,both,both,both,both,both,both,both,both,both
road_1633,both,both,both,both,both,both,both,both,both,both,both,both,both,both,both,both,both,both,both,both,both,both,both,both,both,both,both,both,both,both,both
road_1634,both,both,both,both,both,both,both,both,both,both,both,both,both,both,both,both,both,both,both,both,both,both,both,both,both,both,both,both,both,both,both
road_1635,both,both,both,both,both,both,both,both,both,both,both,both,both,both,both,both,both,both,both,both,both,both,both,both,both,both,both,both,both,both,both
road_1636,both,both,both,both,both,both,both,both,both,both,both,both,both,both,both,both,both,both,both,both,both,both,both,both,both,both,both,both,both,both,both
road_1637,both,both,both,both,both,both,both,both,both,both,both,both,both,both,both,both,both,both,both,both,both,both,both,both,both,both,both,both,both,both,both
road_1638,both,both,both,both,both,both,both,both,both,both,both,both,both,both,both,both,both,both,both,both,both,both,both,both,both,both,both,both,both,both,both
road_1639,both,both,both,both,both,both,both,both,both,both,both,both,both,both,both,both,both,both,both,both,both,both,both,both,both,both,both,both,both,both,both
road_1640,both,both,both,both,both,both,both,both,both,both,both,both,both,both,both,both,both,both,both,both,both,both,both,both,both,both,both,both,both,both,both
road_1641,both,both,both,both,both,both,both,both,both,both,both,both,both,both,both,both,both,both,both,both,both,both,both,both,both,both,both,both,both,both,both
road_1642,both,both,both,both,both,both,both,both,both,both,both,both,both,both,both,both,both,both,both,both,both,both,both,both,both,both,both,both,both,both,both
road_1643,both,both,both,both,both,both,both,both,both,both,both,both,both,both,both,both,both,both,both,both,both,both,both,both,both,both,both,both,both,both,both
road_1644,both,both,both,both,both,both,both,both,both,both,both,both,both,both,both,both,both,both,both,both,both,both,both,both,both,both,both,both,both,both,both
road_1645,both,both,both,both,both,both,both,both,both,both,both,both,both,both,both,both,both,both,both,both,both,both,both,both,both,both,both,both,both,both,both
road_1646,both,both,both,both,both,both,both,both,both,both,both,both,both,both,both,both,both,both,both,both,both,both,both,both,both,both,both,both,both,both,both
road_1647,both,both,both,both,both,both,both,both,both,both,both,both,both,both,both,both,both,both,both,both,both,both,both,both,both,both,both,both,both,both,both
road_1648,both,both,both,both,both,both,both,both,both,both,both,both,both,both,both,both,both,both,both,both,both,both,both,both,both,both,both,both,both,both,both
road_1649,both,both,both,both,both,both,both,both,both,both,both,both,both,both,both,both,both,both,both,both,both,both,both,both,both,both,both,both,both,both,both
road_1650,both,both,both,both,both,both,both,both,both,both,both,both,both,both,both,both,both,both,both,both,both,both,both,both,both,both,both,both,both,both,both
road_1651,both,both,both,both,both,both,both,both,both,both,both,both,both,both,both,both,both,both,both,both,both,both,both,both,both,both,both,both,both,both,both
road_1652,both,both,both,both,both,both,both,both,both,both,both,both,both,both,both,both,both,both,both,both,both,both,both,both,both,both,both,both,both,both,both
road_1653,both,both,both,both,both,both,both,both,both,both,both,both,both,both,both,both,both,both,both,both,both,both,both,both,both,both,both,both,both,both,both
road_1654,both,both,both,both,both,both,both,both,both,both,both,both,both,both,both,both,both,both,both,both,both,both,both,both,both,both,both,both,both,both,both
road_1655,both,both,both,both,both,both,both,both,both,both,both,both,both,both,both,both,both,both,both,both,both,both,both,both,both,both,both,both,both,both,both
road_1656,both,both,both,both,both,both,both,both,both,both,both,both,both,both,both,both,both,both,both,both,both,both,both,both,both,both,both,both,both,both,both
road_1657,both,both,both,both,both,both,both,both,both,both,both,both,both,both,both,both,both,both,both,both,both,both,both,both,both,both,both,both,both,both,both
road_1658,both,both,both,both,both,both,both,both,both,both,both,both,both,both,both,both,both,both,both,both,both,both,both,both,both,both,both,both,both,both,both
road_1659,both,both,both,both,both,both,both,both,both,both,both,both,both,both,both,both,both,both,both,both,both,both,both,both,both,both,both,both,both,both,both
road_1660,both,both,both,both,both,both,both,both,both,both,both,both,both,both,both,both,both,both,both,both,both,both,both,both,both,both,both,both,both,both,both
road_1661,both,both,both,both,both,both,both,both,both,both,both,both,both,both,both,both,both,both,both,both,both,both,both,both,both,both,both,both,both,both,both
road_1662,both,both,both,both,both,both,both,both,both,both,both,both,both,both,both,both,both,both,both,both,both,both,both,both,both,both,both,both,both,both,both
road_1663,both,both,both,both,both,both,both,both,both,both,both,both,both,both,both,both,both,both,both,both,both,both,both,both,both,both,both,both,both,both,both
road_1664,both,both,both,both,both,both,both,both,both,both,both,both,both,both,both,both,both,both,both,both,both,both,both,both,both,both,both,both,both,both,both
road_1665,both,both,both,both,both,both,both,both,both,both,both,both,both,both,both,both,both,both,both,both,both,both,both,both,both,both,both,both,both,both,both
road_1666,both,both,both,both,both,both,both,both,both,both,both,both,both,both,both,both,both,both,both,both,both,both,both,both,both,both,both,both,both,both,both
road_1667,both,both,both,both,both,both,both,both,both,both,both,both,both,both,both,both,both,both,both,both,both,both,both,both,both,both,both,both,both,both,both
road_1668,both,both,both,both,both,both,both,both,both,both,both,both,both,both,both,both,both,both,both,both,both,both,both,both,both,both,both,both,both,both,both
road_1669,both,both,both,both,both,both,both,both,both,both,both,both,both,both,both,both,both,both,both,both,both,both,both,both,both,both,both,both,both,both,both
road_1670,both,both,both,both,both,both,both,both,both,both,both,both,both,both,both,both,both,both,both,both,both,both,both,both,both,both,both,both,both,both,both
road_1671,both,both,both,both,both,both,both,both,both,both,both,both,both,both,both,both,both,both,both,both,both,both,both,both,both,both,both,both,both,both,both
road_1672,both,both,both,both,both,both,both,both,both,both,both,both,both,both,both,both,both,both,both,both,both,both,both,both,both,both,both,both,both,both,both
road_1673,both,both,both,both,both,both,both,both,both,both,both,both,both,both,both,both,both,both,both,both,both,both,both,both,both,both,both,both,both,both,both
road_1674,both,both,both,both,both,both,both,both,both,both,both,both,both,both,both,both,both,both,both,both,both,both,both,both,both,both,both,both,both,both,both
road_1675,both,both,both,both,both,both,both,both,both,both,both,both,both,both,both,both,both,both,both,both,both,both,both,both,both,both,both,both,both,both,both
road_1676,both,both,both,both,both,both,both,both,both,both,both,both,both,both,both,both,both,both,both,both,both,both,both,both,both,both,both,both,both,both,both
road_1677,both,both,both,both,both,both,both,both,both,both,both,both,both,both,both,both,both,both,both,both,both,both,both,both,both,both,both,both,both,both,both
road_1678,both,both,both,both,both,both,both,both,both,both,both,both,both,both,both,both,both,both,both,both,both,both,both,both,both,both,both,both,both,both,both
road_1679,both,both,both,both,both,both,both,both,both,both,both,both,both,both,both,both,both,both,both,both,both,both,both,both,both,both,both,both,both,both,both
road_1680,both,both,both,both,both,both,both,both,both,both,both,both,both,both,both,both,both,both,both,both,both,both,both,both,both,both,both,both,both,both,both
road_1681,both,both,both,both,both,both,both,both,both,both,both,both,both,both,both,both,both,both,both,both,both,both,both,both,both,both,both,both,both,both,both
road_1682,both,both,both,both,both,both,both,both,both,both,both,both,both,both,both,both,both,both,both,both,both,both,both,both,both,both,both,both,both,both,both
road_1683,both,both,both,both,both,both,both,both,both,both,both,both,both,both,both,both,both,both,both,both,both,both,both,both,both,both,both,both,both,both,both
road_1684,both,both,both,both,both,both,both,both,both,both,both,both,both,both,both,both,both,both,both,both,both,both,both,both,both,both,both,both,both,both,both
road_1685,both,both,both,both,both,both,both,both,both,both,both,both,both,both,both,both,both,both,both,both,both,both,both,both,both,both,both,both,both,both,both
road_1686,both,both,both,both,both,both,both,both,both,both,both,both,both,both,both,both,both,both,both,both,both,both,both,both,both,both,both,both,both,both,both
road_1687,both,both,both,both,both,both,both,both,both,both,both,both,both,both,both,both,both,both,both,both,both,both,both,both,both,both,both,both,both,both,both
road_1688,both,both,both,both,both,both,both,both,both,both,both,both,both,both,both,both,both,both,both,both,both,both,both,both,both,both,both,both,both,both,both
road_1689,both,both,both,both,both,both,both,both,both,both,both,both,both,both,both,both,both,both,both,both,both,both,both,both,both,both,both,both,both,both,both
road_1690,both,both,both,both,both,both,both,both,both,both,both,both,both,both,both,both,both,both,both,both,both,both,both,both,both,both,both,both,both,both,both
road_1691,both,both,both,both,both,both,both,both,both,both,both,both,both,both,both,both,both,both,both,both,both,both,both,both,both,both,both,both,both,both,both
road_1692,both,both,both,both,both,both,both,both,both,both,both,both,both,both,both,both,both,both,both,both,both,both,both,both,both,both,both,both,both,both,both
road_1693,both,both,both,both,both,both,both,both,both,both,both,both,both,both,both,both,both,both,both,both,both,both,both,both,both,both,both,both,both,both,both
road_1694,both,both,both,both,both,both,both,both,both,both,both,both,both,both,both,both,both,both,both,both,both,both,both,both,both,both,both,both,both,both,both
road_1695,both,both,both,both,both,both,both,both,both,both,both,both,both,both,both,both,both,both,both,both,both,both,both,both,both,both,both,both,both,both,both
road_1696,both,both,both,both,both,both,both,both,both,both,both,both,both,both,both,both,both,both,both,both,both,both,both,both,both,both,both,both,both,both,both
road_1697,both,both,both,both,both,both,both,both,both,both,both,both,both,both,both,both,both,both,both,both,both,both,both,both,both,both,both,both,both,both,both
road_1698,both,both,both,both,both,both,both,both,both,both,both,both,both,both,both,both,both,both,both,both,both,both,both,both,both,both,both,both,both,both,both
road_1699,both,both,both,both,both,both,both,both,both,both,both,both,both,both,both,both,both,both,both,both,both,both,both,both,both,both,both,both,both,both,both
road_1700,both,both,both,both,both,both,both,both,both,both,both,both,both,both,both,both,both,both,both,both,both,both,both,both,both,both,both,both,both,both,both
road_1701,both,both,both,both,both,both,both,both,both,both,both,both,both,both,both,both,both,both,both,both,both,both,both,both,both,both,both,both,both,both,both
road_1702,both,both,both,both,both,both,both,both,both,both,both,both,both,both,both,both,both,both,both,both,both,both,both,both,both,both,both,both,both,both,both
road_1703,both,both,both,both,both,both,both,both,both,both,both,both,both,both,both,both,both,both,both,both,both,both,both,both,both,both,both,both,both,both,both
road_1704,both,both,both,both,both,both,both,both,both,both,both,both,both,both,both,both,both,both,both,both,both,both,both,both,both,both,both,both,both,both,both
road_1705,both,both,both,both,both,both,both,both,both,both,both,both,both,both,both,both,both,both,both,both,both,both,both,both,both,both,both,both,both,both,both
road_1706,both,both,both,both,both,both,both,both,both,both,both,both,both,both,both,both,both,both,both,both,both,both,both,both,both,both,both,both,both,both,both
road_1707,both,both,both,both,both,both,both,both,both,both,both,both,both,both,both,both,both,both,both,both,both,both,both,both,both,both,both,both,both,both,both
road_1708,both,both,both,both,both,both,both,both,both,both,both,both,both,both,both,both,both,both,both,both,both,both,both,both,both,both,both,both,both,both,both
road_1709,both,both,both,both,both,both,both,both,both,both,both,both,both,both,both,both,both,both,both,both,both,both,both,both,both,both,both,both,both,both,both
road_1710,both,both,both,both,both,both,both,both,both,both,both,both,both,both,both,both,both,both,both,both,both,both,both,both,both,both,both,both,both,both,both
road_1711,both,both,both,both,both,both,both,both,both,both,both,both,both,both,both,both,both,both,both,both,both,both,both,both,both,both,both,both,both,both,both
road_1712,both,both,both,both,both,both,both,both,both,both,both,both,both,both,both,both,both,both,both,both,both,both,both,both,both,both,both,both,both,both,both
road_1713,both,both,both,both,both,both,both,both,both,both,both,both,both,both,both,both,both,both,both,both,both,both,both,both,both,both,both,both,both,both,both
road_1714,both,both,both,both,both,both,both,both,both,both,both,both,both,both,both,both,both,both,both,both,both,both,both,both,both,both,both,both,both,both,both
road_1715,both,both,both,both,both,both,both,both,both,both,both,both,both,both,both,both,both,both,both,both,both,both,both,both,both,both,both,both,both,both,both
road_1716,both,both,both,both,both,both,both,both,both,both,both,both,both,both,both,both,both,both,both,both,both,both,both,both,both,both,both,both,both,both,both
road_1717,both,both,both,both,both,both,both,both,both,both,both,both,both,both,both,both,both,both,both,both,both,both,both,both,both,both,both,both,both,both,both
road_1718,both,both,both,both,both,both,both,both,both,both,both,both,both,both,both,both,both,both,both,both,both,both,both,both,both,both,both,both,both,both,both
road_1719,both,both,both,both,both,both,both,both,both,both,both,both,both,both,both,both,both,both,both,both,both,both,both,both,both,both,both,both,both,both,both
road_1720,both,both,both,both,both,both,both,both,both,both,both,both,both,both,both,both,both,both,both,both,both,both,both,both,both,both,both,both,both,both,both
road_1721,both,both,both,both,both,both,both,both,both,both,both,both,both,both,both,both,both,both,both,both,both,both,both,both,both,both,both,both,both,both,both
road_1722,both,both,both,both,both,both,both,both,both,both,both,both,both,both,both,both,both,both,both,both,both,both,both,both,both,both,both,both,both,both,both
road_1723,both,both,both,both,both,both,both,both,both,both,both,both,both,both,both,both,both,both,both,both,both,both,both,both,both,both,both,both,both,both,both
road_1724,both,both,both,both,both,both,both,both,both,both,both,both,both,both,both,both,both,both,both,both,both,both,both,both,both,both,both,both,both,both,both
road_1725,both,both,both,both,both,both,both,both,both,both,both,both,both,both,both,both,both,both,both,both,both,both,both,both,both,both,both,both,both,both,both
road_1726,both,both,both,both,both,both,both,both,both,both,both,both,both,both,both,both,both,both,both,both,both,both,both,both,both,both,both,both,both,both,both
road_1727,both,both,both,both,both,both,both,both,both,both,both,both,both,both,both,both,both,both,both,both,both,both,both,both,both,both,both,both,both,both,both
road_1728,both,both,both,both,both,both,both,both,both,both,both,both,both,both,both,both,both,both,both,both,both,both,both,both,both,both,both,both,both,both,both
road_1729,both,both,both,both,both,both,both,both,both,both,both,both,both,both,both,both,both,both,both,both,both,both,both,both,both,both,both,both,both,both,both
road_1730,both,both,both,both,both,both,both,both,both,both,both,both,both,both,both,both,both,both,both,both,both,both,both,both,both,both,both,both,both,both,both
road_1731,both,both,both,both,both,both,both,both,both,both,both,both,both,both,both,both,both,both,both,both,both,both,both,both,both,both,both,both,both,both,both
road_1732,both,both,both,both,both,both,both,both,both,both,both,both,both,both,both,both,both,both,both,both,both,both,both,both,both,both,both,both,both,both,both
road_1733,both,both,both,both,both,both,both,both,both,both,both,both,both,both,both,both,both,both,both,both,both,both,both,both,both,both,both,both,both,both,both
road_1734,both,both,both,both,both,both,both,both,both,both,both,both,both,both,both,both,both,both,both,both,both,both,both,both,both,both,both,both,both,both,both
road_1735,both,both,both,both,both,both,both,both,both,both,both,both,both,both,both,both,both,both,both,both,both,both,both,both,both,both,both,both,both,both,both
road_1736,both,both,both,both,both,both,both,both,both,both,both,both,both,both,both,both,both,both,both,both,both,both,both,both,both,both,both,both,both,both,both
road_1737,both,both,both,both,both,both,both,both,both,both,both,both,both,both,both,both,both,both,both,both,both,both,both,both,both,both,both,both,both,both,both
road_1738,both,both,both,both,both,both,both,both,both,both,both,both,both,both,both,both,both,both,both,both,both,both,both,both,both,both,both,both,both,both,both
road_1739,both,both,both,both,both,both,both,both,both,both,both,both,both,both,both,both,both,both,both,both,both,both,both,both,both,both,both,both,both,both,both
road_1740,both,both,both,both,both,both,both,both,both,both,both,both,both,both,both,both,both,both,both,both,both,both,both,both,both,both,both,both,both,both,both
road_1741,both,both,both,both,both,both,both,both,both,both,both,both,both,both,both,both,both,both,both,both,both,both,both,both,both,both,both,both,both,both,both
road_1742,both,both,both,both,both,both,both,both,both,both,both,both,both,both,both,both,both,both,both,both,both,both,both,both,both,both,both,both,both,both,both
road_1743,both,both,both,both,both,both,both,both,both,both,both,both,both,both,both,both,both,both,both,both,both,both,both,both,both,both,both,both,both,both,both
road_1744,both,both,both,both,both,both,both,both,both,both,both,both,both,both,both,both,both,both,both,both,both,both,both,both,both,both,both,both,both,both,both
road_1745,both,both,both,both,both,both,both,both,both,both,both,both,both,both,both,both,both,both,both,both,both,both,both,both,both,both,both,both,both,both,both
road_1746,both,both,both,both,both,both,both,both,both,both,both,both,both,both,both,both,both,both,both,both,both,both,both,both,both,both,both,both,both,both,both
road_1747,both,both,both,both,both,both,both,both,both,both,both,both,both,both,both,both,both,both,both,both,both,both,both,both,both,both,both,both,both,both,both
road_1748,both,both,both,both,both,both,both,both,both,both,both,both,both,both,both,both,both,both,both,both,both,both,both,both,both,both,both,both,both,both,both
road_1749,both,both,both,both,both,both,both,both,both,both,both,both,both,both,both,both,both,both,both,both,both,both,both,both,both,both,both,both,both,both,both
road_1750,both,both,both,both,both,both,both,both,both,both,both,both,both,both,both,both,both,both,both,both,both,both,both,both,both,both,both,both,both,both,both
road_1751,both,both,both,both,both,both,both,both,both,both,both,both,both,both,both,both,both,both,both,both,both,both,both,both,both,both,both,both,both,both,both
road_1752,both,both,both,both,both,both,both,both,both,both,both,both,both,both,both,both,both,both,both,both,both,both,both,both,both,both,both,both,both,both,both
road_1753,both,both,both,both,both,both,both,both,both,both,both,both,both,both,both,both,both,both,both,both,both,both,both,both,both,both,both,both,both,both,both
road_1754,both,both,both,both,both,both,both,both,both,both,both,both,both,both,both,both,both,both,both,both,both,both,both,both,both,both,both,both,both,both,both
road_1755,both,both,both,both,both,both,both,both,both,both,both,both,both,both,both,both,both,both,both,both,both,both,both,both,both,both,both,both,both,both,both
road_1756,both,both,both,both,both,both,both,both,both,both,both,both,both,both,both,both,both,both,both,both,both,both,both,both,both,both,both,both,both,both,both
road_1757,both,both,both,both,both,both,both,both,both,both,both,both,both,both,both,both,both,both,both,both,both,both,both,both,both,both,both,both,both,both,both
road_1758,both,both,both,both,both,both,both,both,both,both,both,both,both,both,both,both,both,both,both,both,both,both,both,both,both,both,both,both,both,both,both
road_1759,both,both,both,both,both,both,both,both,both,both,both,both,both,both,both,both,both,both,both,both,both,both,both,both,both,both,both,both,both,both,both
road_1760,both,both,both,both,both,both,both,both,both,both,both,both,both,both,both,both,both,both,both,both,both,both,both,both,both,both,both,both,both,both,both
road_1761,both,both,both,both,both,both,both,both,both,both,both,both,both,both,both,both,both,both,both,both,both,both,both,both,both,both,both,both,both,both,both
road_1762,both,both,both,both,both,both,both,both,both,both,both,both,both,both,both,both,both,both,both,both,both,both,both,both,both,both,both,both,both,both,both
road_1763,both,both,both,both,both,both,both,both,both,both,both,both,both,both,both,both,both,both,both,both,both,both,both,both,both,both,both,both,both,both,both
road_1764,both,both,both,both,both,both,both,both,both,both,both,both,both,both,both,both,both,both,both,both,both,both,both,both,both,both,both,both,both,both,both
road_1765,both,both,both,both,both,both,both,both,both,both,both,both,both,both,both,both,both,both,both,both,both,both,both,both,both,both,both,both,both,both,both
road_1766,both,both,both,both,both,both,both,both,both,both,both,both,both,both,both,both,both,both,both,both,both,both,both,both,both,both,both,both,both,both,both
road_1767,both,both,both,both,both,both,both,both,both,both,both,both,both,both,both,both,both,both,both,both,both,both,both,both,both,both,both,both,both,both,both
road_1768,both,both,both,both,both,both,both,both,both,both,both,both,both,both,both,both,both,both,both,both,both,both,both,both,both,both,both,both,both,both,both
road_1769,both,both,both,both,both,both,both,both,both,both,both,both,both,both,both,both,both,both,both,both,both,both,both,both,both,both,both,both,both,both,both
road_1770,both,both,both,both,both,both,both,both,both,both,both,both,both,both,both,both,both,both,both,both,both,both,both,both,both,both,both,both,both,both,both
road_1771,both,both,both,both,both,both,both,both,both,both,both,both,both,both,both,both,both,both,both,both,both,both,both,both,both,both,both,both,both,both,both
road_1772,both,both,both,both,both,both,both,both,both,both,both,both,both,both,both,both,both,both,both,both,both,both,both,both,both,both,both,both,both,both,both
road_1773,both,both,both,both,both,both,both,both,both,both,both,both,both,both,both,both,both,both,both,both,both,both,both,both,both,both,both,both,both,both,both
road_1774,both,both,both,both,both,both,both,both,both,both,both,both,both,both,both,both,both,both,both,both,both,both,both,both,both,both,both,both,both,both,both
road_1775,both,both,both,both,both,both,both,both,both,both,both,both,both,both,both,both,both,both,both,both,both,both,both,both,both,both,both,both,both,both,both
road_1776,both,both,both,both,both,both,both,both,both,both,both,both,both,both,both,both,both,both,both,both,both,both,both,both,both,both,both,both,both,both,both
road_1777,both,both,both,both,both,both,both,both,both,both,both,both,both,both,both,both,both,both,both,both,both,both,both,both,both,both,both,both,both,both,both
road_1778,both,both,both,both,both,both,both,both,both,both,both,both,both,both,both,both,both,both,both,both,both,both,both,both,both,both,both,both,both,both,both
road_1779,both,both,both,both,both,both,both,both,both,both,both,both,both,both,both,both,both,both,both,both,both,both,both,both,both,both,both,both,both,both,both
road_1780,both,both,both,both,both,both,both,both,both,both,both,both,both,both,both,both,both,both,both,both,both,both,both,both,both,both,both,both,both,both,both
road_1781,both,both,both,both,both,both,both,both,both,both,both,both,both,both,both,both,both,both,both,both,both,both,both,both,both,both,both,both,both,both,both
road_1782,both,both,both,both,both,both,both,both,both,both,both,both,both,both,both,both,both,both,both,both,both,both,both,both,both,both,both,both,both,both,both
road_1783,both,both,both,both,both,both,both,both,both,both,both,both,both,both,both,both,both,both,both,both,both,both,both,both,both,both,both,both,both,both,both
road_1784,both,both,both,both,both,both,both,both,both,both,both,both,both,both,both,both,both,both,both,both,both,both,both,both,both,both,both,both,both,both,both
road_1785,both,both,both,both,both,both,both,both,both,both,both,both,both,both,both,both,both,both,both,both,both,both,both,both,both,both,both,both,both,both,both
road_1786,both,both,both,both,both,both,both,both,both,both,both,both,both,both,both,both,both,both,both,both,both,both,both,both,both,both,both,both,both,both,both
road_1787,both,both,both,both,both,both,both,both,both,both,both,both,both,both,both,both,both,both,both,both,both,both,both,both,both,both,both,both,both,both,both
road_1788,both,both,both,both,both,both,both,both,both,both,both,both,both,both,both,both,both,both,both,both,both,both,both,both,both,both,both,both,both,both,both
road_1789,both,both,both,both,both,both,both,both,both,both,both,both,both,both,both,both,both,both,both,both,both,both,both,both,both,both,both,both,both,both,both
road_1790,both,both,both,both,both,both,both,both,both,both,both,both,both,both,both,both,both,both,both,both,both,both,both,both,both,both,both,both,both,both,both
road_1791,both,both,both,both,both,both,both,both,both,both,both,both,both,both,both,both,both,both,both,both,both,both,both,both,both,both,both,both,both,both,both
road_1792,both,both,both,both,both,both,both,both,both,both,both,both,both,both,both,both,both,both,both,both,both,both,both,both,both,both,both,both,both,both,both
road_1793,both,both,both,both,both,both,both,both,both,both,both,both,both,both,both,both,both,both,both,both,both,both,both,both,both,both,both,both,both,both,both
road_1794,both,both,both,both,both,both,both,both,both,both,both,both,both,both,both,both,both,both,both,both,both,both,both,both,both,both,both,both,both,both,both
road_1795,both,both,both,both,both,both,both,both,both,both,both,both,both,both,both,both,both,both,both,both,both,both,both,both,both,both,both,both,both,both,both
road_1796,both,both,both,both,both,both,both,both,both,both,both,both,both,both,both,both,both,both,both,both,both,both,both,both,both,both,both,both,both,both,both
road_1797,both,both,both,both,both,both,both,both,both,both,both,both,both,both,both,both,both,both,both,both,both,both,both,both,both,both,both,both,both,both,both
road_1798,both,both,both,both,both,both,both,both,both,both,both,both,both,both,both,both,both,both,both,both,both,both,both,both,both,both,both,both,both,both,both
road_1799,both,both,both,both,both,both,both,both,both,both,both,both,both,both,both,both,both,both,both,both,both,both,both,both,both,both,both,both,both,both,both
road_1800,both,both,both,both,both,both,both,both,both,both,both,both,both,both,both,both,both,both,both,both,both,both,both,both,both,both,both,both,both,both,both
road_1801,both,both,both,both,both,both,both,both,both,both,both,both,both,both,both,both,both,both,both,both,both,both,both,both,both,both,both,both,both,both,both
road_1802,both,both,both,both,both,both,both,both,both,both,both,both,both,both,both,both,both,both,both,both,both,both,both,both,both,both,both,both,both,both,both
road_1803,both,both,both,both,both,both,both,both,both,both,both,both,both,both,both,both,both,both,both,both,both,both,both,both,both,both,both,both,both,both,both
road_1804,both,both,both,both,both,both,both,both,both,both,both,both,both,both,both,both,both,both,both,both,both,both,both,both,both,both,both,both,both,both,both
road_1805,both,both,both,both,both,both,both,both,both,both,both,both,both,both,both,both,both,both,both,both,both,both,both,both,both,both,both,both,both,both,both
road_1806,both,both,both,both,both,both,both,both,both,both,both,both,both,both,both,both,both,both,both,both,both,both,both,both,both,both,both,both,both,both,both
road_1807,both,both,both,both,both,both,both,both,both,both,both,both,both,both,both,both,both,both,both,both,both,both,both,both,both,both,both,both,both,both,both
road_1808,both,both,both,both,both,both,both,both,both,both,both,both,both,both,both,both,both,both,both,both,both,both,both,both,both,both,both,both,both,both,both
road_1809,both,both,both,both,both,both,both,both,both,both,both,both,both,both,both,both,both,both,both,both,both,both,both,both,both,both,both,both,both,both,both
road_1810,both,both,both,both,both,both,both,both,both,both,both,both,both,both,both,both,both,both,both,both,both,both,both,both,both,both,both,both,both,both,both
road_1811,both,both,both,both,both,both,both,both,both,both,both,both,both,both,both,both,both,both,both,both,both,both,both,both,both,both,both,both,both,both,both
road_1812,both,both,both,both,both,both,both,both,both,both,both,both,both,both,both,both,both,both,both,both,both,both,both,both,both,both,both,both,both,both,both
road_1813,both,both,both,both,both,both,both,both,both,both,both,both,both,both,both,both,both,both,both,both,both,both,both,both,both,both,both,both,both,both,both
road_1814,both,both,both,both,both,both,both,both,both,both,both,both,both,both,both,both,both,both,both,both,both,both,both,both,both,both,both,both,both,both,both
road_1815,both,both,both,both,both,both,both,both,both,both,both,both,both,both,both,both,both,both,both,both,both,both,both,both,both,both,both,both,both,both,both
road_1816,both,both,both,both,both,both,both,both,both,both,both,both,both,both,both,both,both,both,both,both,both,both,both,both,both,both,both,both,both,both,both
road_1817,both,both,both,both,both,both,both,both,both,both,both,both,both,both,both,both,both,both,both,both,both,both,both,both,both,both,both,both,both,both,both
road_1818,both,both,both,both,both,both,both,both,both,both,both,both,both,both,both,both,both,both,both,both,both,both,both,both,both,both,both,both,both,both,both
road_1819,both,both,both,both,both,both,both,both,both,both,both,both,both,both,both,both,both,both,both,both,both,both,both,both,both,both,both,both,both,both,both
road_1820,both,both,both,both,both,both,both,both,both,both,both,both,both,both,both,both,both,both,both,both,both,both,both,both,both,both,both,both,both,both,both
road_1821,both,both,both,both,both,both,both,both,both,both,both,both,both,both,both,both,both,both,both,both,both,both,both,both,both,both,both,both,both,both,both
road_1822,both,both,both,both,both,both,both,both,both,both,both,both,both,both,both,both,both,both,both,both,both,both,both,both,both,both,both,both,both,both,both
road_1823,both,both,both,both,both,both,both,both,both,both,both,both,both,both,both,both,both,both,both,both,both,both,both,both,both,both,both,both,both,both,both
road_1824,both,both,both,both,both,both,both,both,both,both,both,both,both,both,both,both,both,both,both,both,both,both,both,both,both,both,both,both,both,both,both
road_1825,both,both,both,both,both,both,both,both,both,both,both,both,both,both,both,both,both,both,both,both,both,both,both,both,both,both,both,both,both,both,both
road_1826,both,both,both,both,both,both,both,both,both,both,both,both,both,both,both,both,both,both,both,both,both,both,both,both,both,both,both,both,both,both,both
road_1827,both,both,both,both,both,both,both,both,both,both,both,both,both,both,both,both,both,both,both,both,both,both,both,both,both,both,both,both,both,both,both
road_1828,both,both,both,both,both,both,both,both,both,both,both,both,both,both,both,both,both,both,both,both,both,both,both,both,both,both,both,both,both,both,both
road_1829,both,both,both,both,both,both,both,both,both,both,both,both,both,both,both,both,both,both,both,both,both,both,both,both,both,both,both,both,both,both,both
road_1830,both,both,both,both,both,both,both,both,both,both,both,both,both,both,both,both,both,both,both,both,both,both,both,both,both,both,both,both,both,both,both
road_1831,both,both,both,both,both,both,both,both,both,both,both,both,both,both,both,both,both,both,both,both,both,both,both,both,both,both,both,both,both,both,both
road_1832,both,both,both,both,both,both,both,both,both,both,both,both,both,both,both,both,both,both,both,both,both,both,both,both,both,both,both,both,both,both,both
road_1833,both,both,both,both,both,both,both,both,both,both,both,both,both,both,both,both,both,both,both,both,both,both,both,both,both,both,both,both,both,both,both
road_1834,both,both,both,both,both,both,both,both,both,both,both,both,both,both,both,both,both,both,both,both,both,both,both,both,both,both,both,both,both,both,both
road_1835,both,both,both,both,both,both,both,both,both,both,both,both,both,both,both,both,both,both,both,both,both,both,both,both,both,both,both,both,both,both,both
road_1836,both,both,both,both,both,both,both,both,both,both,both,both,both,both,both,both,both,both,both,both,both,both,both,both,both,both,both,both,both,both,both
road_1837,both,both,both,both,both,both,both,both,both,both,both,both,both,both,both,both,both,both,both,both,both,both,both,both,both,both,both,both,both,both,both
road_1838,both,both,both,both,both,both,both,both,both,both,both,both,both,both,both,both,both,both,both,both,both,both,both,both,both,both,both,both,both,both,both
road_1839,both,both,both,both,both,both,both,both,both,both,both,both,both,both,both,both,both,both,both,both,both,both,both,both,both,both,both,both,both,both,both
road_1840,both,both,both,both,both,both,both,both,both,both,both,both,both,both,both,both,both,both,both,both,both,both,both,both,both,both,both,both,both,both,both
road_1841,both,both,both,both,both,both,both,both,both,both,both,both,both,both,both,both,both,both,both,both,both,both,both,both,both,both,both,both,both,both,both
road_1842,both,both,both,both,both,both,both,both,both,both,both,both,both,both,both,both,both,both,both,both,both,both,both,both,both,both,both,both,both,both,both
road_1843,both,both,both,both,both,both,both,both,both,both,both,both,both,both,both,both,both,both,both,both,both,both,both,both,both,both,both,both,both,both,both
road_1844,both,both,both,both,both,both,both,both,both,both,both,both,both,both,both,both,both,both,both,both,both,both,both,both,both,both,both,both,both,both,both
road_1845,both,both,both,both,both,both,both,both,both,both,both,both,both,both,both,both,both,both,both,both,both,both,both,both,both,both,both,both,both,both,both
road_1846,both,both,both,both,both,both,both,both,both,both,both,both,both,both,both,both,both,both,both,both,both,both,both,both,both,both,both,both,both,both,both
road_1847,both,both,both,both,both,both,both,both,both,both,both,both,both,both,both,both,both,both,both,both,both,both,both,both,both,both,both,both,both,both,both
road_1848,both,both,both,both,both,both,both,both,both,both,both,both,both,both,both,both,both,both,both,both,both,both,both,both,both,both,both,both,both,both,both
road_1849,both,both,both,both,both,both,both,both,both,both,both,both,both,both,both,both,both,both,both,both,both,both,both,both,both,both,both,both,both,both,both
road_1850,both,both,both,both,both,both,both,both,both,both,both,both,both,both,both,both,both,both,both,both,both,both,both,both,both,both,both,both,both,both,both
road_1851,both,both,both,both,both,both,both,both,both,both,both,both,both,both,both,both,both,both,both,both,both,both,both,both,both,both,both,both,both,both,both
road_1852,both,both,both,both,both,both,both,both,both,both,both,both,both,both,both,both,both,both,both,both,both,both,both,both,both,both,both,both,both,both,both
road_1853,both,both,both,both,both,both,both,both,both,both,both,both,both,both,both,both,both,both,both,both,both,both,both,both,both,both,both,both,both,both,both
road_1854,both,both,both,both,both,both,both,both,both,both,both,both,both,both,both,both,both,both,both,both,both,both,both,both,both,both,both,both,both,both,both
road_1855,both,both,both,both,both,both,both,both,both,both,both,both,both,both,both,both,both,both,both,both,both,both,both,both,both,both,both,both,both,both,both
road_1856,both,both,both,both,both,both,both,both,both,both,both,both,both,both,both,both,both,both,both,both,both,both,both,both,both,both,both,both,both,both,both
road_1857,both,both,both,both,both,both,both,both,both,both,both,both,both,both,both,both,both,both,both,both,both,both,both,both,both,both,both,both,both,both,both
road_1858,both,both,both,both,both,both,both,both,both,both,both,both,both,both,both,both,both,both,both,both,both,both,both,both,both,both,both,both,both,both,both
road_1859,both,both,both,both,both,both,both,both,both,both,both,both,both,both,both,both,both,both,both,both,both,both,both,both,both,both,both,both,both,both,both
road_1860,both,both,both,both,both,both,both,both,both,both,both,both,both,both,both,both,both,both,both,both,both,both,both,both,both,both,both,both,both,both,both
road_1861,both,both,both,both,both,both,both,both,both,both,both,both,both,both,both,both,both,both,both,both,both,both,both,both,both,both,both,both,both,both,both
road_1862,both,both,both,both,both,both,both,both,both,both,both,both,both,both,both,both,both,both,both,both,both,both,both,both,both,both,both,both,both,both,both
road_1863,both,both,both,both,both,both,both,both,both,both,both,both,both,both,both,both,both,both,both,both,both,both,both,both,both,both,both,both,both,both,both
road_1864,both,both,both,both,both,both,both,both,both,both,both,both,both,both,both,both,both,both,both,both,both,both,both,both,both,both,both,both,both,both,both
road_1865,both,both,both,both,both,both,both,both,both,both,both,both,both,both,both,both,both,both,both,both,both,both,both,both,both,both,both,both,both,both,both
road_1866,both,both,both,both,both,both,both,both,both,both,both,both,both,both,both,both,both,both,both,both,both,both,both,both,both,both,both,both,both,both,both
road_1867,both,both,both,both,both,both,both,both,both,both,both,both,both,both,both,both,both,both,both,both,both,both,both,both,both,both,both,both,both,both,both
road_1868,both,both,both,both,both,both,both,both,both,both,both,both,both,both,both,both,both,both,both,both,both,both,both,both,both,both,both,both,both,both,both
road_1869,both,both,both,both,both,both,both,both,both,both,both,both,both,both,both,both,both,both,both,both,both,both,both,both,both,both,both,both,both,both,both
road_1870,both,both,both,both,both,both,both,both,both,both,both,both,both,both,both,both,both,both,both,both,both,both,both,both,both,both,both,both,both,both,both
road_1871,both,both,both,both,both,both,both,both,both,both,both,both,both,both,both,both,both,both,both,both,both,both,both,both,both,both,both,both,both,both,both
road_1872,both,both,both,both,both,both,both,both,both,both,both,both,both,both,both,both,both,both,both,both,both,both,both,both,both,both,both,both,both,both,both
road_1873,both,both,both,both,both,both,both,both,both,both,both,both,both,both,both,both,both,both,both,both,both,both,both,both,both,both,both,both,both,both,both
road_1874,both,both,both,both,both,both,both,both,both,both,both,both,both,both,both,both,both,both,both,both,both,both,both,both,both,both,both,both,both,both,both
road_1875,both,both,both,both,both,both,both,both,both,both,both,both,both,both,both,both,both,both,both,both,both,both,both,both,both,both,both,both,both,both,both
road_1876,both,both,both,both,both,both,both,both,both,both,both,both,both,both,both,both,both,both,both,both,both,both,both,both,both,both,both,both,both,both,both
road_1877,both,both,both,both,both,both,both,both,both,both,both,both,both,both,both,both,both,both,both,both,both,both,both,both,both,both,both,both,both,both,both
road_1878,both,both,both,both,both,both,both,both,both,both,both,both,both,both,both,both,both,both,both,both,both,both,both,both,both,both,both,both,both,both,both
road_1879,both,both,both,both,both,both,both,both,both,both,both,both,both,both,both,both,both,both,both,both,both,both,both,both,both,both,both,both,both,both,both
road_1880,both,both,both,both,both,both,both,both,both,both,both,both,both,both,both,both,both,both,both,both,both,both,both,both,both,both,both,both,both,both,both
road_1881,both,both,both,both,both,both,both,both,both,both,both,both,both,both,both,both,both,both,both,both,both,both,both,both,both,both,both,both,both,both,both
road_1882,both,both,both,both,both,both,both,both,both,both,both,both,both,both,both,both,both,both,both,both,both,both,both,both,both,both,both,both,both,both,both
road_1883,both,both,both,both,both,both,both,both,both,both,both,both,both,both,both,both,both,both,both,both,both,both,both,both,both,both,both,both,both,both,both
road_1884,both,both,both,both,both,both,both,both,both,both,both,both,both,both,both,both,both,both,both,both,both,both,both,both,both,both,both,both,both,both,both
road_1885,both,both,both,both,both,both,both,both,both,both,both,both,both,both,both,both,both,both,both,both,both,both,both,both,both,both,both,both,both,both,both
road_1886,both,both,both,both,both,both,both,both,both,both,both,both,both,both,both,both,both,both,both,both,both,both,both,both,both,both,both,both,both,both,both
road_1887,both,both,both,both,both,both,both,both,both,both,both,both,both,both,both,both,both,both,both,both,both,both,both,both,both,both,both,both,both,both,both
road_1888,both,both,both,both,both,both,both,both,both,both,both,both,both,both,both,both,both,both,both,both,both,both,both,both,both,both,both,both,both,both,both
road_1889,both,both,both,both,both,both,both,both,both,both,both,both,both,both,both,both,both,both,both,both,both,both,both,both,both,both,both,both,both,both,both
road_1890,both,both,both,both,both,both,both,both,both,both,both,both,both,both,both,both,both,both,both,both,both,both,both,both,both,both,both,both,both,both,both
road_1891,both,both,both,both,both,both,both,both,both,both,both,both,both,both,both,both,both,both,both,both,both,both,both,both,both,both,both,both,both,both,both
road_1892,both,both,both,both,both,both,both,both,both,both,both,both,both,both,both,both,both,both,both,both,both,both,both,both,both,both,both,both,both,both,both
road_1893,both,both,both,both,both,both,both,both,both,both,both,both,both,both,both,both,both,both,both,both,both,both,both,both,both,both,both,both,both,both,both
road_1894,both,both,both,both,both,both,both,both,both,both,both,both,both,both,both,both,both,both,both,both,both,both,both,both,both,both,both,both,both,both,both
road_1895,both,both,both,both,both,both,both,both,both,both,both,both,both,both,both,both,both,both,both,both,both,both,both,both,both,both,both,both,both,both,both
road_1896,both,both,both,both,both,both,both,both,both,both,both,both,both,both,both,both,both,both,both,both,both,both,both,both,both,both,both,both,both,both,both
road_1897,both,both,both,both,both,both,both,both,both,both,both,both,both,both,both,both,both,both,both,both,both,both,both,both,both,both,both,both,both,both,both
road_1898,both,both,both,both,both,both,both,both,both,both,both,both,both,both,both,both,both,both,both,both,both,both,both,both,both,both,both,both,both,both,both
road_1899,both,both,both,both,both,both,both,both,both,both,both,both,both,both,both,both,both,both,both,both,both,both,both,both,both,both,both,both,both,both,both
road_1900,both,both,both,both,both,both,both,both,both,both,both,both,both,both,both,both,both,both,both,both,both,both,both,both,both,both,both,both,both,both,both
road_1901,both,both,both,both,both,both,both,both,both,both,both,both,both,both,both,both,both,both,both,both,both,both,both,both,both,both,both,both,both,both,both
road_1902,both,both,both,both,both,both,both,both,both,both,both,both,both,both,both,both,both,both,both,both,both,both,both,both,both,both,both,both,both,both,both
road_1903,both,both,both,both,both,both,both,both,both,both,both,both,both,both,both,both,both,both,both,both,both,both,both,both,both,both,both,both,both,both,both
road_1904,both,both,both,both,both,both,both,both,both,both,both,both,both,both,both,both,both,both,both,both,both,both,both,both,both,both,both,both,both,both,both
road_1905,both,both,both,both,both,both,both,both,both,both,both,both,both,both,both,both,both,both,both,both,both,both,both,both,both,both,both,both,both,both,both
road_1906,both,both,both,both,both,both,both,both,both,both,both,both,both,both,both,both,both,both,both,both,both,both,both,both,both,both,both,both,both,both,both
road_1907,both,both,both,both,both,both,both,both,both,both,both,both,both,both,both,both,both,both,both,both,both,both,both,both,both,both,both,both,both,both,both
road_1908,both,both,both,both,both,both,both,both,both,both,both,both,both,both,both,both,both,both,both,both,both,both,both,both,both,both,both,both,both,both,both
road_1909,both,both,both,both,both,both,both,both,both,both,both,both,both,both,both,both,both,both,both,both,both,both,both,both,both,both,both,both,both,both,both
road_1910,both,both,both,both,both,both,both,both,both,both,both,both,both,both,both,both,both,both,both,both,both,both,both,both,both,both,both,both,both,both,both
road_1911,both,both,both,both,both,both,both,both,both,both,both,both,both,both,both,both,both,both,both,both,both,both,both,both,both,both,both,both,both,both,both
road_1912,both,both,both,both,both,both,both,both,both,both,both,both,both,both,both,both,both,both,both,both,both,both,both,both,both,both,both,both,both,both,both
road_1913,both,both,both,both,both,both,both,both,both,both,both,both,both,both,both,both,both,both,both,both,both,both,both,both,both,both,both,both,both,both,both
road_1914,both,both,both,both,both,both,both,both,both,both,both,both,both,both,both,both,both,both,both,both,both,both,both,both,both,both,both,both,both,both,both
road_1915,both,both,both,both,both,both,both,both,both,both,both,both,both,both,both,both,both,both,both,both,both,both,both,both,both,both,both,both,both,both,both
road_1916,both,both,both,both,both,both,both,both,both,both,both,both,both,both,both,both,both,both,both,both,both,both,both,both,both,both,both,both,both,both,both
road_1917,both,both,both,both,both,both,both,both,both,both,both,both,both,both,both,both,both,both,both,both,both,both,both,both,both,both,both,both,both,both,both
road_1918,both,both,both,both,both,both,both,both,both,both,both,both,both,both,both,both,both,both,both,both,both,both,both,both,both,both,both,both,both,both,both
road_1919,both,both,both,both,both,both,both,both,both,both,both,both,both,both,both,both,both,both,both,both,both,both,both,both,both,both,both,both,both,both,both
road_1920,both,both,both,both,both,both,both,both,both,both,both,both,both,both,both,both,both,both,both,both,both,both,both,both,both,both,both,both,both,both,both
road_1921,both,both,both,both,both,both,both,both,both,both,both,both,both,both,both,both,both,both,both,both,both,both,both,both,both,both,both,both,both,both,both
road_1922,both,both,both,both,both,both,both,both,both,both,both,both,both,both,both,both,both,both,both,both,both,both,both,both,both,both,both,both,both,both,both
road_1923,both,both,both,both,both,both,both,both,both,both,both,both,both,both,both,both,both,both,both,both,both,both,both,both,both,both,both,both,both,both,both
road_1924,both,both,both,both,both,both,both,both,both,both,both,both,both,both,both,both,both,both,both,both,both,both,both,both,both,both,both,both,both,both,both
road_1925,both,both,both,both,both,both,both,both,both,both,both,both,both,both,both,both,both,both,both,both,both,both,both,both,both,both,both,both,both,both,both
road_1926,both,both,both,both,both,both,both,both,both,both,both,both,both,both,both,both,both,both,both,both,both,both,both,both,both,both,both,both,both,both,both
road_1927,both,both,both,both,both,both,both,both,both,both,both,both,both,both,both,both,both,both,both,both,both,both,both,both,both,both,both,both,both,both,both
road_1928,both,both,both,both,both,both,both,both,both,both,both,both,both,both,both,both,both,both,both,both,both,both,both,both,both,both,both,both,both,both,both
road_1929,both,both,both,both,both,both,both,both,both,both,both,both,both,both,both,both,both,both,both,both,both,both,both,both,both,both,both,both,both,both,both
road_1930,both,both,both,both,both,both,both,both,both,both,both,both,both,both,both,both,both,both,both,both,both,both,both,both,both,both,both,both,both,both,both
road_1931,both,both,both,both,both,both,both,both,both,both,both,both,both,both,both,both,both,both,both,both,both,both,both,both,both,both,both,both,both,both,both
road_1932,both,both,both,both,both,both,both,both,both,both,both,both,both,both,both,both,both,both,both,both,both,both,both,both,both,both,both,both,both,both,both
road_1933,both,both,both,both,both,both,both,both,both,both,both,both,both,both,both,both,both,both,both,both,both,both,both,both,both,both,both,both,both,both,both
road_1934,both,both,both,both,both,both,both,both,both,both,both,both,both,both,both,both,both,both,both,both,both,both,both,both,both,both,both,both,both,both,both
road_1935,both,both,both,both,both,both,both,both,both,both,both,both,both,both,both,both,both,both,both,both,both,both,both,both,both,both,both,both,both,both,both
road_1936,both,both,both,both,both,both,both,both,both,both,both,both,both,both,both,both,both,both,both,both,both,both,both,both,both,both,both,both,both,both,both
road_1937,both,both,both,both,both,both,both,both,both,both,both,both,both,both,both,both,both,both,both,both,both,both,both,both,both,both,both,both,both,both,both
road_1938,both,both,both,both,both,both,both,both,both,both,both,both,both,both,both,both,both,both,both,both,both,both,both,both,both,both,both,both,both,both,both
road_1939,both,both,both,both,both,both,both,both,both,both,both,both,both,both,both,both,both,both,both,both,both,both,both,both,both,both,both,both,both,both,both
road_1940,both,both,both,both,both,both,both,both,both,both,both,both,both,both,both,both,both,both,both,both,both,both,both,both,both,both,both,both,both,both,both
road_1941,both,both,both,both,both,both,both,both,both,both,both,both,both,both,both,both,both,both,both,both,both,both,both,both,both,both,both,both,both,both,both
road_1942,both,both,both,both,both,both,both,both,both,both,both,both,both,both,both,both,both,both,both,both,both,both,both,both,both,both,both,both,both,both,both
road_1943,both,both,both,both,both,both,both,both,both,both,both,both,both,both,both,both,both,both,both,both,both,both,both,both,both,both,both,both,both,both,both
road_1944,both,both,both,both,both,both,both,both,both,both,both,both,both,both,both,both,both,both,both,both,both,both,both,both,both,both,both,both,both,both,both
road_1945,both,both,both,both,both,both,both,both,both,both,both,both,both,both,both,both,both,both,both,both,both,both,both,both,both,both,both,both,both,both,both
road_1946,both,both,both,both,both,both,both,both,both,both,both,both,both,both,both,both,both,both,both,both,both,both,both,both,both,both,both,both,both,both,both
road_1947,both,both,both,both,both,both,both,both,both,both,both,both,both,both,both,both,both,both,both,both,both,both,both,both,both,both,both,both,both,both,both
road_1948,both,both,both,both,both,both,both,both,both,both,both,both,both,both,both,both,both,both,both,both,both,both,both,both,both,both,both,both,both,both,both
road_1949,both,both,both,both,both,both,both,both,both,both,both,both,both,both,both,both,both,both,both,both,both,both,both,both,both,both,both,both,both,both,both
road_1950,both,both,both,both,both,both,both,both,both,both,both,both,both,both,both,both,both,both,both,both,both,both,both,both,both,both,both,both,both,both,both
road_1951,both,both,both,both,both,both,both,both,both,both,both,both,both,both,both,both,both,both,both,both,both,both,both,both,both,both,both,both,both,both,both
road_1952,both,both,both,both,both,both,both,both,both,both,both,both,both,both,both,both,both,both,both,both,both,both,both,both,both,both,both,both,both,both,both
road_1953,both,both,both,both,both,both,both,both,both,both,both,both,both,both,both,both,both,both,both,both,both,both,both,both,both,both,both,both,both,both,both
road_1954,both,both,both,both,both,both,both,both,both,both,both,both,both,both,both,both,both,both,both,both,both,both,both,both,both,both,both,both,both,both,both
road_1955,both,both,both,both,both,both,both,both,both,both,both,both,both,both,both,both,both,both,both,both,both,both,both,both,both,both,both,both,both,both,both
road_1956,both,both,both,both,both,both,both,both,both,both,both,both,both,both,both,both,both,both,both,both,both,both,both,both,both,both,both,both,both,both,both
road_1957,both,both,both,both,both,both,both,both,both,both,both,both,both,both,both,both,both,both,both,both,both,both,both,both,both,both,both,both,both,both,both
road_1958,both,both,both,both,both,both,both,both,both,both,both,both,both,both,both,both,both,both,both,both,both,both,both,both,both,both,both,both,both,both,both
road_1959,both,both,both,both,both,both,both,both,both,both,both,both,both,both,both,both,both,both,both,both,both,both,both,both,both,both,both,both,both,both,both
road_1960,both,both,both,both,both,both,both,both,both,both,both,both,both,both,both,both,both,both,both,both,both,both,both,both,both,both,both,both,both,both,both
road_1961,both,both,both,both,both,both,both,both,both,both,both,both,both,both,both,both,both,both,both,both,both,both,both,both,both,both,both,both,both,both,both
road_1962,both,both,both,both,both,both,both,both,both,both,both,both,both,both,both,both,both,both,both,both,both,both,both,both,both,both,both,both,both,both,both
road_1963,both,both,both,both,both,both,both,both,both,both,both,both,both,both,both,both,both,both,both,both,both,both,both,both,both,both,both,both,both,both,both
road_1964,both,both,both,both,both,both,both,both,both,both,both,both,both,both,both,both,both,both,both,both,both,both,both,both,both,both,both,both,both,both,both
road_1965,both,both,both,both,both,both,both,both,both,both,both,both,both,both,both,both,both,both,both,both,both,both,both,both,both,both,both,both,both,both,both
road_1966,both,both,both,both,both,both,both,both,both,both,both,both,both,both,both,both,both,both,both,both,both,both,both,both,both,both,both,both,both,both,both
road_1967,both,both,both,both,both,both,both,both,both,both,both,both,both,both,both,both,both,both,both,both,both,both,both,both,both,both,both,both,both,both,both
road_1968,both,both,both,both,both,both,both,both,both,both,both,both,both,both,both,both,both,both,both,both,both,both,both,both,both,both,both,both,both,both,both
road_1969,both,both,both,both,both,both,both,both,both,both,both,both,both,both,both,both,both,both,both,both,both,both,both,both,both,both,both,both,both,both,both
road_1970,both,both,both,both,both,both,both,both,both,both,both,both,both,both,both,both,both,both,both,both,both,both,both,both,both,both,both,both,both,both,both
road_1971,both,both,both,both,both,both,both,both,both,both,both,both,both,both,both,both,both,both,both,both,both,both,both,both,both,both,both,both,both,both,both
road_1972,both,both,both,both,both,both,both,both,both,both,both,both,both,both,both,both,both,both,both,both,both,both,both,both,both,both,both,both,both,both,both
road_1973,both,both,both,both,both,both,both,both,both,both,both,both,both,both,both,both,both,both,both,both,both,both,both,both,both,both,both,both,both,both,both
road_1974,both,both,both,both,both,both,both,both,both,both,both,both,both,both,both,both,both,both,both,both,both,both,both,both,both,both,both,both,both,both,both
road_1975,both,both,both,both,both,both,both,both,both,both,both,both,both,both,both,both,both,both,both,both,both,both,both,both,both,both,both,both,both,both,both
road_1976,both,both,both,both,both,both,both,both,both,both,both,both,both,both,both,both,both,both,both,both,both,both,both,both,both,both,both,both,both,both,both
road_1977,both,both,both,both,both,both,both,both,both,both,both,both,both,both,both,both,both,both,both,both,both,both,both,both,both,both,both,both,both,both,both
road_1978,both,both,both,both,both,both,both,both,both,both,both,both,both,both,both,both,both,both,both,both,both,both,both,both,both,both,both,both,both,both,both
road_1979,both,both,both,both,both,both,both,both,both,both,both,both,both,both,both,both,both,both,both,both,both,both,both,both,both,both,both,both,both,both,both
road_1980,both,both,both,both,both,both,both,both,both,both,both,both,both,both,both,both,both,both,both,both,both,both,both,both,both,both,both,both,both,both,both
road_1981,both,both,both,both,both,both,both,both,both,both,both,both,both,both,both,both,both,both,both,both,both,both,both,both,both,both,both,both,both,both,both
road_1982,both,both,both,both,both,both,both,both,both,both,both,both,both,both,both,both,both,both,both,both,both,both,both,both,both,both,both,both,both,both,both
road_1983,both,both,both,both,both,both,both,both,both,both,both,both,both,both,both,both,both,both,both,both,both,both,both,both,both,both,both,both,both,both,both
road_1984,both,both,both,both,both,both,both,both,both,both,both,both,both,both,both,both,both,both,both,both,both,both,both,both,both,both,both,both,both,both,both
road_1985,both,both,both,both,both,both,both,both,both,both,both,both,both,both,both,both,both,both,both,both,both,both,both,both,both,both,both,both,both,both,both
road_1986,both,both,both,both,both,both,both,both,both,both,both,both,both,both,both,both,both,both,both,both,both,both,both,both,both,both,both,both,both,both,both
road_1987,both,both,both,both,both,both,both,both,both,both,both,both,both,both,both,both,both,both,both,both,both,both,both,both,both,both,both,both,both,both,both
road_1988,both,both,both,both,both,both,both,both,both,both,both,both,both,both,both,both,both,both,both,both,both,both,both,both,both,both,both,both,both,both,both
road_1989,both,both,both,both,both,both,both,both,both,both,both,both,both,both,both,both,both,both,both,both,both,both,both,both,both,both,both,both,both,both,both
road_1990,both,both,both,both,both,both,both,both,both,both,both,both,both,both,both,both,both,both,both,both,both,both,both,both,both,both,both,both,both,both,both
road_1991,both,both,both,both,both,both,both,both,both,both,both,both,both,both,both,both,both,both,both,both,both,both,both,both,both,both,both,both,both,both,both
road_1992,both,both,both,both,both,both,both,both,both,both,both,both,both,both,both,both,both,both,both,both,both,both,both,both,both,both,both,both,both,both,both
road_1993,both,both,both,both,both,both,both,both,both,both,both,both,both,both,both,both,both,both,both,both,both,both,both,both,both,both,both,both,both,both,both
road_1994,both,both,both,both,both,both,both,both,both,both,both,both,both,both,both,both,both,both,both,both,both,both,both,both,both,both,both,both,both,both,both
road_1995,both,both,both,both,both,both,both,both,both,both,both,both,both,both,both,both,both,both,both,both,both,both,both,both,both,both,both,both,both,both,both
road_1996,both,both,both,both,both,both,both,both,both,both,both,both,both,both,both,both,both,both,both,both,both,both,both,both,both,both,both,both,both,both,both
road_1997,both,both,both,both,both,both,both,both,both,both,both,both,both,both,both,both,both,both,both,both,both,both,both,both,both,both,both,both,both,both,both
road_1998,both,both,both,both,both,both,both,both,both,both,both,both,both,both,both,both,both,both,both,both,both,both,both,both,both,both,both,both,both,both,both
road_1999,both,both,both,both,both,both,both,both,both,both,both,both,both,both,both,both,both,both,both,both,both,both,both,both,both,both,both,both,both,both,both
road_2000,both,both,both,both,both,both,both,both,both,both,both,both,both,both,both,both,both,both,both,both,both,both,both,both,both,both,both,both,both,both,both
road_2001,both,both,both,both,both,both,both,both,both,both,both,both,both,both,both,both,both,both,both,both,both,both,both,both,both,both,both,both,both,both,both
road_2002,both,both,both,both,both,both,both,both,both,both,both,both,both,both,both,both,both,both,both,both,both,both,both,both,both,both,both,both,both,both,both
road_2003,both,both,both,both,both,both,both,both,both,both,both,both,both,both,both,both,both,both,both,both,both,both,both,both,both,both,both,both,both,both,both
road_2004,both,both,both,both,both,both,both,both,both,both,both,both,both,both,both,both,both,both,both,both,both,both,both,both,both,both,both,both,both,both,both
road_2005,both,both,both,both,both,both,both,both,both,both,both,both,both,both,both,both,both,both,both,both,both,both,both,both,both,both,both,both,both,both,both
road_2006,both,both,both,both,both,both,both,both,both,both,both,both,both,both,both,both,both,both,both,both,both,both,both,both,both,both,both,both,both,both,both
road_2007,both,both,both,both,both,both,both,both,both,both,both,both,both,both,both,both,both,both,both,both,both,both,both,both,both,both,both,both,both,both,both
road_2008,both,both,both,both,both,both,both,both,both,both,both,both,both,both,both,both,both,both,both,both,both,both,both,both,both,both,both,both,both,both,both
road_2009,both,both,both,both,both,both,both,both,both,both,both,both,both,both,both,both,both,both,both,both,both,both,both,both,both,both,both,both,both,both,both
road_2010,both,both,both,both,both,both,both,both,both,both,both,both,both,both,both,both,both,both,both,both,both,both,both,both,both,both,both,both,both,both,both
road_2011,both,both,both,both,both,both,both,both,both,both,both,both,both,both,both,both,both,both,both,both,both,both,both,both,both,both,both,both,both,both,both
road_2012,both,both,both,both,both,both,both,both,both,both,both,both,both,both,both,both,both,both,both,both,both,both,both,both,both,both,both,both,both,both,both
road_2013,both,both,both,both,both,both,both,both,both,both,both,both,both,both,both,both,both,both,both,both,both,both,both,both,both,both,both,both,both,both,both
road_2014,both,both,both,both,both,both,both,both,both,both,both,both,both,both,both,both,both,both,both,both,both,both,both,both,both,both,both,both,both,both,both
road_2015,both,both,both,both,both,both,both,both,both,both,both,both,both,both,both,both,both,both,both,both,both,both,both,both,both,both,both,both,both,both,both
road_2016,both,both,both,both,both,both,both,both,both,both,both,both,both,both,both,both,both,both,both,both,both,both,both,both,both,both,both,both,both,both,both
road_2017,both,both,both,both,both,both,both,both,both,both,both,both,both,both,both,both,both,both,both,both,both,both,both,both,both,both,both,both,both,both,both
road_2018,both,both,both,both,both,both,both,both,both,both,both,both,both,both,both,both,both,both,both,both,both,both,both,both,both,both,both,both,both,both,both
road_2019,both,both,both,both,both,both,both,both,both,both,both,both,both,both,both,both,both,both,both,both,both,both,both,both,both,both,both,both,both,both,both
road_2020,both,both,both,both,both,both,both,both,both,both,both,both,both,both,both,both,both,both,both,both,both,both,both,both,both,both,both,both,both,both,both
road_2021,both,both,both,both,both,both,both,both,both,both,both,both,both,both,both,both,both,both,both,both,both,both,both,both,both,both,both,both,both,both,both
road_2022,both,both,both,both,both,both,both,both,both,both,both,both,both,both,both,both,both,both,both,both,both,both,both,both,both,both,both,both,both,both,both
road_2023,both,both,both,both,both,both,both,both,both,both,both,both,both,both,both,both,both,both,both,both,both,both,both,both,both,both,both,both,both,both,both
road_2024,both,both,both,both,both,both,both,both,both,both,both,both,both,both,both,both,both,both,both,both,both,both,both,both,both,both,both,both,both,both,both
road_2025,both,both,both,both,both,both,both,both,both,both,both,both,both,both,both,both,both,both,both,both,both,both,both,both,both,both,both,both,both,both,both
road_2026,both,both,both,both,both,both,both,both,both,both,both,both,both,both,both,both,both,both,both,both,both,both,both,both,both,both,both,both,both,both,both
road_2027,both,both,both,both,both,both,both,both,both,both,both,both,both,both,both,both,both,both,both,both,both,both,both,both,both,both,both,both,both,both,both
road_2028,both,both,both,both,both,both,both,both,both,both,both,both,both,both,both,both,both,both,both,both,both,both,both,both,both,both,both,both,both,both,both
road_2029,both,both,both,both,both,both,both,both,both,both,both,both,both,both,both,both,both,both,both,both,both,both,both,both,both,both,both,both,both,both,both
road_2030,both,both,both,both,both,both,both,both,both,both,both,both,both,both,both,both,both,both,both,both,both,both,both,both,both,both,both,both,both,both,both
road_2031,both,both,both,both,both,both,both,both,both,both,both,both,both,both,both,both,both,both,both,both,both,both,both,both,both,both,both,both,both,both,both
road_2032,both,both,both,both,both,both,both,both,both,both,both,both,both,both,both,both,both,both,both,both,both,both,both,both,both,both,both,both,both,both,both
road_2033,both,both,both,both,both,both,both,both,both,both,both,both,both,both,both,both,both,both,both,both,both,both,both,both,both,both,both,both,both,both,both
road_2034,both,both,both,both,both,both,both,both,both,both,both,both,both,both,both,both,both,both,both,both,both,both,both,both,both,both,both,both,both,both,both
road_2035,both,both,both,both,both,both,both,both,both,both,both,both,both,both,both,both,both,both,both,both,both,both,both,both,both,both,both,both,both,both,both
road_2036,both,both,both,both,both,both,both,both,both,both,both,both,both,both,both,both,both,both,both,both,both,both,both,both,both,both,both,both,both,both,both
road_2037,both,both,both,both,both,both,both,both,both,both,both,both,both,both,both,both,both,both,both,both,both,both,both,both,both,both,both,both,both,both,both
road_2038,both,both,both,both,both,both,both,both,both,both,both,both,both,both,both,both,both,both,both,both,both,both,both,both,both,both,both,both,both,both,both
road_2039,both,both,both,both,both,both,both,both,both,both,both,both,both,both,both,both,both,both,both,both,both,both,both,both,both,both,both,both,both,both,both
road_2040,both,both,both,both,both,both,both,both,both,both,both,both,both,both,both,both,both,both,both,both,both,both,both,both,both,both,both,both,both,both,both
road_2041,both,both,both,both,both,both,both,both,both,both,both,both,both,both,both,both,both,both,both,both,both,both,both,both,both,both,both,both,both,both,both
road_2042,both,both,both,both,both,both,both,both,both,both,both,both,both,both,both,both,both,both,both,both,both,both,both,both,both,both,both,both,both,both,both
road_2043,both,both,both,both,both,both,both,both,both,both,both,both,both,both,both,both,both,both,both,both,both,both,both,both,both,both,both,both,both,both,both
road_2044,both,both,both,both,both,both,both,both,both,both,both,both,both,both,both,both,both,both,both,both,both,both,both,both,both,both,both,both,both,both,both
road_2045,both,both,both,both,both,both,both,both,both,both,both,both,both,both,both,both,both,both,both,both,both,both,both,both,both,both,both,both,both,both,both
road_2046,both,both,both,both,both,both,both,both,both,both,both,both,both,both,both,both,both,both,both,both,both,both,both,both,both,both,both,both,both,both,both
road_2047,both,both,both,both,both,both,both,both,both,both,both,both,both,both,both,both,both,both,both,both,both,both,both,both,both,both,both,both,both,both,both
road_2048,both,both,both,both,both,both,both,both,both,both,both,both,both,both,both,both,both,both,both,both,both,both,both,both,both,both,both,both,both,both,both
road_2049,both,both,both,both,both,both,both,both,both,both,both,both,both,both,both,both,both,both,both,both,both,both,both,both,both,both,both,both,both,both,both
road_2050,both,both,both,both,both,both,both,both,both,both,both,both,both,both,both,both,both,both,both,both,both,both,both,both,both,both,both,both,both,both,both
road_2051,both,both,both,both,both,both,both,both,both,both,both,both,both,both,both,both,both,both,both,both,both,both,both,both,both,both,both,both,both,both,both
road_2052,both,both,both,both,both,both,both,both,both,both,both,both,both,both,both,both,both,both,both,both,both,both,both,both,both,both,both,both,both,both,both
road_2053,both,both,both,both,both,both,both,both,both,both,both,both,both,both,both,both,both,both,both,both,both,both,both,both,both,both,both,both,both,both,both
road_2054,both,both,both,both,both,both,both,both,both,both,both,both,both,both,both,both,both,both,both,both,both,both,both,both,both,both,both,both,both,both,both
road_2055,both,both,both,both,both,both,both,both,both,both,both,both,both,both,both,both,both,both,both,both,both,both,both,both,both,both,both,both,both,both,both
road_2056,both,both,both,both,both,both,both,both,both,both,both,both,both,both,both,both,both,both,both,both,both,both,both,both,both,both,both,both,both,both,both
road_2057,both,both,both,both,both,both,both,both,both,both,both,both,both,both,both,both,both,both,both,both,both,both,both,both,both,both,both,both,both,both,both
road_2058,both,both,both,both,both,both,both,both,both,both,both,both,both,both,both,both,both,both,both,both,both,both,both,both,both,both,both,both,both,both,both
road_2059,both,both,both,both,both,both,both,both,both,both,both,both,both,both,both,both,both,both,both,both,both,both,both,both,both,both,both,both,both,both,both
road_2060,both,both,both,both,both,both,both,both,both,both,both,both,both,both,both,both,both,both,both,both,both,both,both,both,both,both,both,both,both,both,both
road_2061,both,both,both,both,both,both,both,both,both,both,both,both,both,both,both,both,both,both,both,both,both,both,both,both,both,both,both,both,both,both,both
road_2062,both,both,both,both,both,both,both,both,both,both,both,both,both,both,both,both,both,both,both,both,both,both,both,both,both,both,both,both,both,both,both
road_2063,both,both,both,both,both,both,both,both,both,both,both,both,both,both,both,both,both,both,both,both,both,both,both,both,both,both,both,both,both,both,both
road_2064,both,both,both,both,both,both,both,both,both,both,both,both,both,both,both,both,both,both,both,both,both,both,both,both,both,both,both,both,both,both,both
road_2065,both,both,both,both,both,both,both,both,both,both,both,both,both,both,both,both,both,both,both,both,both,both,both,both,both,both,both,both,both,both,both
road_2066,both,both,both,both,both,both,both,both,both,both,both,both,both,both,both,both,both,both,both,both,both,both,both,both,both,both,both,both,both,both,both
road_2067,both,both,both,both,both,both,both,both,both,both,both,both,both,both,both,both,both,both,both,both,both,both,both,both,both,both,both,both,both,both,both
road_2068,both,both,both,both,both,both,both,both,both,both,both,both,both,both,both,both,both,both,both,both,both,both,both,both,both,both,both,both,both,both,both
road_2069,both,both,both,both,both,both,both,both,both,both,both,both,both,both,both,both,both,both,both,both,both,both,both,both,both,both,both,both,both,both,both
road_2070,both,both,both,both,both,both,both,both,both,both,both,both,both,both,both,both,both,both,both,both,both,both,both,both,both,both,both,both,both,both,both
road_2071,both,both,both,both,both,both,both,both,both,both,both,both,both,both,both,both,both,both,both,both,both,both,both,both,both,both,both,both,both,both,both
road_2072,both,both,both,both,both,both,both,both,both,both,both,both,both,both,both,both,both,both,both,both,both,both,both,both,both,both,both,both,both,both,both
road_2073,both,both,both,both,both,both,both,both,both,both,both,both,both,both,both,both,both,both,both,both,both,both,both,both,both,both,both,both,both,both,both
road_2074,both,both,both,both,both,both,both,both,both,both,both,both,both,both,both,both,both,both,both,both,both,both,both,both,both,both,both,both,both,both,both
road_2075,both,both,both,both,both,both,both,both,both,both,both,both,both,both,both,both,both,both,both,both,both,both,both,both,both,both,both,both,both,both,both
road_2076,both,both,both,both,both,both,both,both,both,both,both,both,both,both,both,both,both,both,both,both,both,both,both,both,both,both,both,both,both,both,both
road_2077,both,both,both,both,both,both,both,both,both,both,both,both,both,both,both,both,both,both,both,both,both,both,both,both,both,both,both,both,both,both,both
road_2078,both,both,both,both,both,both,both,both,both,both,both,both,both,both,both,both,both,both,both,both,both,both,both,both,both,both,both,both,both,both,both
road_2079,both,both,both,both,both,both,both,both,both,both,both,both,both,both,both,both,both,both,both,both,both,both,both,both,both,both,both,both,both,both,both
road_2080,both,both,both,both,both,both,both,both,both,both,both,both,both,both,both,both,both,both,both,both,both,both,both,both,both,both,both,both,both,both,both
road_2081,both,both,both,both,both,both,both,both,both,both,both,both,both,both,both,both,both,both,both,both,both,both,both,both,both,both,both,both,both,both,both
road_2082,both,both,both,both,both,both,both,both,both,both,both,both,both,both,both,both,both,both,both,both,both,both,both,both,both,both,both,both,both,both,both
road_2083,both,both,both,both,both,both,both,both,both,both,both,both,both,both,both,both,both,both,both,both,both,both,both,both,both,both,both,both,both,both,both
road_2084,both,both,both,both,both,both,both,both,both,both,both,both,both,both,both,both,both,both,both,both,both,both,both,both,both,both,both,both,both,both,both
road_2085,both,both,both,both,both,both,both,both,both,both,both,both,both,both,both,both,both,both,both,both,both,both,both,both,both,both,both,both,both,both,both
road_2086,both,both,both,both,both,both,both,both,both,both,both,both,both,both,both,both,both,both,both,both,both,both,both,both,both,both,both,both,both,both,both
road_2087,both,both,both,both,both,both,both,both,both,both,both,both,both,both,both,both,both,both,both,both,both,both,both,both,both,both,both,both,both,both,both
road_2088,both,both,both,both,both,both,both,both,both,both,both,both,both,both,both,both,both,both,both,both,both,both,both,both,both,both,both,both,both,both,both
road_2089,both,both,both,both,both,both,both,both,both,both,both,both,both,both,both,both,both,both,both,both,both,both,both,both,both,both,both,both,both,both,both
road_2090,both,both,both,both,both,both,both,both,both,both,both,both,both,both,both,both,both,both,both,both,both,both,both,both,both,both,both,both,both,both,both
road_2091,both,both,both,both,both,both,both,both,both,both,both,both,both,both,both,both,both,both,both,both,both,both,both,both,both,both,both,both,both,both,both
road_2092,both,both,both,both,both,both,both,both,both,both,both,both,both,both,both,both,both,both,both,both,both,both,both,both,both,both,both,both,both,both,both
road_2093,both,both,both,both,both,both,both,both,both,both,both,both,both,both,both,both,both,both,both,both,both,both,both,both,both,both,both,both,both,both,both
road_2094,both,both,both,both,both,both,both,both,both,both,both,both,both,both,both,both,both,both,both,both,both,both,both,both,both,both,both,both,both,both,both
road_2095,both,both,both,both,both,both,both,both,both,both,both,both,both,both,both,both,both,both,both,both,both,both,both,both,both,both,both,both,both,both,both
road_2096,both,both,both,both,both,both,both,both,both,both,both,both,both,both,both,both,both,both,both,both,both,both,both,both,both,both,both,both,both,both,both
road_2097,both,both,both,both,both,both,both,both,both,both,both,both,both,both,both,both,both,both,both,both,both,both,both,both,both,both,both,both,both,both,both
road_2098,both,both,both,both,both,both,both,both,both,both,both,both,both,both,both,both,both,both,both,both,both,both,both,both,both,both,both,both,both,both,both
road_2099,both,both,both,both,both,both,both,both,both,both,both,both,both,both,both,both,both,both,both,both,both,both,both,both,both,both,both,both,both,both,both
road_2100,both,both,both,both,both,both,both,both,both,both,both,both,both,both,both,both,both,both,both,both,both,both,both,both,both,both,both,both,both,both,both
road_2101,both,both,both,both,both,both,both,both,both,both,both,both,both,both,both,both,both,both,both,both,both,both,both,both,both,both,both,both,both,both,both
road_2102,both,both,both,both,both,both,both,both,both,both,both,both,both,both,both,both,both,both,both,both,both,both,both,both,both,both,both,both,both,both,both
road_2103,both,both,both,both,both,both,both,both,both,both,both,both,both,both,both,both,both,both,both,both,both,both,both,both,both,both,both,both,both,both,both
road_2104,both,both,both,both,both,both,both,both,both,both,both,both,both,both,both,both,both,both,both,both,both,both,both,both,both,both,both,both,both,both,both
road_2105,both,both,both,both,both,both,both,both,both,both,both,both,both,both,both,both,both,both,both,both,both,both,both,both,both,both,both,both,both,both,both
road_2106,both,both,both,both,both,both,both,both,both,both,both,both,both,both,both,both,both,both,both,both,both,both,both,both,both,both,both,both,both,both,both
road_2107,both,both,both,both,both,both,both,both,both,both,both,both,both,both,both,both,both,both,both,both,both,both,both,both,both,both,both,both,both,both,both
road_2108,both,both,both,both,both,both,both,both,both,both,both,both,both,both,both,both,both,both,both,both,both,both,both,both,both,both,both,both,both,both,both
road_2109,both,both,both,both,both,both,both,both,both,both,both,both,both,both,both,both,both,both,both,both,both,both,both,both,both,both,both,both,both,both,both
road_2110,both,both,both,both,both,both,both,both,both,both,both,both,both,both,both,both,both,both,both,both,both,both,both,both,both,both,both,both,both,both,both
road_2111,both,both,both,both,both,both,both,both,both,both,both,both,both,both,both,both,both,both,both,both,both,both,both,both,both,both,both,both,both,both,both
road_2112,both,both,both,both,both,both,both,both,both,both,both,both,both,both,both,both,both,both,both,both,both,both,both,both,both,both,both,both,both,both,both
road_2113,both,both,both,both,both,both,both,both,both,both,both,both,both,both,both,both,both,both,both,both,both,both,both,both,both,both,both,both,both,both,both
road_2114,both,both,both,both,both,both,both,both,both,both,both,both,both,both,both,both,both,both,both,both,both,both,both,both,both,both,both,both,both,both,both
road_2115,both,both,both,both,both,both,both,both,both,both,both,both,both,both,both,both,both,both,both,both,both,both,both,both,both,both,both,both,both,both,both
road_2116,both,both,both,both,both,both,both,both,both,both,both,both,both,both,both,both,both,both,both,both,both,both,both,both,both,both,both,both,both,both,both
road_2117,both,both,both,both,both,both,both,both,both,both,both,both,both,both,both,both,both,both,both,both,both,both,both,both,both,both,both,both,both,both,both
road_2118,both,both,both,both,both,both,both,both,both,both,both,both,both,both,both,both,both,both,both,both,both,both,both,both,both,both,both,both,both,both,both
road_2119,both,both,both,both,both,both,both,both,both,both,both,both,both,both,both,both,both,both,both,both,both,both,both,both,both,both,both,both,both,both,both
road_2120,both,both,both,both,both,both,both,both,both,both,both,both,both,both,both,both,both,both,both,both,both,both,both,both,both,both,both,both,both,both,both
road_2121,both,both,both,both,both,both,both,both,both,both,both,both,both,both,both,both,both,both,both,both,both,both,both,both,both,both,both,both,both,both,both
road_2122,both,both,both,both,both,both,both,both,both,both,both,both,both,both,both,both,both,both,both,both,both,both,both,both,both,both,both,both,both,both,both
road_2123,both,both,both,both,both,both,both,both,both,both,both,both,both,both,both,both,both,both,both,both,both,both,both,both,both,both,both,both,both,both,both
road_2124,both,both,both,both,both,both,both,both,both,both,both,both,both,both,both,both,both,both,both,both,both,both,both,both,both,both,both,both,both,both,both
road_2125,both,both,both,both,both,both,both,both,both,both,both,both,both,both,both,both,both,both,both,both,both,both,both,both,both,both,both,both,both,both,both
road_2126,both,both,both,both,both,both,both,both,both,both,both,both,both,both,both,both,both,both,both,both,both,both,both,both,both,both,both,both,both,both,both
road_2127,both,both,both,both,both,both,both,both,both,both,both,both,both,both,both,both,both,both,both,both,both,both,both,both,both,both,both,both,both,both,both
road_2128,both,both,both,both,both,both,both,both,both,both,both,both,both,both,both,both,both,both,both,both,both,both,both,both,both,both,both,both,both,both,both
road_2129,both,both,both,both,both,both,both,both,both,both,both,both,both,both,both,both,both,both,both,both,both,both,both,both,both,both,both,both,both,both,both
road_2130,both,both,both,both,both,both,both,both,both,both,both,both,both,both,both,both,both,both,both,both,both,both,both,both,both,both,both,both,both,both,both
road_2131,both,both,both,both,both,both,both,both,both,both,both,both,both,both,both,both,both,both,both,both,both,both,both,both,both,both,both,both,both,both,both
road_2132,both,both,both,both,both,both,both,both,both,both,both,both,both,both,both,both,both,both,both,both,both,both,both,both,both,both,both,both,both,both,both
road_2133,both,both,both,both,both,both,both,both,both,both,both,both,both,both,both,both,both,both,both,both,both,both,both,both,both,both,both,both,both,both,both
road_2134,both,both,both,both,both,both,both,both,both,both,both,both,both,both,both,both,both,both,both,both,both,both,both,both,both,both,both,both,both,both,both
road_2135,both,both,both,both,both,both,both,both,both,both,both,both,both,both,both,both,both,both,both,both,both,both,both,both,both,both,both,both,both,both,both
road_2136,both,both,both,both,both,both,both,both,both,both,both,both,both,both,both,both,both,both,both,both,both,both,both,both,both,both,both,both,both,both,both
road_2137,both,both,both,both,both,both,both,both,both,both,both,both,both,both,both,both,both,both,both,both,both,both,both,both,both,both,both,both,both,both,both
road_2138,both,both,both,both,both,both,both,both,both,both,both,both,both,both,both,both,both,both,both,both,both,both,both,both,both,both,both,both,both,both,both
road_2139,both,both,both,both,both,both,both,both,both,both,both,both,both,both,both,both,both,both,both,both,both,both,both,both,both,both,both,both,both,both,both
road_2140,both,both,both,both,both,both,both,both,both,both,both,both,both,both,both,both,both,both,both,both,both,both,both,both,both,both,both,both,both,both,both
road_2141,both,both,both,both,both,both,both,both,both,both,both,both,both,both,both,both,both,both,both,both,both,both,both,both,both,both,both,both,both,both,both
road_2142,both,both,both,both,both,both,both,both,both,both,both,both,both,both,both,both,both,both,both,both,both,both,both,both,both,both,both,both,both,both,both
road_2143,both,both,both,both,both,both,both,both,both,both,both,both,both,both,both,both,both,both,both,both,both,both,both,both,both,both,both,both,both,both,both
road_2144,both,both,both,both,both,both,both,both,both,both,both,both,both,both,both,both,both,both,both,both,both,both,both,both,both,both,both,both,both,both,both
road_2145,both,both,both,both,both,both,both,both,both,both,both,both,both,both,both,both,both,both,both,both,both,both,both,both,both,both,both,both,both,both,both
road_2146,both,both,both,both,both,both,both,both,both,both,both,both,both,both,both,both,both,both,both,both,both,both,both,both,both,both,both,both,both,both,both
road_2147,both,both,both,both,both,both,both,both,both,both,both,both,both,both,both,both,both,both,both,both,both,both,both,both,both,both,both,both,both,both,both
road_2148,both,both,both,both,both,both,both,both,both,both,both,both,both,both,both,both,both,both,both,both,both,both,both,both,both,both,both,both,both,both,both
road_2149,both,both,both,both,both,both,both,both,both,both,both,both,both,both,both,both,both,both,both,both,both,both,both,both,both,both,both,both,both,both,both
road_2150,both,both,both,both,both,both,both,both,both,both,both,both,both,both,both,both,both,both,both,both,both,both,both,both,both,both,both,both,both,both,both
road_2151,both,both,both,both,both,both,both,both,both,both,both,both,both,both,both,both,both,both,both,both,both,both,both,both,both,both,both,both,both,both,both
road_2152,both,both,both,both,both,both,both,both,both,both,both,both,both,both,both,both,both,both,both,both,both,both,both,both,both,both,both,both,both,both,both
road_2153,both,both,both,both,both,both,both,both,both,both,both,both,both,both,both,both,both,both,both,both,both,both,both,both,both,both,both,both,both,both,both
road_2154,both,both,both,both,both,both,both,both,both,both,both,both,both,both,both,both,both,both,both,both,both,both,both,both,both,both,both,both,both,both,both
road_2155,both,both,both,both,both,both,both,both,both,both,both,both,both,both,both,both,both,both,both,both,both,both,both,both,both,both,both,both,both,both,both
road_2156,both,both,both,both,both,both,both,both,both,both,both,both,both,both,both,both,both,both,both,both,both,both,both,both,both,both,both,both,both,both,both
road_2157,both,both,both,both,both,both,both,both,both,both,both,both,both,both,both,both,both,both,both,both,both,both,both,both,both,both,both,both,both,both,both
road_2158,both,both,both,both,both,both,both,both,both,both,both,both,both,both,both,both,both,both,both,both,both,both,both,both,both,both,both,both,both,both,both
road_2159,both,both,both,both,both,both,both,both,both,both,both,both,both,both,both,both,both,both,both,both,both,both,both,both,both,both,both,both,both,both,both
road_2160,both,both,both,both,both,both,both,both,both,both,both,both,both,both,both,both,both,both,both,both,both,both,both,both,both,both,both,both,both,both,both
road_2161,both,both,both,both,both,both,both,both,both,both,both,both,both,both,both,both,both,both,both,both,both,both,both,both,both,both,both,both,both,both,both
road_2162,both,both,both,both,both,both,both,both,both,both,both,both,both,both,both,both,both,both,both,both,both,both,both,both,both,both,both,both,both,both,both
road_2163,both,both,both,both,both,both,both,both,both,both,both,both,both,both,both,both,both,both,both,both,both,both,both,both,both,both,both,both,both,both,both
road_2164,both,both,both,both,both,both,both,both,both,both,both,both,both,both,both,both,both,both,both,both,both,both,both,both,both,both,both,both,both,both,both
road_2165,both,both,both,both,both,both,both,both,both,both,both,both,both,both,both,both,both,both,both,both,both,both,both,both,both,both,both,both,both,both,both
road_2166,both,both,both,both,both,both,both,both,both,both,both,both,both,both,both,both,both,both,both,both,both,both,both,both,both,both,both,both,both,both,both
road_2167,both,both,both,both,both,both,both,both,both,both,both,both,both,both,both,both,both,both,both,both,both,both,both,both,both,both,both,both,both,both,both
road_2168,both,both,both,both,both,both,both,both,both,both,both,both,both,both,both,both,both,both,both,both,both,both,both,both,both,both,both,both,both,both,both
road_2169,both,both,both,both,both,both,both,both,both,both,both,both,both,both,both,both,both,both,both,both,both,both,both,both,both,both,both,both,both,both,both
road_2170,both,both,both,both,both,both,both,both,both,both,both,both,both,both,both,both,both,both,both,both,both,both,both,both,both,both,both,both,both,both,both
road_2171,both,both,both,both,both,both,both,both,both,both,both,both,both,both,both,both,both,both,both,both,both,both,both,both,both,both,both,both,both,both,both
road_2172,both,both,both,both,both,both,both,both,both,both,both,both,both,both,both,both,both,both,both,both,both,both,both,both,both,both,both,both,both,both,both
road_2173,both,both,both,both,both,both,both,both,both,both,both,both,both,both,both,both,both,both,both,both,both,both,both,both,both,both,both,both,both,both,both
road_2174,both,both,both,both,both,both,both,both,both,both,both,both,both,both,both,both,both,both,both,both,both,both,both,both,both,both,both,both,both,both,both
road_2175,both,both,both,both,both,both,both,both,both,both,both,both,both,both,both,both,both,both,both,both,both,both,both,both,both,both,both,both,both,both,both
road_2176,both,both,both,both,both,both,both,both,both,both,both,both,both,both,both,both,both,both,both,both,both,both,both,both,both,both,both,both,both,both,both
road_2177,both,both,both,both,both,both,both,both,both,both,both,both,both,both,both,both,both,both,both,both,both,both,both,both,both,both,both,both,both,both,both
road_2178,both,both,both,both,both,both,both,both,both,both,both,both,both,both,both,both,both,both,both,both,both,both,both,both,both,both,both,both,both,both,both
road_2179,both,both,both,both,both,both,both,both,both,both,both,both,both,both,both,both,both,both,both,both,both,both,both,both,both,both,both,both,both,both,both
road_2180,both,both,both,both,both,both,both,both,both,both,both,both,both,both,both,both,both,both,both,both,both,both,both,both,both,both,both,both,both,both,both
road_2181,both,both,both,both,both,both,both,both,both,both,both,both,both,both,both,both,both,both,both,both,both,both,both,both,both,both,both,both,both,both,both
road_2182,both,both,both,both,both,both,both,both,both,both,both,both,both,both,both,both,both,both,both,both,both,both,both,both,both,both,both,both,both,both,both
road_2183,both,both,both,both,both,both,both,both,both,both,both,both,both,both,both,both,both,both,both,both,both,both,both,both,both,both,both,both,both,both,both
road_2184,both,both,both,both,both,both,both,both,both,both,both,both,both,both,both,both,both,both,both,both,both,both,both,both,both,both,both,both,both,both,both
road_2185,both,both,both,both,both,both,both,both,both,both,both,both,both,both,both,both,both,both,both,both,both,both,both,both,both,both,both,both,both,both,both
road_2186,both,both,both,both,both,both,both,both,both,both,both,both,both,both,both,both,both,both,both,both,both,both,both,both,both,both,both,both,both,both,both
road_2187,both,both,both,both,both,both,both,both,both,both,both,both,both,both,both,both,both,both,both,both,both,both,both,both,both,both,both,both,both,both,both
road_2188,both,both,both,both,both,both,both,both,both,both,both,both,both,both,both,both,both,both,both,both,both,both,both,both,both,both,both,both,both,both,both
road_2189,both,both,both,both,both,both,both,both,both,both,both,both,both,both,both,both,both,both,both,both,both,both,both,both,both,both,both,both,both,both,both
road_2190,both,both,both,both,both,both,both,both,both,both,both,both,both,both,both,both,both,both,both,both,both,both,both,both,both,both,both,both,both,both,both
road_2191,both,both,both,both,both,both,both,both,both,both,both,both,both,both,both,both,both,both,both,both,both,both,both,both,both,both,both,both,both,both,both
road_2192,both,both,both,both,both,both,both,both,both,both,both,both,both,both,both,both,both,both,both,both,both,both,both,both,both,both,both,both,both,both,both
road_2193,both,both,both,both,both,both,both,both,both,both,both,both,both,both,both,both,both,both,both,both,both,both,both,both,both,both,both,both,both,both,both
road_2194,both,both,both,both,both,both,both,both,both,both,both,both,both,both,both,both,both,both,both,both,both,both,both,both,both,both,both,both,both,both,both
road_2195,both,both,both,both,both,both,both,both,both,both,both,both,both,both,both,both,both,both,both,both,both,both,both,both,both,both,both,both,both,both,both
road_2196,both,both,both,both,both,both,both,both,both,both,both,both,both,both,both,both,both,both,both,both,both,both,both,both,both,both,both,both,both,both,both
road_2197,both,both,both,both,both,both,both,both,both,both,both,both,both,both,both,both,both,both,both,both,both,both,both,both,both,both,both,both,both,both,both
road_2198,both,both,both,both,both,both,both,both,both,both,both,both,both,both,both,both,both,both,both,both,both,both,both,both,both,both,both,both,both,both,both
road_2199,both,both,both,both,both,both,both,both,both,both,both,both,both,both,both,both,both,both,both,both,both,both,both,both,both,both,both,both,both,both,both
road_2200,both,both,both,both,both,both,both,both,both,both,both,both,both,both,both,both,both,both,both,both,both,both,both,both,both,both,both,both,both,both,both
road_2201,both,both,both,both,both,both,both,both,both,both,both,both,both,both,both,both,both,both,both,both,both,both,both,both,both,both,both,both,both,both,both
road_2202,both,both,both,both,both,both,both,both,both,both,both,both,both,both,both,both,both,both,both,both,both,both,both,both,both,both,both,both,both,both,both
road_2203,both,both,both,both,both,both,both,both,both,both,both,both,both,both,both,both,both,both,both,both,both,both,both,both,both,both,both,both,both,both,both
road_2204,both,both,both,both,both,both,both,both,both,both,both,both,both,both,both,both,both,both,both,both,both,both,both,both,both,both,both,both,both,both,both
road_2205,both,both,both,both,both,both,both,both,both,both,both,both,both,both,both,both,both,both,both,both,both,both,both,both,both,both,both,both,both,both,both
road_2206,both,both,both,both,both,both,both,both,both,both,both,both,both,both,both,both,both,both,both,both,both,both,both,both,both,both,both,both,both,both,both
road_2207,both,both,both,both,both,both,both,both,both,both,both,both,both,both,both,both,both,both,both,both,both,both,both,both,both,both,both,both,both,both,both
road_2208,both,both,both,both,both,both,both,both,both,both,both,both,both,both,both,both,both,both,both,both,both,both,both,both,both,both,both,both,both,both,both
road_2209,both,both,both,both,both,both,both,both,both,both,both,both,both,both,both,both,both,both,both,both,both,both,both,both,both,both,both,both,both,both,both
road_2210,both,both,both,both,both,both,both,both,both,both,both,both,both,both,both,both,both,both,both,both,both,both,both,both,both,both,both,both,both,both,both
road_2211,both,both,both,both,both,both,both,both,both,both,both,both,both,both,both,both,both,both,both,both,both,both,both,both,both,both,both,both,both,both,both
road_2212,both,both,both,both,both,both,both,both,both,both,both,both,both,both,both,both,both,both,both,both,both,both,both,both,both,both,both,both,both,both,both
road_2213,both,both,both,both,both,both,both,both,both,both,both,both,both,both,both,both,both,both,both,both,both,both,both,both,both,both,both,both,both,both,both
road_2214,both,both,both,both,both,both,both,both,both,both,both,both,both,both,both,both,both,both,both,both,both,both,both,both,both,both,both,both,both,both,both
road_2215,both,both,both,both,both,both,both,both,both,both,both,both,both,both,both,both,both,both,both,both,both,both,both,both,both,both,both,both,both,both,both
road_2216,both,both,both,both,both,both,both,both,both,both,both,both,both,both,both,both,both,both,both,both,both,both,both,both,both,both,both,both,both,both,both
road_2217,both,both,both,both,both,both,both,both,both,both,both,both,both,both,both,both,both,both,both,both,both,both,both,both,both,both,both,both,both,both,both
road_2218,both,both,both,both,both,both,both,both,both,both,both,both,both,both,both,both,both,both,both,both,both,both,both,both,both,both,both,both,both,both,both
road_2219,both,both,both,both,both,both,both,both,both,both,both,both,both,both,both,both,both,both,both,both,both,both,both,both,both,both,both,both,both,both,both
road_2220,both,both,both,both,both,both,both,both,both,both,both,both,both,both,both,both,both,both,both,both,both,both,both,both,both,both,both,both,both,both,both
road_2221,both,both,both,both,both,both,both,both,both,both,both,both,both,both,both,both,both,both,both,both,both,both,both,both,both,both,both,both,both,both,both
road_2222,both,both,both,both,both,both,both,both,both,both,both,both,both,both,both,both,both,both,both,both,both,both,both,both,both,both,both,both,both,both,both
road_2223,both,both,both,both,both,both,both,both,both,both,both,both,both,both,both,both,both,both,both,both,both,both,both,both,both,both,both,both,both,both,both
road_2224,both,both,both,both,both,both,both,both,both,both,both,both,both,both,both,both,both,both,both,both,both,both,both,both,both,both,both,both,both,both,both
road_2225,both,both,both,both,both,both,both,both,both,both,both,both,both,both,both,both,both,both,both,both,both,both,both,both,both,both,both,both,both,both,both
road_2226,both,both,both,both,both,both,both,both,both,both,both,both,both,both,both,both,both,both,both,both,both,both,both,both,both,both,both,both,both,both,both
road_2227,both,both,both,both,both,both,both,both,both,both,both,both,both,both,both,both,both,both,both,both,both,both,both,both,both,both,both,both,both,both,both
road_2228,both,both,both,both,both,both,both,both,both,both,both,both,both,both,both,both,both,both,both,both,both,both,both,both,both,both,both,both,both,both,both
road_2229,both,both,both,both,both,both,both,both,both,both,both,both,both,both,both,both,both,both,both,both,both,both,both,both,both,both,both,both,both,both,both
road_2230,both,both,both,both,both,both,both,both,both,both,both,both,both,both,both,both,both,both,both,both,both,both,both,both,both,both,both,both,both,both,both
road_2231,both,both,both,both,both,both,both,both,both,both,both,both,both,both,both,both,both,both,both,both,both,both,both,both,both,both,both,both,both,both,both
road_2232,both,both,both,both,both,both,both,both,both,both,both,both,both,both,both,both,both,both,both,both,both,both,both,both,both,both,both,both,both,both,both
road_2233,both,both,both,both,both,both,both,both,both,both,both,both,both,both,both,both,both,both,both,both,both,both,both,both,both,both,both,both,both,both,both
road_2234,both,both,both,both,both,both,both,both,both,both,both,both,both,both,both,both,both,both,both,both,both,both,both,both,both,both,both,both,both,both,both
road_2235,both,both,both,both,both,both,both,both,both,both,both,both,both,both,both,both,both,both,both,both,both,both,both,both,both,both,both,both,both,both,both
road_2236,both,both,both,both,both,both,both,both,both,both,both,both,both,both,both,both,both,both,both,both,both,both,both,both,both,both,both,both,both,both,both
road_2237,both,both,both,both,both,both,both,both,both,both,both,both,both,both,both,both,both,both,both,both,both,both,both,both,both,both,both,both,both,both,both
road_2238,both,both,both,both,both,both,both,both,both,both,both,both,both,both,both,both,both,both,both,both,both,both,both,both,both,both,both,both,both,both,both
road_2239,both,both,both,both,both,both,both,both,both,both,both,both,both,both,both,both,both,both,both,both,both,both,both,both,both,both,both,both,both,both,both
road_2240,both,both,both,both,both,both,both,both,both,both,both,both,both,both,both,both,both,both,both,both,both,both,both,both,both,both,both,both,both,both,both
road_2241,both,both,both,both,both,both,both,both,both,both,both,both,both,both,both,both,both,both,both,both,both,both,both,both,both,both,both,both,both,both,both
road_2242,both,both,both,both,both,both,both,both,both,both,both,both,both,both,both,both,both,both,both,both,both,both,both,both,both,both,both,both,both,both,both
road_2243,both,both,both,both,both,both,both,both,both,both,both,both,both,both,both,both,both,both,both,both,both,both,both,both,both,both,both,both,both,both,both
road_2244,both,both,both,both,both,both,both,both,both,both,both,both,both,both,both,both,both,both,both,both,both,both,both,both,both,both,both,both,both,both,both
road_2245,both,both,both,both,both,both,both,both,both,both,both,both,both,both,both,both,both,both,both,both,both,both,both,both,both,both,both,both,both,both,both
road_2246,both,both,both,both,both,both,both,both,both,both,both,both,both,both,both,both,both,both,both,both,both,both,both,both,both,both,both,both,both,both,both
road_2247,both,both,both,both,both,both,both,both,both,both,both,both,both,both,both,both,both,both,both,both,both,both,both,both,both,both,both,both,both,both,both
road_2248,both,both,both,both,both,both,both,both,both,both,both,both,both,both,both,both,both,both,both,both,both,both,both,both,both,both,both,both,both,both,both
road_2249,both,both,both,both,both,both,both,both,both,both,both,both,both,both,both,both,both,both,both,both,both,both,both,both,both,both,both,both,both,both,both
road_2250,both,both,both,both,both,both,both,both,both,both,both,both,both,both,both,both,both,both,both,both,both,both,both,both,both,both,both,both,both,both,both
road_2251,both,both,both,both,both,both,both,both,both,both,both,both,both,both,both,both,both,both,both,both,both,both,both,both,both,both,both,both,both,both,both
road_2252,both,both,both,both,both,both,both,both,both,both,both,both,both,both,both,both,both,both,both,both,both,both,both,both,both,both,both,both,both,both,both
road_2253,both,both,both,both,both,both,both,both,both,both,both,both,both,both,both,both,both,both,both,both,both,both,both,both,both,both,both,both,both,both,both
road_2254,both,both,both,both,both,both,both,both,both,both,both,both,both,both,both,both,both,both,both,both,both,both,both,both,both,both,both,both,both,both,both
road_2255,both,both,both,both,both,both,both,both,both,both,both,both,both,both,both,both,both,both,both,both,both,both,both,both,both,both,both,both,both,both,both
road_2256,both,both,both,both,both,both,both,both,both,both,both,both,both,both,both,both,both,both,both,both,both,both,both,both,both,both,both,both,both,both,both
road_2257,both,both,both,both,both,both,both,both,both,both,both,both,both,both,both,both,both,both,both,both,both,both,both,both,both,both,both,both,both,both,both
road_2258,both,both,both,both,both,both,both,both,both,both,both,both,both,both,both,both,both,both,both,both,both,both,both,both,both,both,both,both,both,both,both
road_2259,both,both,both,both,both,both,both,both,both,both,both,both,both,both,both,both,both,both,both,both,both,both,both,both,both,both,both,both,both,both,both
road_2260,both,both,both,both,both,both,both,both,both,both,both,both,both,both,both,both,both,both,both,both,both,both,both,both,both,both,both,both,both,both,both
road_2261,both,both,both,both,both,both,both,both,both,both,both,both,both,both,both,both,both,both,both,both,both,both,both,both,both,both,both,both,both,both,both
road_2262,both,both,both,both,both,both,both,both,both,both,both,both,both,both,both,both,both,both,both,both,both,both,both,both,both,both,both,both,both,both,both
road_2263,both,both,both,both,both,both,both,both,both,both,both,both,both,both,both,both,both,both,both,both,both,both,both,both,both,both,both,both,both,both,both
road_2264,both,both,both,both,both,both,both,both,both,both,both,both,both,both,both,both,both,both,both,both,both,both,both,both,both,both,both,both,both,both,both
road_2265,both,both,both,both,both,both,both,both,both,both,both,both,both,both,both,both,both,both,both,both,both,both,both,both,both,both,both,both,both,both,both
road_2266,both,both,both,both,both,both,both,both,both,both,both,both,both,both,both,both,both,both,both,both,both,both,both,both,both,both,both,both,both,both,both
road_2267,both,both,both,both,both,both,both,both,both,both,both,both,both,both,both,both,both,both,both,both,both,both,both,both,both,both,both,both,both,both,both
road_2268,both,both,both,both,both,both,both,both,both,both,both,both,both,both,both,both,both,both,both,both,both,both,both,both,both,both,both,both,both,both,both
road_2269,both,both,both,both,both,both,both,both,both,both,both,both,both,both,both,both,both,both,both,both,both,both,both,both,both,both,both,both,both,both,both
road_2270,both,both,both,both,both,both,both,both,both,both,both,both,both,both,both,both,both,both,both,both,both,both,both,both,both,both,both,both,both,both,both
road_2271,both,both,both,both,both,both,both,both,both,both,both,both,both,both,both,both,both,both,both,both,both,both,both,both,both,both,both,both,both,both,both
road_2272,both,both,both,both,both,both,both,both,both,both,both,both,both,both,both,both,both,both,both,both,both,both,both,both,both,both,both,both,both,both,both
road_2273,both,both,both,both,both,both,both,both,both,both,both,both,both,both,both,both,both,both,both,both,both,both,both,both,both,both,both,both,both,both,both
road_2274,both,both,both,both,both,both,both,both,both,both,both,both,both,both,both,both,both,both,both,both,both,both,both,both,both,both,both,both,both,both,both
road_2275,both,both,both,both,both,both,both,both,both,both,both,both,both,both,both,both,both,both,both,both,both,both,both,both,both,both,both,both,both,both,both
road_2276,both,both,both,both,both,both,both,both,both,both,both,both,both,both,both,both,both,both,both,both,both,both,both,both,both,both,both,both,both,both,both
road_2277,both,both,both,both,both,both,both,both,both,both,both,both,both,both,both,both,both,both,both,both,both,both,both,both,both,both,both,both,both,both,both
road_2278,both,both,both,both,both,both,both,both,both,both,both,both,both,both,both,both,both,both,both,both,both,both,both,both,both,both,both,both,both,both,both
road_2279,both,both,both,both,both,both,both,both,both,both,both,both,both,both,both,both,both,both,both,both,both,both,both,both,both,both,both,both,both,both,both
road_2280,both,both,both,both,both,both,both,both,both,both,both,both,both,both,both,both,both,both,both,both,both,both,both,both,both,both,both,both,both,both,both
road_2281,both,both,both,both,both,both,both,both,both,both,both,both,both,both,both,both,both,both,both,both,both,both,both,both,both,both,both,both,both,both,both
road_2282,both,both,both,both,both,both,both,both,both,both,both,both,both,both,both,both,both,both,both,both,both,both,both,both,both,both,both,both,both,both,both
road_2283,both,both,both,both,both,both,both,both,both,both,both,both,both,both,both,both,both,both,both,both,both,both,both,both,both,both,both,both,both,both,both
road_2284,both,both,both,both,both,both,both,both,both,both,both,both,both,both,both,both,both,both,both,both,both,both,both,both,both,both,both,both,both,both,both
road_2285,both,both,both,both,both,both,both,both,both,both,both,both,both,both,both,both,both,both,both,both,both,both,both,both,both,both,both,both,both,both,both
road_2286,both,both,both,both,both,both,both,both,both,both,both,both,both,both,both,both,both,both,both,both,both,both,both,both,both,both,both,both,both,both,both
road_2287,both,both,both,both,both,both,both,both,both,both,both,both,both,both,both,both,both,both,both,both,both,both,both,both,both,both,both,both,both,both,both
road_2288,both,both,both,both,both,both,both,both,both,both,both,both,both,both,both,both,both,both,both,both,both,both,both,both,both,both,both,both,both,both,both
road_2289,both,both,both,both,both,both,both,both,both,both,both,both,both,both,both,both,both,both,both,both,both,both,both,both,both,both,both,both,both,both,both
road_2290,both,both,both,both,both,both,both,both,both,both,both,both,both,both,both,both,both,both,both,both,both,both,both,both,both,both,both,both,both,both,both
road_2291,both,both,both,both,both,both,both,both,both,both,both,both,both,both,both,both,both,both,both,both,both,both,both,both,both,both,both,both,both,both,both
road_2292,both,both,both,both,both,both,both,both,both,both,both,both,both,both,both,both,both,both,both,both,both,both,both,both,both,both,both,both,both,both,both
road_2293,both,both,both,both,both,both,both,both,both,both,both,both,both,both,both,both,both,both,both,both,both,both,both,both,both,both,both,both,both,both,both
road_2294,both,both,both,both,both,both,both,both,both,both,both,both,both,both,both,both,both,both,both,both,both,both,both,both,both,both,both,both,both,both,both
road_2295,both,both,both,both,both,both,both,both,both,both,both,both,both,both,both,both,both,both,both,both,both,both,both,both,both,both,both,both,both,both,both
road_2296,both,both,both,both,both,both,both,both,both,both,both,both,both,both,both,both,both,both,both,both,both,both,both,both,both,both,both,both,both,both,both
road_2297,both,both,both,both,both,both,both,both,both,both,both,both,both,both,both,both,both,both,both,both,both,both,both,both,both,both,both,both,both,both,both
road_2298,both,both,both,both,both,both,both,both,both,both,both,both,both,both,both,both,both,both,both,both,both,both,both,both,both,both,both,both,both,both,both
road_2299,both,both,both,both,both,both,both,both,both,both,both,both,both,both,both,both,both,both,both,both,both,both,both,both,both,both,both,both,both,both,both
road_2300,both,both,both,both,both,both,both,both,both,both,both,both,both,both,both,both,both,both,both,both,both,both,both,both,both,both,both,both,both,both,both
road_2301,both,both,both,both,both,both,both,both,both,both,both,both,both,both,both,both,both,both,both,both,both,both,both,both,both,both,both,both,both,both,both
road_2302,both,both,both,both,both,both,both,both,both,both,both,both,both,both,both,both,both,both,both,both,both,both,both,both,both,both,both,both,both,both,both
road_2303,both,both,both,both,both,both,both,both,both,both,both,both,both,both,both,both,both,both,both,both,both,both,both,both,both,both,both,both,both,both,both
road_2304,both,both,both,both,both,both,both,both,both,both,both,both,both,both,both,both,both,both,both,both,both,both,both,both,both,both,both,both,both,both,both
road_2305,both,both,both,both,both,both,both,both,both,both,both,both,both,both,both,both,both,both,both,both,both,both,both,both,both,both,both,both,both,both,both
road_2306,both,both,both,both,both,both,both,both,both,both,both,both,both,both,both,both,both,both,both,both,both,both,both,both,both,both,both,both,both,both,both
road_2307,both,both,both,both,both,both,both,both,both,both,both,both,both,both,both,both,both,both,both,both,both,both,both,both,both,both,both,both,both,both,both
road_2308,both,both,both,both,both,both,both,both,both,both,both,both,both,both,both,both,both,both,both,both,both,both,both,both,both,both,both,both,both,both,both
road_2309,both,both,both,both,both,both,both,both,both,both,both,both,both,both,both,both,both,both,both,both,both,both,both,both,both,both,both,both,both,both,both
road_2310,both,both,both,both,both,both,both,both,both,both,both,both,both,both,both,both,both,both,both,both,both,both,both,both,both,both,both,both,both,both,both
road_2311,both,both,both,both,both,both,both,both,both,both,both,both,both,both,both,both,both,both,both,both,both,both,both,both,both,both,both,both,both,both,both
road_2312,both,both,both,both,both,both,both,both,both,both,both,both,both,both,both,both,both,both,both,both,both,both,both,both,both,both,both,both,both,both,both
road_2313,both,both,both,both,both,both,both,both,both,both,both,both,both,both,both,both,both,both,both,both,both,both,both,both,both,both,both,both,both,both,both
road_2314,both,both,both,both,both,both,both,both,both,both,both,both,both,both,both,both,both,both,both,both,both,both,both,both,both,both,both,both,both,both,both
road_2315,both,both,both,both,both,both,both,both,both,both,both,both,both,both,both,both,both,both,both,both,both,both,both,both,both,both,both,both,both,both,both
road_2316,both,both,both,both,both,both,both,both,both,both,both,both,both,both,both,both,both,both,both,both,both,both,both,both,both,both,both,both,both,both,both
road_2317,both,both,both,both,both,both,both,both,both,both,both,both,both,both,both,both,both,both,both,both,both,both,both,both,both,both,both,both,both,both,both
road_2318,both,both,both,both,both,both,both,both,both,both,both,both,both,both,both,both,both,both,both,both,both,both,both,both,both,both,both,both,both,both,both
road_2319,both,both,both,both,both,both,both,both,both,both,both,both,both,both,both,both,both,both,both,both,both,both,both,both,both,both,both,both,both,both,both
road_2320,both,both,both,both,both,both,both,both,both,both,both,both,both,both,both,both,both,both,both,both,both,both,both,both,both,both,both,both,both,both,both
road_2321,both,both,both,both,both,both,both,both,both,both,both,both,both,both,both,both,both,both,both,both,both,both,both,both,both,both,both,both,both,both,both
road_2322,both,both,both,both,both,both,both,both,both,both,both,both,both,both,both,both,both,both,both,both,both,both,both,both,both,both,both,both,both,both,both
road_2323,both,both,both,both,both,both,both,both,both,both,both,both,both,both,both,both,both,both,both,both,both,both,both,both,both,both,both,both,both,both,both
road_2324,both,both,both,both,both,both,both,both,both,both,both,both,both,both,both,both,both,both,both,both,both,both,both,both,both,both,both,both,both,both,both
road_2325,both,both,both,both,both,both,both,both,both,both,both,both,both,both,both,both,both,both,both,both,both,both,both,both,both,both,both,both,both,both,both
road_2326,both,both,both,both,both,both,both,both,both,both,both,both,both,both,both,both,both,both,both,both,both,both,both,both,both,both,both,both,both,both,both
road_2327,both,both,both,both,both,both,both,both,both,both,both,both,both,both,both,both,both,both,both,both,both,both,both,both,both,both,both,both,both,both,both
road_2328,both,both,both,both,both,both,both,both,both,both,both,both,both,both,both,both,both,both,both,both,both,both,both,both,both,both,both,both,both,both,both
road_2329,both,both,both,both,both,both,both,both,both,both,both,both,both,both,both,both,both,both,both,both,both,both,both,both,both,both,both,both,both,both,both
road_2330,both,both,both,both,both,both,both,both,both,both,both,both,both,both,both,both,both,both,both,both,both,both,both,both,both,both,both,both,both,both,both
road_2331,both,both,both,both,both,both,both,both,both,both,both,both,both,both,both,both,both,both,both,both,both,both,both,both,both,both,both,both,both,both,both
road_2332,both,both,both,both,both,both,both,both,both,both,both,both,both,both,both,both,both,both,both,both,both,both,both,both,both,both,both,both,both,both,both
road_2333,both,both,both,both,both,both,both,both,both,both,both,both,both,both,both,both,both,both,both,both,both,both,both,both,both,both,both,both,both,both,both
road_2334,both,both,both,both,both,both,both,both,both,both,both,both,both,both,both,both,both,both,both,both,both,both,both,both,both,both,both,both,both,both,both
road_2335,both,both,both,both,both,both,both,both,both,both,both,both,both,both,both,both,both,both,both,both,both,both,both,both,both,both,both,both,both,both,both
road_2336,both,both,both,both,both,both,both,both,both,both,both,both,both,both,both,both,both,both,both,both,both,both,both,both,both,both,both,both,both,both,both
road_2337,both,both,both,both,both,both,both,both,both,both,both,both,both,both,both,both,both,both,both,both,both,both,both,both,both,both,both,both,both,both,both
road_2338,both,both,both,both,both,both,both,both,both,both,both,both,both,both,both,both,both,both,both,both,both,both,both,both,both,both,both,both,both,both,both
road_2339,both,both,both,both,both,both,both,both,both,both,both,both,both,both,both,both,both,both,both,both,both,both,both,both,both,both,both,both,both,both,both
road_2340,both,both,both,both,both,both,both,both,both,both,both,both,both,both,both,both,both,both,both,both,both,both,both,both,both,both,both,both,both,both,both
road_2341,both,both,both,both,both,both,both,both,both,both,both,both,both,both,both,both,both,both,both,both,both,both,both,both,both,both,both,both,both,both,both
road_2342,both,both,both,both,both,both,both,both,both,both,both,both,both,both,both,both,both,both,both,both,both,both,both,both,both,both,both,both,both,both,both
road_2343,both,both,both,both,both,both,both,both,both,both,both,both,both,both,both,both,both,both,both,both,both,both,both,both,both,both,both,both,both,both,both
road_2344,both,both,both,both,both,both,both,both,both,both,both,both,both,both,both,both,both,both,both,both,both,both,both,both,both,both,both,both,both,both,both
road_2345,both,both,both,both,both,both,both,both,both,both,both,both,both,both,both,both,both,both,both,both,both,both,both,both,both,both,both,both,both,both,both
road_2346,both,both,both,both,both,both,both,both,both,both,both,both,both,both,both,both,both,both,both,both,both,both,both,both,both,both,both,both,both,both,both
road_2347,both,both,both,both,both,both,both,both,both,both,both,both,both,both,both,both,both,both,both,both,both,both,both,both,both,both,both,both,both,both,both
road_2348,both,both,both,both,both,both,both,both,both,both,both,both,both,both,both,both,both,both,both,both,both,both,both,both,both,both,both,both,both,both,both
road_2349,both,both,both,both,both,both,both,both,both,both,both,both,both,both,both,both,both,both,both,both,both,both,both,both,both,both,both,both,both,both,both
road_2350,both,both,both,both,both,both,both,both,both,both,both,both,both,both,both,both,both,both,both,both,both,both,both,both,both,both,both,both,both,both,both
road_2351,both,both,both,both,both,both,both,both,both,both,both,both,both,both,both,both,both,both,both,both,both,both,both,both,both,both,both,both,both,both,both
road_2352,both,both,both,both,both,both,both,both,both,both,both,both,both,both,both,both,both,both,both,both,both,both,both,both,both,both,both,both,both,both,both
road_2353,both,both,both,both,both,both,both,both,both,both,both,both,both,both,both,both,both,both,both,both,both,both,both,both,both,both,both,both,both,both,both
road_2354,both,both,both,both,both,both,both,both,both,both,both,both,both,both,both,both,both,both,both,both,both,both,both,both,both,both,both,both,both,both,both
road_2355,both,both,both,both,both,both,both,both,both,both,both,both,both,both,both,both,both,both,both,both,both,both,both,both,both,both,both,both,both,both,both
road_2356,both,both,both,both,both,both,both,both,both,both,both,both,both,both,both,both,both,both,both,both,both,both,both,both,both,both,both,both,both,both,both
road_2357,both,both,both,both,both,both,both,both,both,both,both,both,both,both,both,both,both,both,both,both,both,both,both,both,both,both,both,both,both,both,both
road_2358,both,both,both,both,both,both,both,both,both,both,both,both,both,both,both,both,both,both,both,both,both,both,both,both,both,both,both,both,both,both,both
road_2359,both,both,both,both,both,both,both,both,both,both,both,both,both,both,both,both,both,both,both,both,both,both,both,both,both,both,both,both,both,both,both
road_2360,both,both,both,both,both,both,both,both,both,both,both,both,both,both,both,both,both,both,both,both,both,both,both,both,both,both,both,both,both,both,both
road_2361,both,both,both,both,both,both,both,both,both,both,both,both,both,both,both,both,both,both,both,both,both,both,both,both,both,both,both,both,both,both,both
road_2362,both,both,both,both,both,both,both,both,both,both,both,both,both,both,both,both,both,both,both,both,both,both,both,both,both,both,both,both,both,both,both
road_2363,both,both,both,both,both,both,both,both,both,both,both,both,both,both,both,both,both,both,both,both,both,both,both,both,both,both,both,both,both,both,both
road_2364,both,both,both,both,both,both,both,both,both,both,both,both,both,both,both,both,both,both,both,both,both,both,both,both,both,both,both,both,both,both,both
road_2365,both,both,both,both,both,both,both,both,both,both,both,both,both,both,both,both,both,both,both,both,both,both,both,both,both,both,both,both,both,both,both
road_2366,both,both,both,both,both,both,both,both,both,both,both,both,both,both,both,both,both,both,both,both,both,both,both,both,both,both,both,both,both,both,both
road_2367,both,both,both,both,both,both,both,both,both,both,both,both,both,both,both,both,both,both,both,both,both,both,both,both,both,both,both,both,both,both,both
road_2368,both,both,both,both,both,both,both,both,both,both,both,both,both,both,both,both,both,both,both,both,both,both,both,both,both,both,both,both,both,both,both
road_2369,both,both,both,both,both,both,both,both,both,both,both,both,both,both,both,both,both,both,both,both,both,both,both,both,both,both,both,both,both,both,both
road_2370,both,both,both,both,both,both,both,both,both,both,both,both,both,both,both,both,both,both,both,both,both,both,both,both,both,both,both,both,both,both,both
road_2371,both,both,both,both,both,both,both,both,both,both,both,both,both,both,both,both,both,both,both,both,both,both,both,both,both,both,both,both,both,both,both
road_2372,both,both,both,both,both,both,both,both,both,both,both,both,both,both,both,both,both,both,both,both,both,both,both,both,both,both,both,both,both,both,both
road_2373,both,both,both,both,both,both,both,both,both,both,both,both,both,both,both,both,both,both,both,both,both,both,both,both,both,both,both,both,both,both,both
road_2374,both,both,both,both,both,both,both,both,both,both,both,both,both,both,both,both,both,both,both,both,both,both,both,both,both,both,both,both,both,both,both
road_2375,both,both,both,both,both,both,both,both,both,both,both,both,both,both,both,both,both,both,both,both,both,both,both,both,both,both,both,both,both,both,both
road_2376,both,both,both,both,both,both,both,both,both,both,both,both,both,both,both,both,both,both,both,both,both,both,both,both,both,both,both,both,both,both,both
road_2377,both,both,both,both,both,both,both,both,both,both,both,both,both,both,both,both,both,both,both,both,both,both,both,both,both,both,both,both,both,both,both
road_2378,both,both,both,both,both,both,both,both,both,both,both,both,both,both,both,both,both,both,both,both,both,both,both,both,both,both,both,both,both,both,both
road_2379,both,both,both,both,both,both,both,both,both,both,both,both,both,both,both,both,both,both,both,both,both,both,both,both,both,both,both,both,both,both,both
road_2380,both,both,both,both,both,both,both,both,both,both,both,both,both,both,both,both,both,both,both,both,both,both,both,both,both,both,both,both,both,both,both
road_2381,both,both,both,both,both,both,both,both,both,both,both,both,both,both,both,both,both,both,both,both,both,both,both,both,both,both,both,both,both,both,both
road_2382,both,both,both,both,both,both,both,both,both,both,both,both,both,both,both,both,both,both,both,both,both,both,both,both,both,both,both,both,both,both,both
road_2383,both,both,both,both,both,both,both,both,both,both,both,both,both,both,both,both,both,both,both,both,both,both,both,both,both,both,both,both,both,both,both
road_2384,both,both,both,both,both,both,both,both,both,both,both,both,both,both,both,both,both,both,both,both,both,both,both,both,both,both,both,both,both,both,both
road_2385,both,both,both,both,both,both,both,both,both,both,both,both,both,both,both,both,both,both,both,both,both,both,both,both,both,both,both,both,both,both,both
road_2386,both,both,both,both,both,both,both,both,both,both,both,both,both,both,both,both,both,both,both,both,both,both,both,both,both,both,both,both,both,both,both
road_2387,both,both,both,both,both,both,both,both,both,both,both,both,both,both,both,both,both,both,both,both,both,both,both,both,both,both,both,both,both,both,both
road_2388,both,both,both,both,both,both,both,both,both,both,both,both,both,both,both,both,both,both,both,both,both,both,both,both,both,both,both,both,both,both,both
road_2389,both,both,both,both,both,both,both,both,both,both,both,both,both,both,both,both,both,both,both,both,both,both,both,both,both,both,both,both,both,both,both
road_2390,both,both,both,both,both,both,both,both,both,both,both,both,both,both,both,both,both,both,both,both,both,both,both,both,both,both,both,both,both,both,both
road_2391,both,both,both,both,both,both,both,both,both,both,both,both,both,both,both,both,both,both,both,both,both,both,both,both,both,both,both,both,both,both,both
road_2392,both,both,both,both,both,both,both,both,both,both,both,both,both,both,both,both,both,both,both,both,both,both,both,both,both,both,both,both,both,both,both
road_2393,both,both,both,both,both,both,both,both,both,both,both,both,both,both,both,both,both,both,both,both,both,both,both,both,both,both,both,both,both,both,both
road_2394,both,both,both,both,both,both,both,both,both,both,both,both,both,both,both,both,both,both,both,both,both,both,both,both,both,both,both,both,both,both,both
road_2395,both,both,both,both,both,both,both,both,both,both,both,both,both,both,both,both,both,both,both,both,both,both,both,both,both,both,both,both,both,both,both
road_2396,both,both,both,both,both,both,both,both,both,both,both,both,both,both,both,both,both,both,both,both,both,both,both,both,both,both,both,both,both,both,both
road_2397,both,both,both,both,both,both,both,both,both,both,both,both,both,both,both,both,both,both,both,both,both,both,both,both,both,both,both,both,both,both,both
road_2398,both,both,both,both,both,both,both,both,both,both,both,both,both,both,both,both,both,both,both,both,both,both,both,both,both,both,both,both,both,both,both
road_2399,both,both,both,both,both,both,both,both,both,both,both,both,both,both,both,both,both,both,both,both,both,both,both,both,both,both,both,both,both,both,both
road_2400,both,both,both,both,both,both,both,both,both,both,both,both,both,both,both,both,both,both,both,both,both,both,both,both,both,both,both,both,both,both,both
road_2401,both,both,both,both,both,both,both,both,both,both,both,both,both,both,both,both,both,both,both,both,both,both,both,both,both,both,both,both,both,both,both
road_2402,both,both,both,both,both,both,both,both,both,both,both,both,both,both,both,both,both,both,both,both,both,both,both,both,both,both,both,both,both,both,both
road_2403,both,both,both,both,both,both,both,both,both,both,both,both,both,both,both,both,both,both,both,both,both,both,both,both,both,both,both,both,both,both,both
road_2404,both,both,both,both,both,both,both,both,both,both,both,both,both,both,both,both,both,both,both,both,both,both,both,both,both,both,both,both,both,both,both
road_2405,both,both,both,both,both,both,both,both,both,both,both,both,both,both,both,both,both,both,both,both,both,both,both,both,both,both,both,both,both,both,both
road_2406,both,both,both,both,both,both,both,both,both,both,both,both,both,both,both,both,both,both,both,both,both,both,both,both,both,both,both,both,both,both,both
road_2407,both,both,both,both,both,both,both,both,both,both,both,both,both,both,both,both,both,both,both,both,both,both,both,both,both,both,both,both,both,both,both
road_2408,both,both,both,both,both,both,both,both,both,both,both,both,both,both,both,both,both,both,both,both,both,both,both,both,both,both,both,both,both,both,both
road_2409,both,both,both,both,both,both,both,both,both,both,both,both,both,both,both,both,both,both,both,both,both,both,both,both,both,both,both,both,both,both,both
road_2410,both,both,both,both,both,both,both,both,both,both,both,both,both,both,both,both,both,both,both,both,both,both,both,both,both,both,both,both,both,both,both
road_2411,both,both,both,both,both,both,both,both,both,both,both,both,both,both,both,both,both,both,both,both,both,both,both,both,both,both,both,both,both,both,both
road_2412,both,both,both,both,both,both,both,both,both,both,both,both,both,both,both,both,both,both,both,both,both,both,both,both,both,both,both,both,both,both,both
road_2413,both,both,both,both,both,both,both,both,both,both,both,both,both,both,both,both,both,both,both,both,both,both,both,both,both,both,both,both,both,both,both
road_2414,both,both,both,both,both,both,both,both,both,both,both,both,both,both,both,both,both,both,both,both,both,both,both,both,both,both,both,both,both,both,both
road_2415,both,both,both,both,both,both,both,both,both,both,both,both,both,both,both,both,both,both,both,both,both,both,both,both,both,both,both,both,both,both,both
road_2416,both,both,both,both,both,both,both,both,both,both,both,both,both,both,both,both,both,both,both,both,both,both,both,both,both,both,both,both,both,both,both
road_2417,both,both,both,both,both,both,both,both,both,both,both,both,both,both,both,both,both,both,both,both,both,both,both,both,both,both,both,both,both,both,both
road_2418,both,both,both,both,both,both,both,both,both,both,both,both,both,both,both,both,both,both,both,both,both,both,both,both,both,both,both,both,both,both,both
road_2419,both,both,both,both,both,both,both,both,both,both,both,both,both,both,both,both,both,both,both,both,both,both,both,both,both,both,both,both,both,both,both
road_2420,both,both,both,both,both,both,both,both,both,both,both,both,both,both,both,both,both,both,both,both,both,both,both,both,both,both,both,both,both,both,both
road_2421,both,both,both,both,both,both,both,both,both,both,both,both,both,both,both,both,both,both,both,both,both,both,both,both,both,both,both,both,both,both,both
road_2422,both,both,both,both,both,both,both,both,both,both,both,both,both,both,both,both,both,both,both,both,both,both,both,both,both,both,both,both,both,both,both
road_2423,both,both,both,both,both,both,both,both,both,both,both,both,both,both,both,both,both,both,both,both,both,both,both,both,both,both,both,both,both,both,both
road_2424,both,both,both,both,both,both,both,both,both,both,both,both,both,both,both,both,both,both,both,both,both,both,both,both,both,both,both,both,both,both,both
road_2425,both,both,both,both,both,both,both,both,both,both,both,both,both,both,both,both,both,both,both,both,both,both,both,both,both,both,both,both,both,both,both
road_2426,both,both,both,both,both,both,both,both,both,both,both,both,both,both,both,both,both,both,both,both,both,both,both,both,both,both,both,both,both,both,both
road_2427,both,both,both,both,both,both,both,both,both,both,both,both,both,both,both,both,both,both,both,both,both,both,both,both,both,both,both,both,both,both,both
road_2428,both,both,both,both,both,both,both,both,both,both,both,both,both,both,both,both,both,both,both,both,both,both,both,both,both,both,both,both,both,both,both
road_2429,both,both,both,both,both,both,both,both,both,both,both,both,both,both,both,both,both,both,both,both,both,both,both,both,both,both,both,both,both,both,both
road_2430,both,both,both,both,both,both,both,both,both,both,both,both,both,both,both,both,both,both,both,both,both,both,both,both,both,both,both,both,both,both,both
road_2431,both,both,both,both,both,both,both,both,both,both,both,both,both,both,both,both,both,both,both,both,both,both,both,both,both,both,both,both,both,both,both
road_2432,both,both,both,both,both,both,both,both,both,both,both,both,both,both,both,both,both,both,both,both,both,both,both,both,both,both,both,both,both,both,both
road_2433,both,both,both,both,both,both,both,both,both,both,both,both,both,both,both,both,both,both,both,both,both,both,both,both,both,both,both,both,both,both,both
road_2434,both,both,both,both,both,both,both,both,both,both,both,both,both,both,both,both,both,both,both,both,both,both,both,both,both,both,both,both,both,both,both
road_2435,both,both,both,both,both,both,both,both,both,both,both,both,both,both,both,both,both,both,both,both,both,both,both,both,both,both,both,both,both,both,both
road_2436,both,both,both,both,both,both,both,both,both,both,both,both,both,both,both,both,both,both,both,both,both,both,both,both,both,both,both,both,both,both,both
road_2437,both,both,both,both,both,both,both,both,both,both,both,both,both,both,both,both,both,both,both,both,both,both,both,both,both,both,both,both,both,both,both
road_2438,both,both,both,both,both,both,both,both,both,both,both,both,both,both,both,both,both,both,both,both,both,both,both,both,both,both,both,both,both,both,both
road_2439,both,both,both,both,both,both,both,both,both,both,both,both,both,both,both,both,both,both,both,both,both,both,both,both,both,both,both,both,both,both,both
road_2440,both,both,both,both,both,both,both,both,both,both,both,both,both,both,both,both,both,both,both,both,both,both,both,both,both,both,both,both,both,both,both
road_2441,both,both,both,both,both,both,both,both,both,both,both,both,both,both,both,both,both,both,both,both,both,both,both,both,both,both,both,both,both,both,both
road_2442,both,both,both,both,both,both,both,both,both,both,both,both,both,both,both,both,both,both,both,both,both,both,both,both,both,both,both,both,both,both,both
road_2443,both,both,both,both,both,both,both,both,both,both,both,both,both,both,both,both,both,both,both,both,both,both,both,both,both,both,both,both,both,both,both
road_2444,both,both,both,both,both,both,both,both,both,both,both,both,both,both,both,both,both,both,both,both,both,both,both,both,both,both,both,both,both,both,both
road_2445,both,both,both,both,both,both,both,both,both,both,both,both,both,both,both,both,both,both,both,both,both,both,both,both,both,both,both,both,both,both,both
road_2446,both,both,both,both,both,both,both,both,both,both,both,both,both,both,both,both,both,both,both,both,both,both,both,both,both,both,both,both,both,both,both
road_2447,both,both,both,both,both,both,both,both,both,both,both,both,both,both,both,both,both,both,both,both,both,both,both,both,both,both,both,both,both,both,both
road_2448,both,both,both,both,both,both,both,both,both,both,both,both,both,both,both,both,both,both,both,both,both,both,both,both,both,both,both,both,both,both,both
road_2449,both,both,both,both,both,both,both,both,both,both,both,both,both,both,both,both,both,both,both,both,both,both,both,both,both,both,both,both,both,both,both
road_2450,both,both,both,both,both,both,both,both,both,both,both,both,both,both,both,both,both,both,both,both,both,both,both,both,both,both,both,both,both,both,both
road_2451,both,both,both,both,both,both,both,both,both,both,both,both,both,both,both,both,both,both,both,both,both,both,both,both,both,both,both,both,both,both,both
road_2452,both,both,both,both,both,both,both,both,both,both,both,both,both,both,both,both,both,both,both,both,both,both,both,both,both,both,both,both,both,both,both
road_2453,both,both,both,both,both,both,both,both,both,both,both,both,both,both,both,both,both,both,both,both,both,both,both,both,both,both,both,both,both,both,both
road_2454,both,both,both,both,both,both,both,both,both,both,both,both,both,both,both,both,both,both,both,both,both,both,both,both,both,both,both,both,both,both,both
road_2455,both,both,both,both,both,both,both,both,both,both,both,both,both,both,both,both,both,both,both,both,both,both,both,both,both,both,both,both,both,both,both
road_2456,both,both,both,both,both,both,both,both,both,both,both,both,both,both,both,both,both,both,both,both,both,both,both,both,both,both,both,both,both,both,both
road_2457,both,both,both,both,both,both,both,both,both,both,both,both,both,both,both,both,both,both,both,both,both,both,both,both,both,both,both,both,both,both,both
road_2458,both,both,both,both,both,both,both,both,both,both,both,both,both,both,both,both,both,both,both,both,both,both,both,both,both,both,both,both,both,both,both
road_2459,both,both,both,both,both,both,both,both,both,both,both,both,both,both,both,both,both,both,both,both,both,both,both,both,both,both,both,both,both,both,both
road_2460,both,both,both,both,both,both,both,both,both,both,both,both,both,both,both,both,both,both,both,both,both,both,both,both,both,both,both,both,both,both,both
road_2461,both,both,both,both,both,both,both,both,both,both,both,both,both,both,both,both,both,both,both,both,both,both,both,both,both,both,both,both,both,both,both
road_2462,both,both,both,both,both,both,both,both,both,both,both,both,both,both,both,both,both,both,both,both,both,both,both,both,both,both,both,both,both,both,both
road_2463,both,both,both,both,both,both,both,both,both,both,both,both,both,both,both,both,both,both,both,both,both,both,both,both,both,both,both,both,both,both,both
road_2464,both,both,both,both,both,both,both,both,both,both,both,both,both,both,both,both,both,both,both,both,both,both,both,both,both,both,both,both,both,both,both
road_2465,both,both,both,both,both,both,both,both,both,both,both,both,both,both,both,both,both,both,both,both,both,both,both,both,both,both,both,both,both,both,both
road_2466,both,both,both,both,both,both,both,both,both,both,both,both,both,both,both,both,both,both,both,both,both,both,both,both,both,both,both,both,both,both,both
road_2467,both,both,both,both,both,both,both,both,both,both,both,both,both,both,both,both,both,both,both,both,both,both,both,both,both,both,both,both,both,both,both
road_2468,both,both,both,both,both,both,both,both,both,both,both,both,both,both,both,both,both,both,both,both,both,both,both,both,both,both,both,both,both,both,both
road_2469,both,both,both,both,both,both,both,both,both,both,both,both,both,both,both,both,both,both,both,both,both,both,both,both,both,both,both,both,both,both,both
road_2470,both,both,both,both,both,both,both,both,both,both,both,both,both,both,both,both,both,both,both,both,both,both,both,both,both,both,both,both,both,both,both
road_2471,both,both,both,both,both,both,both,both,both,both,both,both,both,both,both,both,both,both,both,both,both,both,both,both,both,both,both,both,both,both,both
road_2472,both,both,both,both,both,both,both,both,both,both,both,both,both,both,both,both,both,both,both,both,both,both,both,both,both,both,both,both,both,both,both
road_2473,both,both,both,both,both,both,both,both,both,both,both,both,both,both,both,both,both,both,both,both,both,both,both,both,both,both,both,both,both,both,both
road_2474,both,both,both,both,both,both,both,both,both,both,both,both,both,both,both,both,both,both,both,both,both,both,both,both,both,both,both,both,both,both,both
road_2475,both,both,both,both,both,both,both,both,both,both,both,both,both,both,both,both,both,both,both,both,both,both,both,both,both,both,both,both,both,both,both
road_2476,both,both,both,both,both,both,both,both,both,both,both,both,both,both,both,both,both,both,both,both,both,both,both,both,both,both,both,both,both,both,both
road_2477,both,both,both,both,both,both,both,both,both,both,both,both,both,both,both,both,both,both,both,both,both,both,both,both,both,both,both,both,both,both,both
road_2478,both,both,both,both,both,both,both,both,both,both,both,both,both,both,both,both,both,both,both,both,both,both,both,both,both,both,both,both,both,both,both
road_2479,both,both,both,both,both,both,both,both,both,both,both,both,both,both,both,both,both,both,both,both,both,both,both,both,both,both,both,both,both,both,both
road_2480,both,both,both,both,both,both,both,both,both,both,both,both,both,both,both,both,both,both,both,both,both,both,both,both,both,both,both,both,both,both,both
road_2481,both,both,both,both,both,both,both,both,both,both,both,both,both,both,both,both,both,both,both,both,both,both,both,both,both,both,both,both,both,both,both
road_2482,both,both,both,both,both,both,both,both,both,both,both,both,both,both,both,both,both,both,both,both,both,both,both,both,both,both,both,both,both,both,both
road_2483,both,both,both,both,both,both,both,both,both,both,both,both,both,both,both,both,both,both,both,both,both,both,both,both,both,both,both,both,both,both,both
road_2484,both,both,both,both,both,both,both,both,both,both,both,both,both,both,both,both,both,both,both,both,both,both,both,both,both,both,both,both,both,both,both
road_2485,both,both,both,both,both,both,both,both,both,both,both,both,both,both,both,both,both,both,both,both,both,both,both,both,both,both,both,both,both,both,both
road_2486,both,both,both,both,both,both,both,both,both,both,both,both,both,both,both,both,both,both,both,both,both,both,both,both,both,both,both,both,both,both,both
road_2487,both,both,both,both,both,both,both,both,both,both,both,both,both,both,both,both,both,both,both,both,both,both,both,both,both,both,both,both,both,both,both
road_2488,both,both,both,both,both,both,both,both,both,both,both,both,both,both,both,both,both,both,both,both,both,both,both,both,both,both,both,both,both,both,both
road_2489,both,both,both,both,both,both,both,both,both,both,both,both,both,both,both,both,both,both,both,both,both,both,both,both,both,both,both,both,both,both,both
road_2490,both,both,both,both,both,both,both,both,both,both,both,both,both,both,both,both,both,both,both,both,both,both,both,both,both,both,both,both,both,both,both
road_2491,both,both,both,both,both,both,both,both,both,both,both,both,both,both,both,both,both,both,both,both,both,both,both,both,both,both,both,both,both,both,both
road_2492,both,both,both,both,both,both,both,both,both,both,both,both,both,both,both,both,both,both,both,both,both,both,both,both,both,both,both,both,both,both,both
road_2493,both,both,both,both,both,both,both,both,both,both,both,both,both,both,both,both,both,both,both,both,both,both,both,both,both,both,both,both,both,both,both
road_2494,both,both,both,both,both,both,both,both,both,both,both,both,both,both,both,both,both,both,both,both,both,both,both,both,both,both,both,both,both,both,both
road_2495,both,both,both,both,both,both,both,both,both,both,both,both,both,both,both,both,both,both,both,both,both,both,both,both,both,both,both,both,both,both,both
road_2496,both,both,both,both,both,both,both,both,both,both,both,both,both,both,both,both,both,both,both,both,both,both,both,both,both,both,both,both,both,both,both
road_2497,both,both,both,both,both,both,both,both,both,both,both,both,both,both,both,both,both,both,both,both,both,both,both,both,both,both,both,both,both,both,both
road_2498,both,both,both,both,both,both,both,both,both,both,both,both,both,both,both,both,both,both,both,both,both,both,both,both,both,both,both,both,both,both,both
road_2499,both,both,both,both,both,both,both,both,both,both,both,both,both,both,both,both,both,both,both,both,both,both,both,both,both,both,both,both,both,both,both
road_2500,both,both,both,both,both,both,both,both,both,both,both,both,both,both,both,both,both,both,both,both,both,both,both,both,both,both,both,both,both,both,both
road_2501,both,both,both,both,both,both,both,both,both,both,both,both,both,both,both,both,both,both,both,both,both,both,both,both,both,both,both,both,both,both,both
road_2502,both,both,both,both,both,both,both,both,both,both,both,both,both,both,both,both,both,both,both,both,both,both,both,both,both,both,both,both,both,both,both
road_2503,both,both,both,both,both,both,both,both,both,both,both,both,both,both,both,both,both,both,both,both,both,both,both,both,both,both,both,both,both,both,both
road_2504,both,both,both,both,both,both,both,both,both,both,both,both,both,both,both,both,both,both,both,both,both,both,both,both,both,both,both,both,both,both,both
road_2505,both,both,both,both,both,both,both,both,both,both,both,both,both,both,both,both,both,both,both,both,both,both,both,both,both,both,both,both,both,both,both
road_2506,both,both,both,both,both,both,both,both,both,both,both,both,both,both,both,both,both,both,both,both,both,both,both,both,both,both,both,both,both,both,both
road_2507,both,both,both,both,both,both,both,both,both,both,both,both,both,both,both,both,both,both,both,both,both,both,both,both,both,both,both,both,both,both,both
road_2508,both,both,both,both,both,both,both,both,both,both,both,both,both,both,both,both,both,both,both,both,both,both,both,both,both,both,both,both,both,both,both
road_2509,both,both,both,both,both,both,both,both,both,both,both,both,both,both,both,both,both,both,both,both,both,both,both,both,both,both,both,both,both,both,both
road_2510,both,both,both,both,both,both,both,both,both,both,both,both,both,both,both,both,both,both,both,both,both,both,both,both,both,both,both,both,both,both,both
road_2511,both,both,both,both,both,both,both,both,both,both,both,both,both,both,both,both,both,both,both,both,both,both,both,both,both,both,both,both,both,both,both
road_2512,both,both,both,both,both,both,both,both,both,both,both,both,both,both,both,both,both,both,both,both,both,both,both,both,both,both,both,both,both,both,both
road_2513,both,both,both,both,both,both,both,both,both,both,both,both,both,both,both,both,both,both,both,both,both,both,both,both,both,both,both,both,both,both,both
road_2514,both,both,both,both,both,both,both,both,both,both,both,both,both,both,both,both,both,both,both,both,both,both,both,both,both,both,both,both,both,both,both
road_2515,both,both,both,both,both,both,both,both,both,both,both,both,both,both,both,both,both,both,both,both,both,both,both,both,both,both,both,both,both,both,both
road_2516,both,both,both,both,both,both,both,both,both,both,both,both,both,both,both,both,both,both,both,both,both,both,both,both,both,both,both,both,both,both,both
road_2517,both,both,both,both,both,both,both,both,both,both,both,both,both,both,both,both,both,both,both,both,both,both,both,both,both,both,both,both,both,both,both
road_2518,both,both,both,both,both,both,both,both,both,both,both,both,both,both,both,both,both,both,both,both,both,both,both,both,both,both,both,both,both,both,both
road_2519,both,both,both,both,both,both,both,both,both,both,both,both,both,both,both,both,both,both,both,both,both,both,both,both,both,both,both,both,both,both,both
road_2520,both,both,both,both,both,both,both,both,both,both,both,both,both,both,both,both,both,both,both,both,both,both,both,both,both,both,both,both,both,both,both
road_2521,both,both,both,both,both,both,both,both,both,both,both,both,both,both,both,both,both,both,both,both,both,both,both,both,both,both,both,both,both,both,both
road_2522,both,both,both,both,both,both,both,both,both,both,both,both,both,both,both,both,both,both,both,both,both,both,both,both,both,both,both,both,both,both,both
road_2523,both,both,both,both,both,both,both,both,both,both,both,both,both,both,both,both,both,both,both,both,both,both,both,both,both,both,both,both,both,both,both
road_2524,both,both,both,both,both,both,both,both,both,both,both,both,both,both,both,both,both,both,both,both,both,both,both,both,both,both,both,both,both,both,both
road_2525,both,both,both,both,both,both,both,both,both,both,both,both,both,both,both,both,both,both,both,both,both,both,both,both,both,both,both,both,both,both,both
road_2526,both,both,both,both,both,both,both,both,both,both,both,both,both,both,both,both,both,both,both,both,both,both,both,both,both,both,both,both,both,both,both
road_2527,both,both,both,both,both,both,both,both,both,both,both,both,both,both,both,both,both,both,both,both,both,both,both,both,both,both,both,both,both,both,both
road_2528,both,both,both,both,both,both,both,both,both,both,both,both,both,both,both,both,both,both,both,both,both,both,both,both,both,both,both,both,both,both,both
road_2529,both,both,both,both,both,both,both,both,both,both,both,both,both,both,both,both,both,both,both,both,both,both,both,both,both,both,both,both,both,both,both
road_2530,both,both,both,both,both,both,both,both,both,both,both,both,both,both,both,both,both,both,both,both,both,both,both,both,both,both,both,both,both,both,both
road_2531,both,both,both,both,both,both,both,both,both,both,both,both,both,both,both,both,both,both,both,both,both,both,both,both,both,both,both,both,both,both,both
road_2532,both,both,both,both,both,both,both,both,both,both,both,both,both,both,both,both,both,both,both,both,both,both,both,both,both,both,both,both,both,both,both
road_2533,both,both,both,both,both,both,both,both,both,both,both,both,both,both,both,both,both,both,both,both,both,both,both,both,both,both,both,both,both,both,both
road_2534,both,both,both,both,both,both,both,both,both,both,both,both,both,both,both,both,both,both,both,both,both,both,both,both,both,both,both,both,both,both,both
road_2535,both,both,both,both,both,both,both,both,both,both,both,both,both,both,both,both,both,both,both,both,both,both,both,both,both,both,both,both,both,both,both
road_2536,both,both,both,both,both,both,both,both,both,both,both,both,both,both,both,both,both,both,both,both,both,both,both,both,both,both,both,both,both,both,both
road_2537,both,both,both,both,both,both,both,both,both,both,both,both,both,both,both,both,both,both,both,both,both,both,both,both,both,both,both,both,both,both,both
road_2538,both,both,both,both,both,both,both,both,both,both,both,both,both,both,both,both,both,both,both,both,both,both,both,both,both,both,both,both,both,both,both
road_2539,both,both,both,both,both,both,both,both,both,both,both,both,both,both,both,both,both,both,both,both,both,both,both,both,both,both,both,both,both,both,both
road_2540,both,both,both,both,both,both,both,both,both,both,both,both,both,both,both,both,both,both,both,both,both,both,both,both,both,both,both,both,both,both,both
road_2541,both,both,both,both,both,both,both,both,both,both,both,both,both,both,both,both,both,both,both,both,both,both,both,both,both,both,both,both,both,both,both
road_2542,both,both,both,both,both,both,both,both,both,both,both,both,both,both,both,both,both,both,both,both,both,both,both,both,both,both,both,both,both,both,both
road_2543,both,both,both,both,both,both,both,both,both,both,both,both,both,both,both,both,both,both,both,both,both,both,both,both,both,both,both,both,both,both,both
road_2544,both,both,both,both,both,both,both,both,both,both,both,both,both,both,both,both,both,both,both,both,both,both,both,both,both,both,both,both,both,both,both
road_2545,both,both,both,both,both,both,both,both,both,both,both,both,both,both,both,both,both,both,both,both,both,both,both,both,both,both,both,both,both,both,both
road_2546,both,both,both,both,both,both,both,both,both,both,both,both,both,both,both,both,both,both,both,both,both,both,both,both,both,both,both,both,both,both,both
road_2547,both,both,both,both,both,both,both,both,both,both,both,both,both,both,both,both,both,both,both,both,both,both,both,both,both,both,both,both,both,both,both
road_2548,both,both,both,both,both,both,both,both,both,both,both,both,both,both,both,both,both,both,both,both,both,both,both,both,both,both,both,both,both,both,both
road_2549,both,both,both,both,both,both,both,both,both,both,both,both,both,both,both,both,both,both,both,both,both,both,both,both,both,both,both,both,both,both,both
road_2550,both,both,both,both,both,both,both,both,both,both,both,both,both,both,both,both,both,both,both,both,both,both,both,both,both,both,both,both,both,both,both
road_2551,both,both,both,both,both,both,both,both,both,both,both,both,both,both,both,both,both,both,both,both,both,both,both,both,both,both,both,both,both,both,both
road_2552,both,both,both,both,both,both,both,both,both,both,both,both,both,both,both,both,both,both,both,both,both,both,both,both,both,both,both,both,both,both,both
road_2553,both,both,both,both,both,both,both,both,both,both,both,both,both,both,both,both,both,both,both,both,both,both,both,both,both,both,both,both,both,both,both
road_2554,both,both,both,both,both,both,both,both,both,both,both,both,both,both,both,both,both,both,both,both,both,both,both,both,both,both,both,both,both,both,both
road_2555,both,both,both,both,both,both,both,both,both,both,both,both,both,both,both,both,both,both,both,both,both,both,both,both,both,both,both,both,both,both,both
road_2556,both,both,both,both,both,both,both,both,both,both,both,both,both,both,both,both,both,both,both,both,both,both,both,both,both,both,both,both,both,both,both
road_2557,both,both,both,both,both,both,both,both,both,both,both,both,both,both,both,both,both,both,both,both,both,both,both,both,both,both,both,both,both,both,both
road_2558,both,both,both,both,both,both,both,both,both,both,both,both,both,both,both,both,both,both,both,both,both,both,both,both,both,both,both,both,both,both,both
road_2559,both,both,both,both,both,both,both,both,both,both,both,both,both,both,both,both,both,both,both,both,both,both,both,both,both,both,both,both,both,both,both
road_2560,both,both,both,both,both,both,both,both,both,both,both,both,both,both,both,both,both,both,both,both,both,both,both,both,both,both,both,both,both,both,both
road_2561,both,both,both,both,both,both,both,both,both,both,both,both,both,both,both,both,both,both,both,both,both,both,both,both,both,both,both,both,both,both,both
road_2562,both,both,both,both,both,both,both,both,both,both,both,both,both,both,both,both,both,both,both,both,both,both,both,both,both,both,both,both,both,both,both
road_2563,both,both,both,both,both,both,both,both,both,both,both,both,both,both,both,both,both,both,both,both,both,both,both,both,both,both,both,both,both,both,both
road_2564,both,both,both,both,both,both,both,both,both,both,both,both,both,both,both,both,both,both,both,both,both,both,both,both,both,both,both,both,both,both,both
road_2565,both,both,both,both,both,both,both,both,both,both,both,both,both,both,both,both,both,both,both,both,both,both,both,both,both,both,both,both,both,both,both
road_2566,both,both,both,both,both,both,both,both,both,both,both,both,both,both,both,both,both,both,both,both,both,both,both,both,both,both,both,both,both,both,both
road_2567,both,both,both,both,both,both,both,both,both,both,both,both,both,both,both,both,both,both,both,both,both,both,both,both,both,both,both,both,both,both,both
road_2568,both,both,both,both,both,both,both,both,both,both,both,both,both,both,both,both,both,both,both,both,both,both,both,both,both,both,both,both,both,both,both
road_2569,both,both,both,both,both,both,both,both,both,both,both,both,both,both,both,both,both,both,both,both,both,both,both,both,both,both,both,both,both,both,both
road_2570,both,both,both,both,both,both,both,both,both,both,both,both,both,both,both,both,both,both,both,both,both,both,both,both,both,both,both,both,both,both,both
road_2571,both,both,both,both,both,both,both,both,both,both,both,both,both,both,both,both,both,both,both,both,both,both,both,both,both,both,both,both,both,both,both
road_2572,both,both,both,both,both,both,both,both,both,both,both,both,both,both,both,both,both,both,both,both,both,both,both,both,both,both,both,both,both,both,both
road_2573,both,both,both,both,both,both,both,both,both,both,both,both,both,both,both,both,both,both,both,both,both,both,both,both,both,both,both,both,both,both,both
road_2574,both,both,both,both,both,both,both,both,both,both,both,both,both,both,both,both,both,both,both,both,both,both,both,both,both,both,both,both,both,both,both
road_2575,both,both,both,both,both,both,both,both,both,both,both,both,both,both,both,both,both,both,both,both,both,both,both,both,both,both,both,both,both,both,both
road_2576,both,both,both,both,both,both,both,both,both,both,both,both,both,both,both,both,both,both,both,both,both,both,both,both,both,both,both,both,both,both,both
road_2577,both,both,both,both,both,both,both,both,both,both,both,both,both,both,both,both,both,both,both,both,both,both,both,both,both,both,both,both,both,both,both
road_2578,both,both,both,both,both,both,both,both,both,both,both,both,both,both,both,both,both,both,both,both,both,both,both,both,both,both,both,both,both,both,both
road_2579,both,both,both,both,both,both,both,both,both,both,both,both,both,both,both,both,both,both,both,both,both,both,both,both,both,both,both,both,both,both,both
road_2580,both,both,both,both,both,both,both,both,both,both,both,both,both,both,both,both,both,both,both,both,both,both,both,both,both,both,both,both,both,both,both
road_2581,both,both,both,both,both,both,both,both,both,both,both,both,both,both,both,both,both,both,both,both,both,both,both,both,both,both,both,both,both,both,both
road_2582,both,both,both,both,both,both,both,both,both,both,both,both,both,both,both,both,both,both,both,both,both,both,both,both,both,both,both,both,both,both,both
road_2583,both,both,both,both,both,both,both,both,both,both,both,both,both,both,both,both,both,both,both,both,both,both,both,both,both,both,both,both,both,both,both
road_2584,both,both,both,both,both,both,both,both,both,both,both,both,both,both,both,both,both,both,both,both,both,both,both,both,both,both,both,both,both,both,both
road_2585,both,both,both,both,both,both,both,both,both,both,both,both,both,both,both,both,both,both,both,both,both,both,both,both,both,both,both,both,both,both,both
road_2586,both,both,both,both,both,both,both,both,both,both,both,both,both,both,both,both,both,both,both,both,both,both,both,both,both,both,both,both,both,both,both
road_2587,both,both,both,both,both,both,both,both,both,both,both,both,both,both,both,both,both,both,both,both,both,both,both,both,both,both,both,both,both,both,both
road_2588,both,both,both,both,both,both,both,both,both,both,both,both,both,both,both,both,both,both,both,both,both,both,both,both,both,both,both,both,both,both,both
road_2589,both,both,both,both,both,both,both,both,both,both,both,both,both,both,both,both,both,both,both,both,both,both,both,both,both,both,both,both,both,both,both
road_2590,both,both,both,both,both,both,both,both,both,both,both,both,both,both,both,both,both,both,both,both,both,both,both,both,both,both,both,both,both,both,both
road_2591,both,both,both,both,both,both,both,both,both,both,both,both,both,both,both,both,both,both,both,both,both,both,both,both,both,both,both,both,both,both,both
road_2592,both,both,both,both,both,both,both,both,both,both,both,both,both,both,both,both,both,both,both,both,both,both,both,both,both,both,both,both,both,both,both
road_2593,both,both,both,both,both,both,both,both,both,both,both,both,both,both,both,both,both,both,both,both,both,both,both,both,both,both,both,both,both,both,both
road_2594,both,both,both,both,both,both,both,both,both,both,both,both,both,both,both,both,both,both,both,both,both,both,both,both,both,both,both,both,both,both,both
road_2595,both,both,both,both,both,both,both,both,both,both,both,both,both,both,both,both,both,both,both,both,both,both,both,both,both,both,both,both,both,both,both
road_2596,both,both,both,both,both,both,both,both,both,both,both,both,both,both,both,both,both,both,both,both,both,both,both,both,both,both,both,both,both,both,both
road_2597,both,both,both,both,both,both,both,both,both,both,both,both,both,both,both,both,both,both,both,both,both,both,both,both,both,both,both,both,both,both,both
road_2598,both,both,both,both,both,both,both,both,both,both,both,both,both,both,both,both,both,both,both,both,both,both,both,both,both,both,both,both,both,both,both
road_2599,both,both,both,both,both,both,both,both,both,both,both,both,both,both,both,both,both,both,both,both,both,both,both,both,both,both,both,both,both,both,both
road_2600,both,both,both,both,both,both,both,both,both,both,both,both,both,both,both,both,both,both,both,both,both,both,both,both,both,both,both,both,both,both,both
road_2601,both,both,both,both,both,both,both,both,both,both,both,both,both,both,both,both,both,both,both,both,both,both,both,both,both,both,both,both,both,both,both
road_2602,both,both,both,both,both,both,both,both,both,both,both,both,both,both,both,both,both,both,both,both,both,both,both,both,both,both,both,both,both,both,both
road_2603,both,both,both,both,both,both,both,both,both,both,both,both,both,both,both,both,both,both,both,both,both,both,both,both,both,both,both,both,both,both,both
road_2604,both,both,both,both,both,both,both,both,both,both,both,both,both,both,both,both,both,both,both,both,both,both,both,both,both,both,both,both,both,both,both
road_2605,both,both,both,both,both,both,both,both,both,both,both,both,both,both,both,both,both,both,both,both,both,both,both,both,both,both,both,both,both,both,both
road_2606,both,both,both,both,both,both,both,both,both,both,both,both,both,both,both,both,both,both,both,both,both,both,both,both,both,both,both,both,both,both,both
road_2607,both,both,both,both,both,both,both,both,both,both,both,both,both,both,both,both,both,both,both,both,both,both,both,both,both,both,both,both,both,both,both
road_2608,both,both,both,both,both,both,both,both,both,both,both,both,both,both,both,both,both,both,both,both,both,both,both,both,both,both,both,both,both,both,both
road_2609,both,both,both,both,both,both,both,both,both,both,both,both,both,both,both,both,both,both,both,both,both,both,both,both,both,both,both,both,both,both,both
road_2610,both,both,both,both,both,both,both,both,both,both,both,both,both,both,both,both,both,both,both,both,both,both,both,both,both,both,both,both,both,both,both
road_2611,both,both,both,both,both,both,both,both,both,both,both,both,both,both,both,both,both,both,both,both,both,both,both,both,both,both,both,both,both,both,both
road_2612,both,both,both,both,both,both,both,both,both,both,both,both,both,both,both,both,both,both,both,both,both,both,both,both,both,both,both,both,both,both,both
road_2613,both,both,both,both,both,both,both,both,both,both,both,both,both,both,both,both,both,both,both,both,both,both,both,both,both,both,both,both,both,both,both
road_2614,both,both,both,both,both,both,both,both,both,both,both,both,both,both,both,both,both,both,both,both,both,both,both,both,both,both,both,both,both,both,both
road_2615,both,both,both,both,both,both,both,both,both,both,both,both,both,both,both,both,both,both,both,both,both,both,both,both,both,both,both,both,both,both,both
road_2616,both,both,both,both,both,both,both,both,both,both,both,both,both,both,both,both,both,both,both,both,both,both,both,both,both,both,both,both,both,both,both
road_2617,both,both,both,both,both,both,both,both,both,both,both,both,both,both,both,both,both,both,both,both,both,both,both,both,both,both,both,both,both,both,both
road_2618,both,both,both,both,both,both,both,both,both,both,both,both,both,both,both,both,both,both,both,both,both,both,both,both,both,both,both,both,both,both,both
road_2619,both,both,both,both,both,both,both,both,both,both,both,both,both,both,both,both,both,both,both,both,both,both,both,both,both,both,both,both,both,both,both
road_2620,both,both,both,both,both,both,both,both,both,both,both,both,both,both,both,both,both,both,both,both,both,both,both,both,both,both,both,both,both,both,both
road_2621,both,both,both,both,both,both,both,both,both,both,both,both,both,both,both,both,both,both,both,both,both,both,both,both,both,both,both,both,both,both,both
road_2622,both,both,both,both,both,both,both,both,both,both,both,both,both,both,both,both,both,both,both,both,both,both,both,both,both,both,both,both,both,both,both
road_2623,both,both,both,both,both,both,both,both,both,both,both,both,both,both,both,both,both,both,both,both,both,both,both,both,both,both,both,both,both,both,both
road_2624,both,both,both,both,both,both,both,both,both,both,both,both,both,both,both,both,both,both,both,both,both,both,both,both,both,both,both,both,both,both,both
road_2625,both,both,both,both,both,both,both,both,both,both,both,both,both,both,both,both,both,both,both,both,both,both,both,both,both,both,both,both,both,both,both
road_2626,both,both,both,both,both,both,both,both,both,both,both,both,both,both,both,both,both,both,both,both,both,both,both,both,both,both,both,both,both,both,both
road_2627,both,both,both,both,both,both,both,both,both,both,both,both,both,both,both,both,both,both,both,both,both,both,both,both,both,both,both,both,both,both,both
road_2628,both,both,both,both,both,both,both,both,both,both,both,both,both,both,both,both,both,both,both,both,both,both,both,both,both,both,both,both,both,both,both
road_2629,both,both,both,both,both,both,both,both,both,both,both,both,both,both,both,both,both,both,both,both,both,both,both,both,both,both,both,both,both,both,both
road_2630,both,both,both,both,both,both,both,both,both,both,both,both,both,both,both,both,both,both,both,both,both,both,both,both,both,both,both,both,both,both,both
road_2631,both,both,both,both,both,both,both,both,both,both,both,both,both,both,both,both,both,both,both,both,both,both,both,both,both,both,both,both,both,both,both
road_2632,both,both,both,both,both,both,both,both,both,both,both,both,both,both,both,both,both,both,both,both,both,both,both,both,both,both,both,both,both,both,both
road_2633,both,both,both,both,both,both,both,both,both,both,both,both,both,both,both,both,both,both,both,both,both,both,both,both,both,both,both,both,both,both,both
road_2634,both,both,both,both,both,both,both,both,both,both,both,both,both,both,both,both,both,both,both,both,both,both,both,both,both,both,both,both,both,both,both
road_2635,both,both,both,both,both,both,both,both,both,both,both,both,both,both,both,both,both,both,both,both,both,both,both,both,both,both,both,both,both,both,both
road_2636,both,both,both,both,both,both,both,both,both,both,both,both,both,both,both,both,both,both,both,both,both,both,both,both,both,both,both,both,both,both,both
road_2637,both,both,both,both,both,both,both,both,both,both,both,both,both,both,both,both,both,both,both,both,both,both,both,both,both,both,both,both,both,both,both
road_2638,both,both,both,both,both,both,both,both,both,both,both,both,both,both,both,both,both,both,both,both,both,both,both,both,both,both,both,both,both,both,both
road_2639,both,both,both,both,both,both,both,both,both,both,both,both,both,both,both,both,both,both,both,both,both,both,both,both,both,both,both,both,both,both,both
road_2640,both,both,both,both,both,both,both,both,both,both,both,both,both,both,both,both,both,both,both,both,both,both,both,both,both,both,both,both,both,both,both
road_2641,both,both,both,both,both,both,both,both,both,both,both,both,both,both,both,both,both,both,both,both,both,both,both,both,both,both,both,both,both,both,both
road_2642,both,both,both,both,both,both,both,both,both,both,both,both,both,both,both,both,both,both,both,both,both,both,both,both,both,both,both,both,both,both,both
road_2643,both,both,both,both,both,both,both,both,both,both,both,both,both,both,both,both,both,both,both,both,both,both,both,both,both,both,both,both,both,both,both
road_2644,both,both,both,both,both,both,both,both,both,both,both,both,both,both,both,both,both,both,both,both,both,both,both,both,both,both,both,both,both,both,both
road_2645,both,both,both,both,both,both,both,both,both,both,both,both,both,both,both,both,both,both,both,both,both,both,both,both,both,both,both,both,both,both,both
road_2646,both,both,both,both,both,both,both,both,both,both,both,both,both,both,both,both,both,both,both,both,both,both,both,both,both,both,both,both,both,both,both
road_2647,both,both,both,both,both,both,both,both,both,both,both,both,both,both,both,both,both,both,both,both,both,both,both,both,both,both,both,both,both,both,both
road_2648,both,both,both,both,both,both,both,both,both,both,both,both,both,both,both,both,both,both,both,both,both,both,both,both,both,both,both,both,both,both,both
road_2649,both,both,both,both,both,both,both,both,both,both,both,both,both,both,both,both,both,both,both,both,both,both,both,both,both,both,both,both,both,both,both
road_2650,both,both,both,both,both,both,both,both,both,both,both,both,both,both,both,both,both,both,both,both,both,both,both,both,both,both,both,both,both,both,both
road_2651,both,both,both,both,both,both,both,both,both,both,both,both,both,both,both,both,both,both,both,both,both,both,both,both,both,both,both,both,both,both,both
road_2652,both,both,both,both,both,both,both,both,both,both,both,both,both,both,both,both,both,both,both,both,both,both,both,both,both,both,both,both,both,both,both
road_2653,both,both,both,both,both,both,both,both,both,both,both,both,both,both,both,both,both,both,both,both,both,both,both,both,both,both,both,both,both,both,both
road_2654,both,both,both,both,both,both,both,both,both,both,both,both,both,both,both,both,both,both,both,both,both,both,both,both,both,both,both,both,both,both,both
road_2655,both,both,both,both,both,both,both,both,both,both,both,both,both,both,both,both,both,both,both,both,both,both,both,both,both,both,both,both,both,both,both
road_2656,both,both,both,both,both,both,both,both,both,both,both,both,both,both,both,both,both,both,both,both,both,both,both,both,both,both,both,both,both,both,both
road_2657,both,both,both,both,both,both,both,both,both,both,both,both,both,both,both,both,both,both,both,both,both,both,both,both,both,both,both,both,both,both,both
road_2658,both,both,both,both,both,both,both,both,both,both,both,both,both,both,both,both,both,both,both,both,both,both,both,both,both,both,both,both,both,both,both
road_2659,both,both,both,both,both,both,both,both,both,both,both,both,both,both,both,both,both,both,both,both,both,both,both,both,both,both,both,both,both,both,both
road_2660,both,both,both,both,both,both,both,both,both,both,both,both,both,both,both,both,both,both,both,both,both,both,both,both,both,both,both,both,both,both,both
road_2661,both,both,both,both,both,both,both,both,both,both,both,both,both,both,both,both,both,both,both,both,both,both,both,both,both,both,both,both,both,both,both
road_2662,both,both,both,both,both,both,both,both,both,both,both,both,both,both,both,both,both,both,both,both,both,both,both,both,both,both,both,both,both,both,both
road_2663,both,both,both,both,both,both,both,both,both,both,both,both,both,both,both,both,both,both,both,both,both,both,both,both,both,both,both,both,both,both,both
road_2664,both,both,both,both,both,both,both,both,both,both,both,both,both,both,both,both,both,both,both,both,both,both,both,both,both,both,both,both,both,both,both
road_2665,both,both,both,both,both,both,both,both,both,both,both,both,both,both,both,both,both,both,both,both,both,both,both,both,both,both,both,both,both,both,both
road_2666,both,both,both,both,both,both,both,both,both,both,both,both,both,both,both,both,both,both,both,both,both,both,both,both,both,both,both,both,both,both,both
road_2667,both,both,both,both,both,both,both,both,both,both,both,both,both,both,both,both,both,both,both,both,both,both,both,both,both,both,both,both,both,both,both
road_2668,both,both,both,both,both,both,both,both,both,both,both,both,both,both,both,both,both,both,both,both,both,both,both,both,both,both,both,both,both,both,both
road_2669,both,both,both,both,both,both,both,both,both,both,both,both,both,both,both,both,both,both,both,both,both,both,both,both,both,both,both,both,both,both,both
road_2670,both,both,both,both,both,both,both,both,both,both,both,both,both,both,both,both,both,both,both,both,both,both,both,both,both,both,both,both,both,both,both
road_2671,both,both,both,both,both,both,both,both,both,both,both,both,both,both,both,both,both,both,both,both,both,both,both,both,both,both,both,both,both,both,both
road_2672,both,both,both,both,both,both,both,both,both,both,both,both,both,both,both,both,both,both,both,both,both,both,both,both,both,both,both,both,both,both,both
road_2673,both,both,both,both,both,both,both,both,both,both,both,both,both,both,both,both,both,both,both,both,both,both,both,both,both,both,both,both,both,both,both
road_2674,both,both,both,both,both,both,both,both,both,both,both,both,both,both,both,both,both,both,both,both,both,both,both,both,both,both,both,both,both,both,both
road_2675,both,both,both,both,both,both,both,both,both,both,both,both,both,both,both,both,both,both,both,both,both,both,both,both,both,both,both,both,both,both,both
road_2676,both,both,both,both,both,both,both,both,both,both,both,both,both,both,both,both,both,both,both,both,both,both,both,both,both,both,both,both,both,both,both
road_2677,both,both,both,both,both,both,both,both,both,both,both,both,both,both,both,both,both,both,both,both,both,both,both,both,both,both,both,both,both,both,both
road_2678,both,both,both,both,both,both,both,both,both,both,both,both,both,both,both,both,both,both,both,both,both,both,both,both,both,both,both,both,both,both,both
road_2679,both,both,both,both,both,both,both,both,both,both,both,both,both,both,both,both,both,both,both,both,both,both,both,both,both,both,both,both,both,both,both
road_2680,both,both,both,both,both,both,both,both,both,both,both,both,both,both,both,both,both,both,both,both,both,both,both,both,both,both,both,both,both,both,both
road_2681,both,both,both,both,both,both,both,both,both,both,both,both,both,both,both,both,both,both,both,both,both,both,both,both,both,both,both,both,both,both,both
road_2682,both,both,both,both,both,both,both,both,both,both,both,both,both,both,both,both,both,both,both,both,both,both,both,both,both,both,both,both,both,both,both
road_2683,both,both,both,both,both,both,both,both,both,both,both,both,both,both,both,both,both,both,both,both,both,both,both,both,both,both,both,both,both,both,both
road_2684,both,both,both,both,both,both,both,both,both,both,both,both,both,both,both,both,both,both,both,both,both,both,both,both,both,both,both,both,both,both,both
road_2685,both,both,both,both,both,both,both,both,both,both,both,both,both,both,both,both,both,both,both,both,both,both,both,both,both,both,both,both,both,both,both
road_2686,both,both,both,both,both,both,both,both,both,both,both,both,both,both,both,both,both,both,both,both,both,both,both,both,both,both,both,both,both,both,both
road_2687,both,both,both,both,both,both,both,both,both,both,both,both,both,both,both,both,both,both,both,both,both,both,both,both,both,both,both,both,both,both,both
road_2688,both,both,both,both,both,both,both,both,both,both,both,both,both,both,both,both,both,both,both,both,both,both,both,both,both,both,both,both,both,both,both
road_2689,both,both,both,both,both,both,both,both,both,both,both,both,both,both,both,both,both,both,both,both,both,both,both,both,both,both,both,both,both,both,both
road_2690,both,both,both,both,both,both,both,both,both,both,both,both,both,both,both,both,both,both,both,both,both,both,both,both,both,both,both,both,both,both,both
road_2691,both,both,both,both,both,both,both,both,both,both,both,both,both,both,both,both,both,both,both,both,both,both,both,both,both,both,both,both,both,both,both
road_2692,both,both,both,both,both,both,both,both,both,both,both,both,both,both,both,both,both,both,both,both,both,both,both,both,both,both,both,both,both,both,both
road_2693,both,both,both,both,both,both,both,both,both,both,both,both,both,both,both,both,both,both,both,both,both,both,both,both,both,both,both,both,both,both,both
road_2694,both,both,both,both,both,both,both,both,both,both,both,both,both,both,both,both,both,both,both,both,both,both,both,both,both,both,both,both,both,both,both
road_2695,both,both,both,both,both,both,both,both,both,both,both,both,both,both,both,both,both,both,both,both,both,both,both,both,both,both,both,both,both,both,both
road_2696,both,both,both,both,both,both,both,both,both,both,both,both,both,both,both,both,both,both,both,both,both,both,both,both,both,both,both,both,both,both,both
road_2697,both,both,both,both,both,both,both,both,both,both,both,both,both,both,both,both,both,both,both,both,both,both,both,both,both,both,both,both,both,both,both
road_2698,both,both,both,both,both,both,both,both,both,both,both,both,both,both,both,both,both,both,both,both,both,both,both,both,both,both,both,both,both,both,both
road_2699,both,both,both,both,both,both,both,both,both,both,both,both,both,both,both,both,both,both,both,both,both,both,both,both,both,both,both,both,both,both,both
road_2700,both,both,both,both,both,both,both,both,both,both,both,both,both,both,both,both,both,both,both,both,both,both,both,both,both,both,both,both,both,both,both
road_2701,both,both,both,both,both,both,both,both,both,both,both,both,both,both,both,both,both,both,both,both,both,both,both,both,both,both,both,both,both,both,both
road_2702,both,both,both,both,both,both,both,both,both,both,both,both,both,both,both,both,both,both,both,both,both,both,both,both,both,both,both,both,both,both,both
road_2703,both,both,both,both,both,both,both,both,both,both,both,both,both,both,both,both,both,both,both,both,both,both,both,both,both,both,both,both,both,both,both
road_2704,both,both,both,both,both,both,both,both,both,both,both,both,both,both,both,both,both,both,both,both,both,both,both,both,both,both,both,both,both,both,both
road_2705,both,both,both,both,both,both,both,both,both,both,both,both,both,both,both,both,both,both,both,both,both,both,both,both,both,both,both,both,both,both,both
road_2706,both,both,both,both,both,both,both,both,both,both,both,both,both,both,both,both,both,both,both,both,both,both,both,both,both,both,both,both,both,both,both
road_2707,both,both,both,both,both,both,both,both,both,both,both,both,both,both,both,both,both,both,both,both,both,both,both,both,both,both,both,both,both,both,both
road_2708,both,both,both,both,both,both,both,both,both,both,both,both,both,both,both,both,both,both,both,both,both,both,both,both,both,both,both,both,both,both,both
road_2709,both,both,both,both,both,both,both,both,both,both,both,both,both,both,both,both,both,both,both,both,both,both,both,both,both,both,both,both,both,both,both
road_2710,both,both,both,both,both,both,both,both,both,both,both,both,both,both,both,both,both,both,both,both,both,both,both,both,both,both,both,both,both,both,both
road_2711,both,both,both,both,both,both,both,both,both,both,both,both,both,both,both,both,both,both,both,both,both,both,both,both,both,both,both,both,both,both,both
road_2712,both,both,both,both,both,both,both,both,both,both,both,both,both,both,both,both,both,both,both,both,both,both,both,both,both,both,both,both,both,both,both
road_2713,both,both,both,both,both,both,both,both,both,both,both,both,both,both,both,both,both,both,both,both,both,both,both,both,both,both,both,both,both,both,both
road_2714,both,both,both,both,both,both,both,both,both,both,both,both,both,both,both,both,both,both,both,both,both,both,both,both,both,both,both,both,both,both,both
road_2715,both,both,both,both,both,both,both,both,both,both,both,both,both,both,both,both,both,both,both,both,both,both,both,both,both,both,both,both,both,both,both
road_2716,both,both,both,both,both,both,both,both,both,both,both,both,both,both,both,both,both,both,both,both,both,both,both,both,both,both,both,both,both,both,both
road_2717,both,both,both,both,both,both,both,both,both,both,both,both,both,both,both,both,both,both,both,both,both,both,both,both,both,both,both,both,both,both,both
road_2718,both,both,both,both,both,both,both,both,both,both,both,both,both,both,both,both,both,both,both,both,both,both,both,both,both,both,both,both,both,both,both
road_2719,both,both,both,both,both,both,both,both,both,both,both,both,both,both,both,both,both,both,both,both,both,both,both,both,both,both,both,both,both,both,both
road_2720,both,both,both,both,both,both,both,both,both,both,both,both,both,both,both,both,both,both,both,both,both,both,both,both,both,both,both,both,both,both,both
road_2721,both,both,both,both,both,both,both,both,both,both,both,both,both,both,both,both,both,both,both,both,both,both,both,both,both,both,both,both,both,both,both
road_2722,both,both,both,both,both,both,both,both,both,both,both,both,both,both,both,both,both,both,both,both,both,both,both,both,both,both,both,both,both,both,both
road_2723,both,both,both,both,both,both,both,both,both,both,both,both,both,both,both,both,both,both,both,both,both,both,both,both,both,both,both,both,both,both,both
road_2724,both,both,both,both,both,both,both,both,both,both,both,both,both,both,both,both,both,both,both,both,both,both,both,both,both,both,both,both,both,both,both
road_2725,both,both,both,both,both,both,both,both,both,both,both,both,both,both,both,both,both,both,both,both,both,both,both,both,both,both,both,both,both,both,both
road_2726,both,both,both,both,both,both,both,both,both,both,both,both,both,both,both,both,both,both,both,both,both,both,both,both,both,both,both,both,both,both,both
road_2727,both,both,both,both,both,both,both,both,both,both,both,both,both,both,both,both,both,both,both,both,both,both,both,both,both,both,both,both,both,both,both
road_2728,both,both,both,both,both,both,both,both,both,both,both,both,both,both,both,both,both,both,both,both,both,both,both,both,both,both,both,both,both,both,both
road_2729,both,both,both,both,both,both,both,both,both,both,both,both,both,both,both,both,both,both,both,both,both,both,both,both,both,both,both,both,both,both,both
road_2730,both,both,both,both,both,both,both,both,both,both,both,both,both,both,both,both,both,both,both,both,both,both,both,both,both,both,both,both,both,both,both
road_2731,both,both,both,both,both,both,both,both,both,both,both,both,both,both,both,both,both,both,both,both,both,both,both,both,both,both,both,both,both,both,both
road_2732,both,both,both,both,both,both,both,both,both,both,both,both,both,both,both,both,both,both,both,both,both,both,both,both,both,both,both,both,both,both,both
road_2733,both,both,both,both,both,both,both,both,both,both,both,both,both,both,both,both,both,both,both,both,both,both,both,both,both,both,both,both,both,both,both
road_2734,both,both,both,both,both,both,both,both,both,both,both,both,both,both,both,both,both,both,both,both,both,both,both,both,both,both,both,both,both,both,both
road_2735,both,both,both,both,both,both,both,both,both,both,both,both,both,both,both,both,both,both,both,both,both,both,both,both,both,both,both,both,both,both,both
road_2736,both,both,both,both,both,both,both,both,both,both,both,both,both,both,both,both,both,both,both,both,both,both,both,both,both,both,both,both,both,both,both
road_2737,both,both,both,both,both,both,both,both,both,both,both,both,both,both,both,both,both,both,both,both,both,both,both,both,both,both,both,both,both,both,both
road_2738,both,both,both,both,both,both,both,both,both,both,both,both,both,both,both,both,both,both,both,both,both,both,both,both,both,both,both,both,both,both,both
road_2739,both,both,both,both,both,both,both,both,both,both,both,both,both,both,both,both,both,both,both,both,both,both,both,both,both,both,both,both,both,both,both
road_2740,both,both,both,both,both,both,both,both,both,both,both,both,both,both,both,both,both,both,both,both,both,both,both,both,both,both,both,both,both,both,both
road_2741,both,both,both,both,both,both,both,both,both,both,both,both,both,both,both,both,both,both,both,both,both,both,both,both,both,both,both,both,both,both,both
road_2742,both,both,both,both,both,both,both,both,both,both,both,both,both,both,both,both,both,both,both,both,both,both,both,both,both,both,both,both,both,both,both
road_2743,both,both,both,both,both,both,both,both,both,both,both,both,both,both,both,both,both,both,both,both,both,both,both,both,both,both,both,both,both,both,both
road_2744,both,both,both,both,both,both,both,both,both,both,both,both,both,both,both,both,both,both,both,both,both,both,both,both,both,both,both,both,both,both,both
road_2745,both,both,both,both,both,both,both,both,both,both,both,both,both,both,both,both,both,both,both,both,both,both,both,both,both,both,both,both,both,both,both
road_2746,both,both,both,both,both,both,both,both,both,both,both,both,both,both,both,both,both,both,both,both,both,both,both,both,both,both,both,both,both,both,both
road_2747,both,both,both,both,both,both,both,both,both,both,both,both,both,both,both,both,both,both,both,both,both,both,both,both,both,both,both,both,both,both,both
road_2748,both,both,both,both,both,both,both,both,both,both,both,both,both,both,both,both,both,both,both,both,both,both,both,both,both,both,both,both,both,both,both
road_2749,both,both,both,both,both,both,both,both,both,both,both,both,both,both,both,both,both,both,both,both,both,both,both,both,both,both,both,both,both,both,both
road_2750,both,both,both,both,both,both,both,both,both,both,both,both,both,both,both,both,both,both,both,both,both,both,both,both,both,both,both,both,both,both,both
road_2751,both,both,both,both,both,both,both,both,both,both,both,both,both,both,both,both,both,both,both,both,both,both,both,both,both,both,both,both,both,both,both
road_2752,both,both,both,both,both,both,both,both,both,both,both,both,both,both,both,both,both,both,both,both,both,both,both,both,both,both,both,both,both,both,both
road_2753,both,both,both,both,both,both,both,both,both,both,both,both,both,both,both,both,both,both,both,both,both,both,both,both,both,both,both,both,both,both,both
road_2754,both,both,both,both,both,both,both,both,both,both,both,both,both,both,both,both,both,both,both,both,both,both,both,both,both,both,both,both,both,both,both
road_2755,both,both,both,both,both,both,both,both,both,both,both,both,both,both,both,both,both,both,both,both,both,both,both,both,both,both,both,both,both,both,both
road_2756,both,both,both,both,both,both,both,both,both,both,both,both,both,both,both,both,both,both,both,both,both,both,both,both,both,both,both,both,both,both,both
road_2757,both,both,both,both,both,both,both,both,both,both,both,both,both,both,both,both,both,both,both,both,both,both,both,both,both,both,both,both,both,both,both
road_2758,both,both,both,both,both,both,both,both,both,both,both,both,both,both,both,both,both,both,both,both,both,both,both,both,both,both,both,both,both,both,both
road_2759,both,both,both,both,both,both,both,both,both,both,both,both,both,both,both,both,both,both,both,both,both,both,both,both,both,both,both,both,both,both,both
road_2760,both,both,both,both,both,both,both,both,both,both,both,both,both,both,both,both,both,both,both,both,both,both,both,both,both,both,both,both,both,both,both
road_2761,both,both,both,both,both,both,both,both,both,both,both,both,both,both,both,both,both,both,both,both,both,both,both,both,both,both,both,both,both,both,both
road_2762,both,both,both,both,both,both,both,both,both,both,both,both,both,both,both,both,both,both,both,both,both,both,both,both,both,both,both,both,both,both,both
road_2763,both,both,both,both,both,both,both,both,both,both,both,both,both,both,both,both,both,both,both,both,both,both,both,both,both,both,both,both,both,both,both
road_2764,both,both,both,both,both,both,both,both,both,both,both,both,both,both,both,both,both,both,both,both,both,both,both,both,both,both,both,both,both,both,both
road_2765,both,both,both,both,both,both,both,both,both,both,both,both,both,both,both,both,both,both,both,both,both,both,both,both,both,both,both,both,both,both,both
road_2766,both,both,both,both,both,both,both,both,both,both,both,both,both,both,both,both,both,both,both,both,both,both,both,both,both,both,both,both,both,both,both
road_2767,both,both,both,both,both,both,both,both,both,both,both,both,both,both,both,both,both,both,both,both,both,both,both,both,both,both,both,both,both,both,both
road_2768,both,both,both,both,both,both,both,both,both,both,both,both,both,both,both,both,both,both,both,both,both,both,both,both,both,both,both,both,both,both,both
road_2769,both,both,both,both,both,both,both,both,both,both,both,both,both,both,both,both,both,both,both,both,both,both,both,both,both,both,both,both,both,both,both
road_2770,both,both,both,both,both,both,both,both,both,both,both,both,both,both,both,both,both,both,both,both,both,both,both,both,both,both,both,both,both,both,both
road_2771,both,both,both,both,both,both,both,both,both,both,both,both,both,both,both,both,both,both,both,both,both,both,both,both,both,both,both,both,both,both,both
road_2772,both,both,both,both,both,both,both,both,both,both,both,both,both,both,both,both,both,both,both,both,both,both,both,both,both,both,both,both,both,both,both
road_2773,both,both,both,both,both,both,both,both,both,both,both,both,both,both,both,both,both,both,both,both,both,both,both,both,both,both,both,both,both,both,both
road_2774,both,both,both,both,both,both,both,both,both,both,both,both,both,both,both,both,both,both,both,both,both,both,both,both,both,both,both,both,both,both,both
road_2775,both,both,both,both,both,both,both,both,both,both,both,both,both,both,both,both,both,both,both,both,both,both,both,both,both,both,both,both,both,both,both
road_2776,both,both,both,both,both,both,both,both,both,both,both,both,both,both,both,both,both,both,both,both,both,both,both,both,both,both,both,both,both,both,both
road_2777,both,both,both,both,both,both,both,both,both,both,both,both,both,both,both,both,both,both,both,both,both,both,both,both,both,both,both,both,both,both,both
road_2778,both,both,both,both,both,both,both,both,both,both,both,both,both,both,both,both,both,both,both,both,both,both,both,both,both,both,both,both,both,both,both
road_2779,both,both,both,both,both,both,both,both,both,both,both,both,both,both,both,both,both,both,both,both,both,both,both,both,both,both,both,both,both,both,both
road_2780,both,both,both,both,both,both,both,both,both,both,both,both,both,both,both,both,both,both,both,both,both,both,both,both,both,both,both,both,both,both,both
road_2781,both,both,both,both,both,both,both,both,both,both,both,both,both,both,both,both,both,both,both,both,both,both,both,both,both,both,both,both,both,both,both
road_2782,both,both,both,both,both,both,both,both,both,both,both,both,both,both,both,both,both,both,both,both,both,both,both,both,both,both,both,both,both,both,both
road_2783,both,both,both,both,both,both,both,both,both,both,both,both,both,both,both,both,both,both,both,both,both,both,both,both,both,both,both,both,both,both,both
road_2784,both,both,both,both,both,both,both,both,both,both,both,both,both,both,both,both,both,both,both,both,both,both,both,both,both,both,both,both,both,both,both
road_2785,both,both,both,both,both,both,both,both,both,both,both,both,both,both,both,both,both,both,both,both,both,both,both,both,both,both,both,both,both,both,both
road_2786,both,both,both,both,both,both,both,both,both,both,both,both,both,both,both,both,both,both,both,both,both,both,both,both,both,both,both,both,both,both,both
road_2787,both,both,both,both,both,both,both,both,both,both,both,both,both,both,both,both,both,both,both,both,both,both,both,both,both,both,both,both,both,both,both
road_2788,both,both,both,both,both,both,both,both,both,both,both,both,both,both,both,both,both,both,both,both,both,both,both,both,both,both,both,both,both,both,both
road_2789,both,both,both,both,both,both,both,both,both,both,both,both,both,both,both,both,both,both,both,both,both,both,both,both,both,both,both,both,both,both,both
road_2790,both,both,both,both,both,both,both,both,both,both,both,both,both,both,both,both,both,both,both,both,both,both,both,both,both,both,both,both,both,both,both
road_2791,both,both,both,both,both,both,both,both,both,both,both,both,both,both,both,both,both,both,both,both,both,both,both,both,both,both,both,both,both,both,both
road_2792,both,both,both,both,both,both,both,both,both,both,both,both,both,both,both,both,both,both,both,both,both,both,both,both,both,both,both,both,both,both,both
road_2793,both,both,both,both,both,both,both,both,both,both,both,both,both,both,both,both,both,both,both,both,both,both,both,both,both,both,both,both,both,both,both
road_2794,both,both,both,both,both,both,both,both,both,both,both,both,both,both,both,both,both,both,both,both,both,both,both,both,both,both,both,both,both,both,both
road_2795,both,both,both,both,both,both,both,both,both,both,both,both,both,both,both,both,both,both,both,both,both,both,both,both,both,both,both,both,both,both,both
road_2796,both,both,both,both,both,both,both,both,both,both,both,both,both,both,both,both,both,both,both,both,both,both,both,both,both,both,both,both,both,both,both
road_2797,both,both,both,both,both,both,both,both,both,both,both,both,both,both,both,both,both,both,both,both,both,both,both,both,both,both,both,both,both,both,both
road_2798,both,both,both,both,both,both,both,both,both,both,both,both,both,both,both,both,both,both,both,both,both,both,both,both,both,both,both,both,both,both,both
road_2799,both,both,both,both,both,both,both,both,both,both,both,both,both,both,both,both,both,both,both,both,both,both,both,both,both,both,both,both,both,both,both
road_2800,both,both,both,both,both,both,both,both,both,both,both,both,both,both,both,both,both,both,both,both,both,both,both,both,both,both,both,both,both,both,both
road_2801,both,both,both,both,both,both,both,both,both,both,both,both,both,both,both,both,both,both,both,both,both,both,both,both,both,both,both,both,both,both,both
road_2802,both,both,both,both,both,both,both,both,both,both,both,both,both,both,both,both,both,both,both,both,both,both,both,both,both,both,both,both,both,both,both
road_2803,both,both,both,both,both,both,both,both,both,both,both,both,both,both,both,both,both,both,both,both,both,both,both,both,both,both,both,both,both,both,both
road_2804,both,both,both,both,both,both,both,both,both,both,both,both,both,both,both,both,both,both,both,both,both,both,both,both,both,both,both,both,both,both,both
road_2805,both,both,both,both,both,both,both,both,both,both,both,both,both,both,both,both,both,both,both,both,both,both,both,both,both,both,both,both,both,both,both
road_2806,both,both,both,both,both,both,both,both,both,both,both,both,both,both,both,both,both,both,both,both,both,both,both,both,both,both,both,both,both,both,both
road_2807,both,both,both,both,both,both,both,both,both,both,both,both,both,both,both,both,both,both,both,both,both,both,both,both,both,both,both,both,both,both,both
road_2808,both,both,both,both,both,both,both,both,both,both,both,both,both,both,both,both,both,both,both,both,both,both,both,both,both,both,both,both,both,both,both
road_2809,both,both,both,both,both,both,both,both,both,both,both,both,both,both,both,both,both,both,both,both,both,both,both,both,both,both,both,both,both,both,both
road_2810,both,both,both,both,both,both,both,both,both,both,both,both,both,both,both,both,both,both,both,both,both,both,both,both,both,both,both,both,both,both,both
road_2811,both,both,both,both,both,both,both,both,both,both,both,both,both,both,both,both,both,both,both,both,both,both,both,both,both,both,both,both,both,both,both
road_2812,both,both,both,both,both,both,both,both,both,both,both,both,both,both,both,both,both,both,both,both,both,both,both,both,both,both,both,both,both,both,both
road_2813,both,both,both,both,both,both,both,both,both,both,both,both,both,both,both,both,both,both,both,both,both,both,both,both,both,both,both,both,both,both,both
road_2814,both,both,both,both,both,both,both,both,both,both,both,both,both,both,both,both,both,both,both,both,both,both,both,both,both,both,both,both,both,both,both
road_2815,both,both,both,both,both,both,both,both,both,both,both,both,both,both,both,both,both,both,both,both,both,both,both,both,both,both,both,both,both,both,both
road_2816,both,both,both,both,both,both,both,both,both,both,both,both,both,both,both,both,both,both,both,both,both,both,both,both,both,both,both,both,both,both,both
road_2817,both,both,both,both,both,both,both,both,both,both,both,both,both,both,both,both,both,both,both,both,both,both,both,both,both,both,both,both,both,both,both
road_2818,both,both,both,both,both,both,both,both,both,both,both,both,both,both,both,both,both,both,both,both,both,both,both,both,both,both,both,both,both,both,both
road_2819,both,both,both,both,both,both,both,both,both,both,both,both,both,both,both,both,both,both,both,both,both,both,both,both,both,both,both,both,both,both,both
road_2820,both,both,both,both,both,both,both,both,both,both,both,both,both,both,both,both,both,both,both,both,both,both,both,both,both,both,both,both,both,both,both
road_2821,both,both,both,both,both,both,both,both,both,both,both,both,both,both,both,both,both,both,both,both,both,both,both,both,both,both,both,both,both,both,both
road_2822,both,both,both,both,both,both,both,both,both,both,both,both,both,both,both,both,both,both,both,both,both,both,both,both,both,both,both,both,both,both,both
road_2823,both,both,both,both,both,both,both,both,both,both,both,both,both,both,both,both,both,both,both,both,both,both,both,both,both,both,both,both,both,both,both
road_2824,both,both,both,both,both,both,both,both,both,both,both,both,both,both,both,both,both,both,both,both,both,both,both,both,both,both,both,both,both,both,both
road_2825,both,both,both,both,both,both,both,both,both,both,both,both,both,both,both,both,both,both,both,both,both,both,both,both,both,both,both,both,both,both,both
road_2826,both,both,both,both,both,both,both,both,both,both,both,both,both,both,both,both,both,both,both,both,both,both,both,both,both,both,both,both,both,both,both
road_2827,both,both,both,both,both,both,both,both,both,both,both,both,both,both,both,both,both,both,both,both,both,both,both,both,both,both,both,both,both,both,both
road_2828,both,both,both,both,both,both,both,both,both,both,both,both,both,both,both,both,both,both,both,both,both,both,both,both,both,both,both,both,both,both,both
road_2829,both,both,both,both,both,both,both,both,both,both,both,both,both,both,both,both,both,both,both,both,both,both,both,both,both,both,both,both,both,both,both
road_2830,both,both,both,both,both,both,both,both,both,both,both,both,both,both,both,both,both,both,both,both,both,both,both,both,both,both,both,both,both,both,both
road_2831,both,both,both,both,both,both,both,both,both,both,both,both,both,both,both,both,both,both,both,both,both,both,both,both,both,both,both,both,both,both,both
road_2832,both,both,both,both,both,both,both,both,both,both,both,both,both,both,both,both,both,both,both,both,both,both,both,both,both,both,both,both,both,both,both
road_2833,both,both,both,both,both,both,both,both,both,both,both,both,both,both,both,both,both,both,both,both,both,both,both,both,both,both,both,both,both,both,both
road_2834,both,both,both,both,both,both,both,both,both,both,both,both,both,both,both,both,both,both,both,both,both,both,both,both,both,both,both,both,both,both,both
road_2835,both,both,both,both,both,both,both,both,both,both,both,both,both,both,both,both,both,both,both,both,both,both,both,both,both,both,both,both,both,both,both
road_2836,both,both,both,both,both,both,both,both,both,both,both,both,both,both,both,both,both,both,both,both,both,both,both,both,both,both,both,both,both,both,both
road_2837,both,both,both,both,both,both,both,both,both,both,both,both,both,both,both,both,both,both,both,both,both,both,both,both,both,both,both,both,both,both,both
road_2838,both,both,both,both,both,both,both,both,both,both,both,both,both,both,both,both,both,both,both,both,both,both,both,both,both,both,both,both,both,both,both
road_2839,both,both,both,both,both,both,both,both,both,both,both,both,both,both,both,both,both,both,both,both,both,both,both,both,both,both,both,both,both,both,both
road_2840,both,both,both,both,both,both,both,both,both,both,both,both,both,both,both,both,both,both,both,both,both,both,both,both,both,both,both,both,both,both,both
road_2841,both,both,both,both,both,both,both,both,both,both,both,both,both,both,both,both,both,both,both,both,both,both,both,both,both,both,both,both,both,both,both
road_2842,both,both,both,both,both,both,both,both,both,both,both,both,both,both,both,both,both,both,both,both,both,both,both,both,both,both,both,both,both,both,both
road_2843,both,both,both,both,both,both,both,both,both,both,both,both,both,both,both,both,both,both,both,both,both,both,both,both,both,both,both,both,both,both,both
road_2844,both,both,both,both,both,both,both,both,both,both,both,both,both,both,both,both,both,both,both,both,both,both,both,both,both,both,both,both,both,both,both
road_2845,both,both,both,both,both,both,both,both,both,both,both,both,both,both,both,both,both,both,both,both,both,both,both,both,both,both,both,both,both,both,both
road_2846,both,both,both,both,both,both,both,both,both,both,both,both,both,both,both,both,both,both,both,both,both,both,both,both,both,both,both,both,both,both,both
road_2847,both,both,both,both,both,both,both,both,both,both,both,both,both,both,both,both,both,both,both,both,both,both,both,both,both,both,both,both,both,both,both
road_2848,both,both,both,both,both,both,both,both,both,both,both,both,both,both,both,both,both,both,both,both,both,both,both,both,both,both,both,both,both,both,both
road_2849,both,both,both,both,both,both,both,both,both,both,both,both,both,both,both,both,both,both,both,both,both,both,both,both,both,both,both,both,both,both,both
road_2850,both,both,both,both,both,both,both,both,both,both,both,both,both,both,both,both,both,both,both,both,both,both,both,both,both,both,both,both,both,both,both
road_2851,both,both,both,both,both,both,both,both,both,both,both,both,both,both,both,both,both,both,both,both,both,both,both,both,both,both,both,both,both,both,both
road_2852,both,both,both,both,both,both,both,both,both,both,both,both,both,both,both,both,both,both,both,both,both,both,both,both,both,both,both,both,both,both,both
road_2853,both,both,both,both,both,both,both,both,both,both,both,both,both,both,both,both,both,both,both,both,both,both,both,both,both,both,both,both,both,both,both
road_2854,both,both,both,both,both,both,both,both,both,both,both,both,both,both,both,both,both,both,both,both,both,both,both,both,both,both,both,both,both,both,both
road_2855,both,both,both,both,both,both,both,both,both,both,both,both,both,both,both,both,both,both,both,both,both,both,both,both,both,both,both,both,both,both,both
road_2856,both,both,both,both,both,both,both,both,both,both,both,both,both,both,both,both,both,both,both,both,both,both,both,both,both,both,both,both,both,both,both
road_2857,both,both,both,both,both,both,both,both,both,both,both,both,both,both,both,both,both,both,both,both,both,both,both,both,both,both,both,both,both,both,both
road_2858,both,both,both,both,both,both,both,both,both,both,both,both,both,both,both,both,both,both,both,both,both,both,both,both,both,both,both,both,both,both,both
road_2859,both,both,both,both,both,both,both,both,both,both,both,both,both,both,both,both,both,both,both,both,both,both,both,both,both,both,both,both,both,both,both
road_2860,both,both,both,both,both,both,both,both,both,both,both,both,both,both,both,both,both,both,both,both,both,both,both,both,both,both,both,both,both,both,both
road_2861,both,both,both,both,both,both,both,both,both,both,both,both,both,both,both,both,both,both,both,both,both,both,both,both,both,both,both,both,both,both,both
road_2862,both,both,both,both,both,both,both,both,both,both,both,both,both,both,both,both,both,both,both,both,both,both,both,both,both,both,both,both,both,both,both
road_2863,both,both,both,both,both,both,both,both,both,both,both,both,both,both,both,both,both,both,both,both,both,both,both,both,both,both,both,both,both,both,both
road_2864,both,both,both,both,both,both,both,both,both,both,both,both,both,both,both,both,both,both,both,both,both,both,both,both,both,both,both,both,both,both,both
road_2865,both,both,both,both,both,both,both,both,both,both,both,both,both,both,both,both,both,both,both,both,both,both,both,both,both,both,both,both,both,both,both
road_2866,both,both,both,both,both,both,both,both,both,both,both,both,both,both,both,both,both,both,both,both,both,both,both,both,both,both,both,both,both,both,both
road_2867,both,both,both,both,both,both,both,both,both,both,both,both,both,both,both,both,both,both,both,both,both,both,both,both,both,both,both,both,both,both,both
road_2868,both,both,both,both,both,both,both,both,both,both,both,both,both,both,both,both,both,both,both,both,both,both,both,both,both,both,both,both,both,both,both
road_2869,both,both,both,both,both,both,both,both,both,both,both,both,both,both,both,both,both,both,both,both,both,both,both,both,both,both,both,both,both,both,both
road_2870,both,both,both,both,both,both,both,both,both,both,both,both,both,both,both,both,both,both,both,both,both,both,both,both,both,both,both,both,both,both,both
road_2871,both,both,both,both,both,both,both,both,both,both,both,both,both,both,both,both,both,both,both,both,both,both,both,both,both,both,both,both,both,both,both
road_2872,both,both,both,both,both,both,both,both,both,both,both,both,both,both,both,both,both,both,both,both,both,both,both,both,both,both,both,both,both,both,both
road_2873,both,both,both,both,both,both,both,both,both,both,both,both,both,both,both,both,both,both,both,both,both,both,both,both,both,both,both,both,both,both,both
road_2874,both,both,both,both,both,both,both,both,both,both,both,both,both,both,both,both,both,both,both,both,both,both,both,both,both,both,both,both,both,both,both
road_2875,both,both,both,both,both,both,both,both,both,both,both,both,both,both,both,both,both,both,both,both,both,both,both,both,both,both,both,both,both,both,both
road_2876,both,both,both,both,both,both,both,both,both,both,both,both,both,both,both,both,both,both,both,both,both,both,both,both,both,both,both,both,both,both,both
road_2877,both,both,both,both,both,both,both,both,both,both,both,both,both,both,both,both,both,both,both,both,both,both,both,both,both,both,both,both,both,both,both
road_2878,both,both,both,both,both,both,both,both,both,both,both,both,both,both,both,both,both,both,both,both,both,both,both,both,both,both,both,both,both,both,both
road_2879,both,both,both,both,both,both,both,both,both,both,both,both,both,both,both,both,both,both,both,both,both,both,both,both,both,both,both,both,both,both,both
road_2880,both,both,both,both,both,both,both,both,both,both,both,both,both,both,both,both,both,both,both,both,both,both,both,both,both,both,both,both,both,both,both
road_2881,both,both,both,both,both,both,both,both,both,both,both,both,both,both,both,both,both,both,both,both,both,both,both,both,both,both,both,both,both,both,both
road_2882,both,both,both,both,both,both,both,both,both,both,both,both,both,both,both,both,both,both,both,both,both,both,both,both,both,both,both,both,both,both,both
road_2883,both,both,both,both,both,both,both,both,both,both,both,both,both,both,both,both,both,both,both,both,both,both,both,both,both,both,both,both,both,both,both
road_2884,both,both,both,both,both,both,both,both,both,both,both,both,both,both,both,both,both,both,both,both,both,both,both,both,both,both,both,both,both,both,both
road_2885,both,both,both,both,both,both,both,both,both,both,both,both,both,both,both,both,both,both,both,both,both,both,both,both,both,both,both,both,both,both,both
road_2886,both,both,both,both,both,both,both,both,both,both,both,both,both,both,both,both,both,both,both,both,both,both,both,both,both,both,both,both,both,both,both
road_2887,both,both,both,both,both,both,both,both,both,both,both,both,both,both,both,both,both,both,both,both,both,both,both,both,both,both,both,both,both,both,both
road_2888,both,both,both,both,both,both,both,both,both,both,both,both,both,both,both,both,both,both,both,both,both,both,both,both,both,both,both,both,both,both,both
road_2889,both,both,both,both,both,both,both,both,both,both,both,both,both,both,both,both,both,both,both,both,both,both,both,both,both,both,both,both,both,both,both
road_2890,both,both,both,both,both,both,both,both,both,both,both,both,both,both,both,both,both,both,both,both,both,both,both,both,both,both,both,both,both,both,both
road_2891,both,both,both,both,both,both,both,both,both,both,both,both,both,both,both,both,both,both,both,both,both,both,both,both,both,both,both,both,both,both,both
road_2892,both,both,both,both,both,both,both,both,both,both,both,both,both,both,both,both,both,both,both,both,both,both,both,both,both,both,both,both,both,both,both
road_2893,both,both,both,both,both,both,both,both,both,both,both,both,both,both,both,both,both,both,both,both,both,both,both,both,both,both,both,both,both,both,both
road_2894,both,both,both,both,both,both,both,both,both,both,both,both,both,both,both,both,both,both,both,both,both,both,both,both,both,both,both,both,both,both,both
road_2895,both,both,both,both,both,both,both,both,both,both,both,both,both,both,both,both,both,both,both,both,both,both,both,both,both,both,both,both,both,both,both
road_2896,both,both,both,both,both,both,both,both,both,both,both,both,both,both,both,both,both,both,both,both,both,both,both,both,both,both,both,both,both,both,both
road_2897,both,both,both,both,both,both,both,both,both,both,both,both,both,both,both,both,both,both,both,both,both,both,both,both,both,both,both,both,both,both,both
road_2898,both,both,both,both,both,both,both,both,both,both,both,both,both,both,both,both,both,both,both,both,both,both,both,both,both,both,both,both,both,both,both
road_2899,both,both,both,both,both,both,both,both,both,both,both,both,both,both,both,both,both,both,both,both,both,both,both,both,both,both,both,both,both,both,both
road_2900,both,both,both,both,both,both,both,both,both,both,both,both,both,both,both,both,both,both,both,both,both,both,both,both,both,both,both,both,both,both,both
road_2901,both,both,both,both,both,both,both,both,both,both,both,both,both,both,both,both,both,both,both,both,both,both,both,both,both,both,both,both,both,both,both
road_2902,both,both,both,both,both,both,both,both,both,both,both,both,both,both,both,both,both,both,both,both,both,both,both,both,both,both,both,both,both,both,both
road_2903,both,both,both,both,both,both,both,both,both,both,both,both,both,both,both,both,both,both,both,both,both,both,both,both,both,both,both,both,both,both,both
road_2904,both,both,both,both,both,both,both,both,both,both,both,both,both,both,both,both,both,both,both,both,both,both,both,both,both,both,both,both,both,both,both
road_2905,both,both,both,both,both,both,both,both,both,both,both,both,both,both,both,both,both,both,both,both,both,both,both,both,both,both,both,both,both,both,both
road_2906,both,both,both,both,both,both,both,both,both,both,both,both,both,both,both,both,both,both,both,both,both,both,both,both,both,both,both,both,both,both,both
road_2907,both,both,both,both,both,both,both,both,both,both,both,both,both,both,both,both,both,both,both,both,both,both,both,both,both,both,both,both,both,both,both
road_2908,both,both,both,both,both,both,both,both,both,both,both,both,both,both,both,both,both,both,both,both,both,both,both,both,both,both,both,both,both,both,both
road_2909,both,both,both,both,both,both,both,both,both,both,both,both,both,both,both,both,both,both,both,both,both,both,both,both,both,both,both,both,both,both,both
road_2910,both,both,both,both,both,both,both,both,both,both,both,both,both,both,both,both,both,both,both,both,both,both,both,both,both,both,both,both,both,both,both
road_2911,both,both,both,both,both,both,both,both,both,both,both,both,both,both,both,both,both,both,both,both,both,both,both,both,both,both,both,both,both,both,both
road_2912,both,both,both,both,both,both,both,both,both,both,both,both,both,both,both,both,both,both,both,both,both,both,both,both,both,both,both,both,both,both,both
road_2913,both,both,both,both,both,both,both,both,both,both,both,both,both,both,both,both,both,both,both,both,both,both,both,both,both,both,both,both,both,both,both
road_2914,both,both,both,both,both,both,both,both,both,both,both,both,both,both,both,both,both,both,both,both,both,both,both,both,both,both,both,both,both,both,both
road_2915,both,both,both,both,both,both,both,both,both,both,both,both,both,both,both,both,both,both,both,both,both,both,both,both,both,both,both,both,both,both,both
road_2916,both,both,both,both,both,both,both,both,both,both,both,both,both,both,both,both,both,both,both,both,both,both,both,both,both,both,both,both,both,both,both
road_2917,both,both,both,both,both,both,both,both,both,both,both,both,both,both,both,both,both,both,both,both,both,both,both,both,both,both,both,both,both,both,both
road_2918,both,both,both,both,both,both,both,both,both,both,both,both,both,both,both,both,both,both,both,both,both,both,both,both,both,both,both,both,both,both,both
road_2919,both,both,both,both,both,both,both,both,both,both,both,both,both,both,both,both,both,both,both,both,both,both,both,both,both,both,both,both,both,both,both
road_2920,both,both,both,both,both,both,both,both,both,both,both,both,both,both,both,both,both,both,both,both,both,both,both,both,both,both,both,both,both,both,both
road_2921,both,both,both,both,both,both,both,both,both,both,both,both,both,both,both,both,both,both,both,both,both,both,both,both,both,both,both,both,both,both,both
road_2922,both,both,both,both,both,both,both,both,both,both,both,both,both,both,both,both,both,both,both,both,both,both,both,both,both,both,both,both,both,both,both
road_2923,both,both,both,both,both,both,both,both,both,both,both,both,both,both,both,both,both,both,both,both,both,both,both,both,both,both,both,both,both,both,both
road_2924,both,both,both,both,both,both,both,both,both,both,both,both,both,both,both,both,both,both,both,both,both,both,both,both,both,both,both,both,both,both,both
road_2925,both,both,both,both,both,both,both,both,both,both,both,both,both,both,both,both,both,both,both,both,both,both,both,both,both,both,both,both,both,both,both
road_2926,both,both,both,both,both,both,both,both,both,both,both,both,both,both,both,both,both,both,both,both,both,both,both,both,both,both,both,both,both,both,both
road_2927,both,both,both,both,both,both,both,both,both,both,both,both,both,both,both,both,both,both,both,both,both,both,both,both,both,both,both,both,both,both,both
road_2928,both,both,both,both,both,both,both,both,both,both,both,both,both,both,both,both,both,both,both,both,both,both,both,both,both,both,both,both,both,both,both
road_2929,both,both,both,both,both,both,both,both,both,both,both,both,both,both,both,both,both,both,both,both,both,both,both,both,both,both,both,both,both,both,both
road_2930,both,both,both,both,both,both,both,both,both,both,both,both,both,both,both,both,both,both,both,both,both,both,both,both,both,both,both,both,both,both,both
road_2931,both,both,both,both,both,both,both,both,both,both,both,both,both,both,both,both,both,both,both,both,both,both,both,both,both,both,both,both,both,both,both
road_2932,both,both,both,both,both,both,both,both,both,both,both,both,both,both,both,both,both,both,both,both,both,both,both,both,both,both,both,both,both,both,both
road_2933,both,both,both,both,both,both,both,both,both,both,both,both,both,both,both,both,both,both,both,both,both,both,both,both,both,both,both,both,both,both,both
road_2934,both,both,both,both,both,both,both,both,both,both,both,both,both,both,both,both,both,both,both,both,both,both,both,both,both,both,both,both,both,both,both
road_2935,both,both,both,both,both,both,both,both,both,both,both,both,both,both,both,both,both,both,both,both,both,both,both,both,both,both,both,both,both,both,both
road_2936,both,both,both,both,both,both,both,both,both,both,both,both,both,both,both,both,both,both,both,both,both,both,both,both,both,both,both,both,both,both,both
road_2937,both,both,both,both,both,both,both,both,both,both,both,both,both,both,both,both,both,both,both,both,both,both,both,both,both,both,both,both,both,both,both
road_2938,both,both,both,both,both,both,both,both,both,both,both,both,both,both,both,both,both,both,both,both,both,both,both,both,both,both,both,both,both,both,both
road_2939,both,both,both,both,both,both,both,both,both,both,both,both,both,both,both,both,both,both,both,both,both,both,both,both,both,both,both,both,both,both,both
road_2940,both,both,both,both,both,both,both,both,both,both,both,both,both,both,both,both,both,both,both,both,both,both,both,both,both,both,both,both,both,both,both
road_2941,both,both,both,both,both,both,both,both,both,both,both,both,both,both,both,both,both,both,both,both,both,both,both,both,both,both,both,both,both,both,both
road_2942,both,both,both,both,both,both,both,both,both,both,both,both,both,both,both,both,both,both,both,both,both,both,both,both,both,both,both,both,both,both,both
road_2943,both,both,both,both,both,both,both,both,both,both,both,both,both,both,both,both,both,both,both,both,both,both,both,both,both,both,both,both,both,both,both
road_2944,both,both,both,both,both,both,both,both,both,both,both,both,both,both,both,both,both,both,both,both,both,both,both,both,both,both,both,both,both,both,both
road_2945,both,both,both,both,both,both,both,both,both,both,both,both,both,both,both,both,both,both,both,both,both,both,both,both,both,both,both,both,both,both,both
road_2946,both,both,both,both,both,both,both,both,both,both,both,both,both,both,both,both,both,both,both,both,both,both,both,both,both,both,both,both,both,both,both
road_2947,both,both,both,both,both,both,both,both,both,both,both,both,both,both,both,both,both,both,both,both,both,both,both,both,both,both,both,both,both,both,both
road_2948,both,both,both,both,both,both,both,both,both,both,both,both,both,both,both,both,both,both,both,both,both,both,both,both,both,both,both,both,both,both,both
road_2949,both,both,both,both,both,both,both,both,both,both,both,both,both,both,both,both,both,both,both,both,both,both,both,both,both,both,both,both,both,both,both
road_2950,both,both,both,both,both,both,both,both,both,both,both,both,both,both,both,both,both,both,both,both,both,both,both,both,both,both,both,both,both,both,both
road_2951,both,both,both,both,both,both,both,both,both,both,both,both,both,both,both,both,both,both,both,both,both,both,both,both,both,both,both,both,both,both,both
road_2952,both,both,both,both,both,both,both,both,both,both,both,both,both,both,both,both,both,both,both,both,both,both,both,both,both,both,both,both,both,both,both
road_2953,both,both,both,both,both,both,both,both,both,both,both,both,both,both,both,both,both,both,both,both,both,both,both,both,both,both,both,both,both,both,both
road_2954,both,both,both,both,both,both,both,both,both,both,both,both,both,both,both,both,both,both,both,both,both,both,both,both,both,both,both,both,both,both,both
road_2955,both,both,both,both,both,both,both,both,both,both,both,both,both,both,both,both,both,both,both,both,both,both,both,both,both,both,both,both,both,both,both
road_2956,both,both,both,both,both,both,both,both,both,both,both,both,both,both,both,both,both,both,both,both,both,both,both,both,both,both,both,both,both,both,both
road_2957,both,both,both,both,both,both,both,both,both,both,both,both,both,both,both,both,both,both,both,both,both,both,both,both,both,both,both,both,both,both,both
road_2958,both,both,both,both,both,both,both,both,both,both,both,both,both,both,both,both,both,both,both,both,both,both,both,both,both,both,both,both,both,both,both
road_2959,both,both,both,both,both,both,both,both,both,both,both,both,both,both,both,both,both,both,both,both,both,both,both,both,both,both,both,both,both,both,both
road_2960,both,both,both,both,both,both,both,both,both,both,both,both,both,both,both,both,both,both,both,both,both,both,both,both,both,both,both,both,both,both,both
road_2961,both,both,both,both,both,both,both,both,both,both,both,both,both,both,both,both,both,both,both,both,both,both,both,both,both,both,both,both,both,both,both
road_2962,both,both,both,both,both,both,both,both,both,both,both,both,both,both,both,both,both,both,both,both,both,both,both,both,both,both,both,both,both,both,both
road_2963,both,both,both,both,both,both,both,both,both,both,both,both,both,both,both,both,both,both,both,both,both,both,both,both,both,both,both,both,both,both,both
road_2964,both,both,both,both,both,both,both,both,both,both,both,both,both,both,both,both,both,both,both,both,both,both,both,both,both,both,both,both,both,both,both
road_2965,both,both,both,both,both,both,both,both,both,both,both,both,both,both,both,both,both,both,both,both,both,both,both,both,both,both,both,both,both,both,both
road_2966,both,both,both,both,both,both,both,both,both,both,both,both,both,both,both,both,both,both,both,both,both,both,both,both,both,both,both,both,both,both,both
road_2967,both,both,both,both,both,both,both,both,both,both,both,both,both,both,both,both,both,both,both,both,both,both,both,both,both,both,both,both,both,both,both
road_2968,both,both,both,both,both,both,both,both,both,both,both,both,both,both,both,both,both,both,both,both,both,both,both,both,both,both,both,both,both,both,both
road_2969,both,both,both,both,both,both,both,both,both,both,both,both,both,both,both,both,both,both,both,both,both,both,both,both,both,both,both,both,both,both,both
road_2970,both,both,both,both,both,both,both,both,both,both,both,both,both,both,both,both,both,both,both,both,both,both,both,both,both,both,both,both,both,both,both
road_2971,both,both,both,both,both,both,both,both,both,both,both,both,both,both,both,both,both,both,both,both,both,both,both,both,both,both,both,both,both,both,both
road_2972,both,both,both,both,both,both,both,both,both,both,both,both,both,both,both,both,both,both,both,both,both,both,both,both,both,both,both,both,both,both,both
road_2973,both,both,both,both,both,both,both,both,both,both,both,both,both,both,both,both,both,both,both,both,both,both,both,both,both,both,both,both,both,both,both
road_2974,both,both,both,both,both,both,both,both,both,both,both,both,both,both,both,both,both,both,both,both,both,both,both,both,both,both,both,both,both,both,both
road_2975,both,both,both,both,both,both,both,both,both,both,both,both,both,both,both,both,both,both,both,both,both,both,both,both,both,both,both,both,both,both,both
road_2976,both,both,both,both,both,both,both,both,both,both,both,both,both,both,both,both,both,both,both,both,both,both,both,both,both,both,both,both,both,both,both
road_2977,both,both,both,both,both,both,both,both,both,both,both,both,both,both,both,both,both,both,both,both,both,both,both,both,both,both,both,both,both,both,both
road_2978,both,both,both,both,both,both,both,both,both,both,both,both,both,both,both,both,both,both,both,both,both,both,both,both,both,both,both,both,both,both,both
road_2979,both,both,both,both,both,both,both,both,both,both,both,both,both,both,both,both,both,both,both,both,both,both,both,both,both,both,both,both,both,both,both
road_2980,both,both,both,both,both,both,both,both,both,both,both,both,both,both,both,both,both,both,both,both,both,both,both,both,both,both,both,both,both,both,both
road_2981,both,both,both,both,both,both,both,both,both,both,both,both,both,both,both,both,both,both,both,both,both,both,both,both,both,both,both,both,both,both,both
road_2982,both,both,both,both,both,both,both,both,both,both,both,both,both,both,both,both,both,both,both,both,both,both,both,both,both,both,both,both,both,both,both
road_2983,both,both,both,both,both,both,both,both,both,both,both,both,both,both,both,both,both,both,both,both,both,both,both,both,both,both,both,both,both,both,both
road_2984,both,both,both,both,both,both,both,both,both,both,both,both,both,both,both,both,both,both,both,both,both,both,both,both,both,both,both,both,both,both,both
road_2985,both,both,both,both,both,both,both,both,both,both,both,both,both,both,both,both,both,both,both,both,both,both,both,both,both,both,both,both,both,both,both
road_2986,both,both,both,both,both,both,both,both,both,both,both,both,both,both,both,both,both,both,both,both,both,both,both,both,both,both,both,both,both,both,both
road_2987,both,both,both,both,both,both,both,both,both,both,both,both,both,both,both,both,both,both,both,both,both,both,both,both,both,both,both,both,both,both,both
road_2988,both,both,both,both,both,both,both,both,both,both,both,both,both,both,both,both,both,both,both,both,both,both,both,both,both,both,both,both,both,both,both
road_2989,both,both,both,both,both,both,both,both,both,both,both,both,both,both,both,both,both,both,both,both,both,both,both,both,both,both,both,both,both,both,both
road_2990,both,both,both,both,both,both,both,both,both,both,both,both,both,both,both,both,both,both,both,both,both,both,both,both,both,both,both,both,both,both,both
road_2991,both,both,both,both,both,both,both,both,both,both,both,both,both,both,both,both,both,both,both,both,both,both,both,both,both,both,both,both,both,both,both
road_2992,both,both,both,both,both,both,both,both,both,both,both,both,both,both,both,both,both,both,both,both,both,both,both,both,both,both,both,both,both,both,both
road_2993,both,both,both,both,both,both,both,both,both,both,both,both,both,both,both,both,both,both,both,both,both,both,both,both,both,both,both,both,both,both,both
road_2994,both,both,both,both,both,both,both,both,both,both,both,both,both,both,both,both,both,both,both,both,both,both,both,both,both,both,both,both,both,both,both
road_2995,both,both,both,both,both,both,both,both,both,both,both,both,both,both,both,both,both,both,both,both,both,both,both,both,both,both,both,both,both,both,both
road_2996,both,both,both,both,both,both,both,both,both,both,both,both,both,both,both,both,both,both,both,both,both,both,both,both,both,both,both,both,both,both,both
road_2997,both,both,both,both,both,both,both,both,both,both,both,both,both,both,both,both,both,both,both,both,both,both,both,both,both,both,both,both,both,both,both
road_2998,both,both,both,both,both,both,both,both,both,both,both,both,both,both,both,both,both,both,both,both,both,both,both,both,both,both,both,both,both,both,both
road_2999,both,both,both,both,both,both,both,both,both,both,both,both,both,both,both,both,both,both,both,both,both,both,both,both,both,both,both,both,both,both,both
road_3000,both,both,both,both,both,both,both,both,both,both,both,both,both,both,both,both,both,both,both,both,both,both,both,both,both,both,both,both,both,both,both
road_3001,both,both,both,both,both,both,both,both,both,both,both,both,both,both,both,both,both,both,both,both,both,both,both,both,both,both,both,both,both,both,both
road_3002,both,both,both,both,both,both,both,both,both,both,both,both,both,both,both,both,both,both,both,both,both,both,both,both,both,both,both,both,both,both,both
road_3003,both,both,both,both,both,both,both,both,both,both,both,both,both,both,both,both,both,both,both,both,both,both,both,both,both,both,both,both,both,both,both
road_3004,both,both,both,both,both,both,both,both,both,both,both,both,both,both,both,both,both,both,both,both,both,both,both,both,both,both,both,both,both,both,both
road_3005,both,both,both,both,both,both,both,both,both,both,both,both,both,both,both,both,both,both,both,both,both,both,both,both,both,both,both,both,both,both,both
road_3006,both,both,both,both,both,both,both,both,both,both,both,both,both,both,both,both,both,both,both,both,both,both,both,both,both,both,both,both,both,both,both
road_3007,both,both,both,both,both,both,both,both,both,both,both,both,both,both,both,both,both,both,both,both,both,both,both,both,both,both,both,both,both,both,both
road_3008,both,both,both,both,both,both,both,both,both,both,both,both,both,both,both,both,both,both,both,both,both,both,both,both,both,both,both,both,both,both,both
road_3009,both,both,both,both,both,both,both,both,both,both,both,both,both,both,both,both,both,both,both,both,both,both,both,both,both,both,both,both,both,both,both
road_3010,both,both,both,both,both,both,both,both,both,both,both,both,both,both,both,both,both,both,both,both,both,both,both,both,both,both,both,both,both,both,both
road_3011,both,both,both,both,both,both,both,both,both,both,both,both,both,both,both,both,both,both,both,both,both,both,both,both,both,both,both,both,both,both,both
road_3012,both,both,both,both,both,both,both,both,both,both,both,both,both,both,both,both,both,both,both,both,both,both,both,both,both,both,both,both,both,both,both
road_3013,both,both,both,both,both,both,both,both,both,both,both,both,both,both,both,both,both,both,both,both,both,both,both,both,both,both,both,both,both,both,both
road_3014,both,both,both,both,both,both,both,both,both,both,both,both,both,both,both,both,both,both,both,both,both,both,both,both,both,both,both,both,both,both,both
road_3015,both,both,both,both,both,both,both,both,both,both,both,both,both,both,both,both,both,both,both,both,both,both,both,both,both,both,both,both,both,both,both
road_3016,both,both,both,both,both,both,both,both,both,both,both,both,both,both,both,both,both,both,both,both,both,both,both,both,both,both,both,both,both,both,both
road_3017,both,both,both,both,both,both,both,both,both,both,both,both,both,both,both,both,both,both,both,both,both,both,both,both,both,both,both,both,both,both,both
road_3018,both,both,both,both,both,both,both,both,both,both,both,both,both,both,both,both,both,both,both,both,both,both,both,both,both,both,both,both,both,both,both
road_3019,both,both,both,both,both,both,both,both,both,both,both,both,both,both,both,both,both,both,both,both,both,both,both,both,both,both,both,both,both,both,both
road_3020,both,both,both,both,both,both,both,both,both,both,both,both,both,both,both,both,both,both,both,both,both,both,both,both,both,both,both,both,both,both,both
road_3021,both,both,both,both,both,both,both,both,both,both,both,both,both,both,both,both,both,both,both,both,both,both,both,both,both,both,both,both,both,both,both
road_3022,both,both,both,both,both,both,both,both,both,both,both,both,both,both,both,both,both,both,both,both,both,both,both,both,both,both,both,both,both,both,both
road_3023,both,both,both,both,both,both,both,both,both,both,both,both,both,both,both,both,both,both,both,both,both,both,both,both,both,both,both,both,both,both,both
road_3024,both,both,both,both,both,both,both,both,both,both,both,both,both,both,both,both,both,both,both,both,both,both,both,both,both,both,both,both,both,both,both
road_3025,both,both,both,both,both,both,both,both,both,both,both,both,both,both,both,both,both,both,both,both,both,both,both,both,both,both,both,both,both,both,both
road_3026,both,both,both,both,both,both,both,both,both,both,both,both,both,both,both,both,both,both,both,both,both,both,both,both,both,both,both,both,both,both,both
road_3027,both,both,both,both,both,both,both,both,both,both,both,both,both,both,both,both,both,both,both,both,both,both,both,both,both,both,both,both,both,both,both
road_3028,both,both,both,both,both,both,both,both,both,both,both,both,both,both,both,both,both,both,both,both,both,both,both,both,both,both,both,both,both,both,both
road_3029,both,both,both,both,both,both,both,both,both,both,both,both,both,both,both,both,both,both,both,both,both,both,both,both,both,both,both,both,both,both,both
road_3030,both,both,both,both,both,both,both,both,both,both,both,both,both,both,both,both,both,both,both,both,both,both,both,both,both,both,both,both,both,both,both
road_3031,both,both,both,both,both,both,both,both,both,both,both,both,both,both,both,both,both,both,both,both,both,both,both,both,both,both,both,both,both,both,both
road_3032,both,both,both,both,both,both,both,both,both,both,both,both,both,both,both,both,both,both,both,both,both,both,both,both,both,both,both,both,both,both,both
road_3033,both,both,both,both,both,both,both,both,both,both,both,both,both,both,both,both,both,both,both,both,both,both,both,both,both,both,both,both,both,both,both
road_3034,both,both,both,both,both,both,both,both,both,both,both,both,both,both,both,both,both,both,both,both,both,both,both,both,both,both,both,both,both,both,both
road_3035,both,both,both,both,both,both,both,both,both,both,both,both,both,both,both,both,both,both,both,both,both,both,both,both,both,both,both,both,both,both,both
road_3036,both,both,both,both,both,both,both,both,both,both,both,both,both,both,both,both,both,both,both,both,both,both,both,both,both,both,both,both,both,both,both
road_3037,both,both,both,both,both,both,both,both,both,both,both,both,both,both,both,both,both,both,both,both,both,both,both,both,both,both,both,both,both,both,both
road_3038,both,both,both,both,both,both,both,both,both,both,both,both,both,both,both,both,both,both,both,both,both,both,both,both,both,both,both,both,both,both,both
road_3039,both,both,both,both,both,both,both,both,both,both,both,both,both,both,both,both,both,both,both,both,both,both,both,both,both,both,both,both,both,both,both
road_3040,both,both,both,both,both,both,both,both,both,both,both,both,both,both,both,both,both,both,both,both,both,both,both,both,both,both,both,both,both,both,both
road_3041,both,both,both,both,both,both,both,both,both,both,both,both,both,both,both,both,both,both,both,both,both,both,both,both,both,both,both,both,both,both,both
road_3042,both,both,both,both,both,both,both,both,both,both,both,both,both,both,both,both,both,both,both,both,both,both,both,both,both,both,both,both,both,both,both
road_3043,both,both,both,both,both,both,both,both,both,both,both,both,both,both,both,both,both,both,both,both,both,both,both,both,both,both,both,both,both,both,both
road_3044,both,both,both,both,both,both,both,both,both,both,both,both,both,both,both,both,both,both,both,both,both,both,both,both,both,both,both,both,both,both,both
road_3045,both,both,both,both,both,both,both,both,both,both,both,both,both,both,both,both,both,both,both,both,both,both,both,both,both,both,both,both,both,both,both
road_3046,both,both,both,both,both,both,both,both,both,both,both,both,both,both,both,both,both,both,both,both,both,both,both,both,both,both,both,both,both,both,both
road_3047,both,both,both,both,both,both,both,both,both,both,both,both,both,both,both,both,both,both,both,both,both,both,both,both,both,both,both,both,both,both,both
road_3048,both,both,both,both,both,both,both,both,both,both,both,both,both,both,both,both,both,both,both,both,both,both,both,both,both,both,both,both,both,both,both
road_3049,both,both,both,both,both,both,both,both,both,both,both,both,both,both,both,both,both,both,both,both,both,both,both,both,both,both,both,both,both,both,both
road_3050,both,both,both,both,both,both,both,both,both,both,both,both,both,both,both,both,both,both,both,both,both,both,both,both,both,both,both,both,both,both,both
road_3051,both,both,both,both,both,both,both,both,both,both,both,both,both,both,both,both,both,both,both,both,both,both,both,both,both,both,both,both,both,both,both
road_3052,both,both,both,both,both,both,both,both,both,both,both,both,both,both,both,both,both,both,both,both,both,both,both,both,both,both,both,both,both,both,both
road_3053,both,both,both,both,both,both,both,both,both,both,both,both,both,both,both,both,both,both,both,both,both,both,both,both,both,both,both,both,both,both,both
road_3054,both,both,both,both,both,both,both,both,both,both,both,both,both,both,both,both,both,both,both,both,both,both,both,both,both,both,both,both,both,both,both
road_3055,both,both,both,both,both,both,both,both,both,both,both,both,both,both,both,both,both,both,both,both,both,both,both,both,both,both,both,both,both,both,both
road_3056,both,both,both,both,both,both,both,both,both,both,both,both,both,both,both,both,both,both,both,both,both,both,both,both,both,both,both,both,both,both,both
road_3057,both,both,both,both,both,both,both,both,both,both,both,both,both,both,both,both,both,both,both,both,both,both,both,both,both,both,both,both,both,both,both
road_3058,both,both,both,both,both,both,both,both,both,both,both,both,both,both,both,both,both,both,both,both,both,both,both,both,both,both,both,both,both,both,both
road_3059,both,both,both,both,both,both,both,both,both,both,both,both,both,both,both,both,both,both,both,both,both,both,both,both,both,both,both,both,both,both,both
road_3060,both,both,both,both,both,both,both,both,both,both,both,both,both,both,both,both,both,both,both,both,both,both,both,both,both,both,both,both,both,both,both
road_3061,both,both,both,both,both,both,both,both,both,both,both,both,both,both,both,both,both,both,both,both,both,both,both,both,both,both,both,both,both,both,both
road_3062,both,both,both,both,both,both,both,both,both,both,both,both,both,both,both,both,both,both,both,both,both,both,both,both,both,both,both,both,both,both,both
road_3063,both,both,both,both,both,both,both,both,both,both,both,both,both,both,both,both,both,both,both,both,both,both,both,both,both,both,both,both,both,both,both
road_3064,both,both,both,both,both,both,both,both,both,both,both,both,both,both,both,both,both,both,both,both,both,both,both,both,both,both,both,both,both,both,both
road_3065,both,both,both,both,both,both,both,both,both,both,both,both,both,both,both,both,both,both,both,both,both,both,both,both,both,both,both,both,both,both,both
road_3066,both,both,both,both,both,both,both,both,both,both,both,both,both,both,both,both,both,both,both,both,both,both,both,both,both,both,both,both,both,both,both
road_3067,both,both,both,both,both,both,both,both,both,both,both,both,both,both,both,both,both,both,both,both,both,both,both,both,both,both,both,both,both,both,both
road_3068,both,both,both,both,both,both,both,both,both,both,both,both,both,both,both,both,both,both,both,both,both,both,both,both,both,both,both,both,both,both,both
road_3069,both,both,both,both,both,both,both,both,both,both,both,both,both,both,both,both,both,both,both,both,both,both,both,both,both,both,both,both,both,both,both
road_3070,both,both,both,both,both,both,both,both,both,both,both,both,both,both,both,both,both,both,both,both,both,both,both,both,both,both,both,both,both,both,both
road_3071,both,both,both,both,both,both,both,both,both,both,both,both,both,both,both,both,both,both,both,both,both,both,both,both,both,both,both,both,both,both,both
road_3072,both,both,both,both,both,both,both,both,both,both,both,both,both,both,both,both,both,both,both,both,both,both,both,both,both,both,both,both,both,both,both
road_3073,both,both,both,both,both,both,both,both,both,both,both,both,both,both,both,both,both,both,both,both,both,both,both,both,both,both,both,both,both,both,both
road_3074,both,both,both,both,both,both,both,both,both,both,both,both,both,both,both,both,both,both,both,both,both,both,both,both,both,both,both,both,both,both,both
road_3075,both,both,both,both,both,both,both,both,both,both,both,both,both,both,both,both,both,both,both,both,both,both,both,both,both,both,both,both,both,both,both
road_3076,both,both,both,both,both,both,both,both,both,both,both,both,both,both,both,both,both,both,both,both,both,both,both,both,both,both,both,both,both,both,both
road_3077,both,both,both,both,both,both,both,both,both,both,both,both,both,both,both,both,both,both,both,both,both,both,both,both,both,both,both,both,both,both,both
road_3078,both,both,both,both,both,both,both,both,both,both,both,both,both,both,both,both,both,both,both,both,both,both,both,both,both,both,both,both,both,both,both
road_3079,both,both,both,both,both,both,both,both,both,both,both,both,both,both,both,both,both,both,both,both,both,both,both,both,both,both,both,both,both,both,both
road_3080,both,both,both,both,both,both,both,both,both,both,both,both,both,both,both,both,both,both,both,both,both,both,both,both,both,both,both,both,both,both,both
road_3081,both,both,both,both,both,both,both,both,both,both,both,both,both,both,both,both,both,both,both,both,both,both,both,both,both,both,both,both,both,both,both
road_3082,both,both,both,both,both,both,both,both,both,both,both,both,both,both,both,both,both,both,both,both,both,both,both,both,both,both,both,both,both,both,both
road_3083,both,both,both,both,both,both,both,both,both,both,both,both,both,both,both,both,both,both,both,both,both,both,both,both,both,both,both,both,both,both,both
road_3084,both,both,both,both,both,both,both,both,both,both,both,both,both,both,both,both,both,both,both,both,both,both,both,both,both,both,both,both,both,both,both
road_3085,both,both,both,both,both,both,both,both,both,both,both,both,both,both,both,both,both,both,both,both,both,both,both,both,both,both,both,both,both,both,both
road_3086,both,both,both,both,both,both,both,both,both,both,both,both,both,both,both,both,both,both,both,both,both,both,both,both,both,both,both,both,both,both,both
road_3087,both,both,both,both,both,both,both,both,both,both,both,both,both,both,both,both,both,both,both,both,both,both,both,both,both,both,both,both,both,both,both
road_3088,both,both,both,both,both,both,both,both,both,both,both,both,both,both,both,both,both,both,both,both,both,both,both,both,both,both,both,both,both,both,both
road_3089,both,both,both,both,both,both,both,both,both,both,both,both,both,both,both,both,both,both,both,both,both,both,both,both,both,both,both,both,both,both,both
road_3090,both,both,both,both,both,both,both,both,both,both,both,both,both,both,both,both,both,both,both,both,both,both,both,both,both,both,both,both,both,both,both
road_3091,both,both,both,both,both,both,both,both,both,both,both,both,both,both,both,both,both,both,both,both,both,both,both,both,both,both,both,both,both,both,both
road_3092,both,both,both,both,both,both,both,both,both,both,both,both,both,both,both,both,both,both,both,both,both,both,both,both,both,both,both,both,both,both,both
road_3093,both,both,both,both,both,both,both,both,both,both,both,both,both,both,both,both,both,both,both,both,both,both,both,both,both,both,both,both,both,both,both
road_3094,both,both,both,both,both,both,both,both,both,both,both,both,both,both,both,both,both,both,both,both,both,both,both,both,both,both,both,both,both,both,both
road_3095,both,both,both,both,both,both,both,both,both,both,both,both,both,both,both,both,both,both,both,both,both,both,both,both,both,both,both,both,both,both,both
road_3096,both,both,both,both,both,both,both,both,both,both,both,both,both,both,both,both,both,both,both,both,both,both,both,both,both,both,both,both,both,both,both
road_3097,both,both,both,both,both,both,both,both,both,both,both,both,both,both,both,both,both,both,both,both,both,both,both,both,both,both,both,both,both,both,both
road_3098,both,both,both,both,both,both,both,both,both,both,both,both,both,both,both,both,both,both,both,both,both,both,both,both,both,both,both,both,both,both,both
road_3099,both,both,both,both,both,both,both,both,both,both,both,both,both,both,both,both,both,both,both,both,both,both,both,both,both,both,both,both,both,both,both
road_3100,both,both,both,both,both,both,both,both,both,both,both,both,both,both,both,both,both,both,both,both,both,both,both,both,both,both,both,both,both,both,both
road_3101,both,both,both,both,both,both,both,both,both,both,both,both,both,both,both,both,both,both,both,both,both,both,both,both,both,both,both,both,both,both,both
road_3102,both,both,both,both,both,both,both,both,both,both,both,both,both,both,both,both,both,both,both,both,both,both,both,both,both,both,both,both,both,both,both
road_3103,both,both,both,both,both,both,both,both,both,both,both,both,both,both,both,both,both,both,both,both,both,both,both,both,both,both,both,both,both,both,both
road_3104,both,both,both,both,both,both,both,both,both,both,both,both,both,both,both,both,both,both,both,both,both,both,both,both,both,both,both,both,both,both,both
road_3105,both,both,both,both,both,both,both,both,both,both,both,both,both,both,both,both,both,both,both,both,both,both,both,both,both,both,both,both,both,both,both
road_3106,both,both,both,both,both,both,both,both,both,both,both,both,both,both,both,both,both,both,both,both,both,both,both,both,both,both,both,both,both,both,both
road_3107,both,both,both,both,both,both,both,both,both,both,both,both,both,both,both,both,both,both,both,both,both,both,both,both,both,both,both,both,both,both,both
road_3108,both,both,both,both,both,both,both,both,both,both,both,both,both,both,both,both,both,both,both,both,both,both,both,both,both,both,both,both,both,both,both
road_3109,both,both,both,both,both,both,both,both,both,both,both,both,both,both,both,both,both,both,both,both,both,both,both,both,both,both,both,both,both,both,both
road_3110,both,both,both,both,both,both,both,both,both,both,both,both,both,both,both,both,both,both,both,both,both,both,both,both,both,both,both,both,both,both,both
road_3111,both,both,both,both,both,both,both,both,both,both,both,both,both,both,both,both,both,both,both,both,both,both,both,both,both,both,both,both,both,both,both
road_3112,both,both,both,both,both,both,both,both,both,both,both,both,both,both,both,both,both,both,both,both,both,both,both,both,both,both,both,both,both,both,both
road_3113,both,both,both,both,both,both,both,both,both,both,both,both,both,both,both,both,both,both,both,both,both,both,both,both,both,both,both,both,both,both,both
road_3114,both,both,both,both,both,both,both,both,both,both,both,both,both,both,both,both,both,both,both,both,both,both,both,both,both,both,both,both,both,both,both
road_3115,both,both,both,both,both,both,both,both,both,both,both,both,both,both,both,both,both,both,both,both,both,both,both,both,both,both,both,both,both,both,both
road_3116,both,both,both,both,both,both,both,both,both,both,both,both,both,both,both,both,both,both,both,both,both,both,both,both,both,both,both,both,both,both,both
road_3117,both,both,both,both,both,both,both,both,both,both,both,both,both,both,both,both,both,both,both,both,both,both,both,both,both,both,both,both,both,both,both
road_3118,both,both,both,both,both,both,both,both,both,both,both,both,both,both,both,both,both,both,both,both,both,both,both,both,both,both,both,both,both,both,both
road_3119,both,both,both,both,both,both,both,both,both,both,both,both,both,both,both,both,both,both,both,both,both,both,both,both,both,both,both,both,both,both,both
road_3120,both,both,both,both,both,both,both,both,both,both,both,both,both,both,both,both,both,both,both,both,both,both,both,both,both,both,both,both,both,both,both
road_3121,both,both,both,both,both,both,both,both,both,both,both,both,both,both,both,both,both,both,both,both,both,both,both,both,both,both,both,both,both,both,both
road_3122,both,both,both,both,both,both,both,both,both,both,both,both,both,both,both,both,both,both,both,both,both,both,both,both,both,both,both,both,both,both,both
road_3123,both,both,both,both,both,both,both,both,both,both,both,both,both,both,both,both,both,both,both,both,both,both,both,both,both,both,both,both,both,both,both
road_3124,both,both,both,both,both,both,both,both,both,both,both,both,both,both,both,both,both,both,both,both,both,both,both,both,both,both,both,both,both,both,both
road_3125,both,both,both,both,both,both,both,both,both,both,both,both,both,both,both,both,both,both,both,both,both,both,both,both,both,both,both,both,both,both,both
road_3126,both,both,both,both,both,both,both,both,both,both,both,both,both,both,both,both,both,both,both,both,both,both,both,both,both,both,both,both,both,both,both
road_3127,both,both,both,both,both,both,both,both,both,both,both,both,both,both,both,both,both,both,both,both,both,both,both,both,both,both,both,both,both,both,both
road_3128,both,both,both,both,both,both,both,both,both,both,both,both,both,both,both,both,both,both,both,both,both,both,both,both,both,both,both,both,both,both,both
road_3129,both,both,both,both,both,both,both,both,both,both,both,both,both,both,both,both,both,both,both,both,both,both,both,both,both,both,both,both,both,both,both
road_3130,both,both,both,both,both,both,both,both,both,both,both,both,both,both,both,both,both,both,both,both,both,both,both,both,both,both,both,both,both,both,both
road_3131,both,both,both,both,both,both,both,both,both,both,both,both,both,both,both,both,both,both,both,both,both,both,both,both,both,both,both,both,both,both,both
road_3132,both,both,both,both,both,both,both,both,both,both,both,both,both,both,both,both,both,both,both,both,both,both,both,both,both,both,both,both,both,both,both
road_3133,both,both,both,both,both,both,both,both,both,both,both,both,both,both,both,both,both,both,both,both,both,both,both,both,both,both,both,both,both,both,both
road_3134,both,both,both,both,both,both,both,both,both,both,both,both,both,both,both,both,both,both,both,both,both,both,both,both,both,both,both,both,both,both,both
road_3135,both,both,both,both,both,both,both,both,both,both,both,both,both,both,both,both,both,both,both,both,both,both,both,both,both,both,both,both,both,both,both
road_3136,both,both,both,both,both,both,both,both,both,both,both,both,both,both,both,both,both,both,both,both,both,both,both,both,both,both,both,both,both,both,both
road_3137,both,both,both,both,both,both,both,both,both,both,both,both,both,both,both,both,both,both,both,both,both,both,both,both,both,both,both,both,both,both,both
road_3138,both,both,both,both,both,both,both,both,both,both,both,both,both,both,both,both,both,both,both,both,both,both,both,both,both,both,both,both,both,both,both
road_3139,both,both,both,both,both,both,both,both,both,both,both,both,both,both,both,both,both,both,both,both,both,both,both,both,both,both,both,both,both,both,both
road_3140,both,both,both,both,both,both,both,both,both,both,both,both,both,both,both,both,both,both,both,both,both,both,both,both,both,both,both,both,both,both,both
road_3141,both,both,both,both,both,both,both,both,both,both,both,both,both,both,both,both,both,both,both,both,both,both,both,both,both,both,both,both,both,both,both
road_3142,both,both,both,both,both,both,both,both,both,both,both,both,both,both,both,both,both,both,both,both,both,both,both,both,both,both,both,both,both,both,both
road_3143,both,both,both,both,both,both,both,both,both,both,both,both,both,both,both,both,both,both,both,both,both,both,both,both,both,both,both,both,both,both,both
road_3144,both,both,both,both,both,both,both,both,both,both,both,both,both,both,both,both,both,both,both,both,both,both,both,both,both,both,both,both,both,both,both
road_3145,both,both,both,both,both,both,both,both,both,both,both,both,both,both,both,both,both,both,both,both,both,both,both,both,both,both,both,both,both,both,both
road_3146,both,both,both,both,both,both,both,both,both,both,both,both,both,both,both,both,both,both,both,both,both,both,both,both,both,both,both,both,both,both,both
road_3147,both,both,both,both,both,both,both,both,both,both,both,both,both,both,both,both,both,both,both,both,both,both,both,both,both,both,both,both,both,both,both
road_3148,both,both,both,both,both,both,both,both,both,both,both,both,both,both,both,both,both,both,both,both,both,both,both,both,both,both,both,both,both,both,both
road_3149,both,both,both,both,both,both,both,both,both,both,both,both,both,both,both,both,both,both,both,both,both,both,both,both,both,both,both,both,both,both,both
road_3150,both,both,both,both,both,both,both,both,both,both,both,both,both,both,both,both,both,both,both,both,both,both,both,both,both,both,both,both,both,both,both
road_3151,both,both,both,both,both,both,both,both,both,both,both,both,both,both,both,both,both,both,both,both,both,both,both,both,both,both,both,both,both,both,both
road_3152,both,both,both,both,both,both,both,both,both,both,both,both,both,both,both,both,both,both,both,both,both,both,both,both,both,both,both,both,both,both,both
road_3153,both,both,both,both,both,both,both,both,both,both,both,both,both,both,both,both,both,both,both,both,both,both,both,both,both,both,both,both,both,both,both
road_3154,both,both,both,both,both,both,both,both,both,both,both,both,both,both,both,both,both,both,both,both,both,both,both,both,both,both,both,both,both,both,both
road_3155,both,both,both,both,both,both,both,both,both,both,both,both,both,both,both,both,both,both,both,both,both,both,both,both,both,both,both,both,both,both,both
road_3156,both,both,both,both,both,both,both,both,both,both,both,both,both,both,both,both,both,both,both,both,both,both,both,both,both,both,both,both,both,both,both
road_3157,both,both,both,both,both,both,both,both,both,both,both,both,both,both,both,both,both,both,both,both,both,both,both,both,both,both,both,both,both,both,both
road_3158,both,both,both,both,both,both,both,both,both,both,both,both,both,both,both,both,both,both,both,both,both,both,both,both,both,both,both,both,both,both,both
road_3159,both,both,both,both,both,both,both,both,both,both,both,both,both,both,both,both,both,both,both,both,both,both,both,both,both,both,both,both,both,both,both
road_3160,both,both,both,both,both,both,both,both,both,both,both,both,both,both,both,both,both,both,both,both,both,both,both,both,both,both,both,both,both,both,both
road_3161,both,both,both,both,both,both,both,both,both,both,both,both,both,both,both,both,both,both,both,both,both,both,both,both,both,both,both,both,both,both,both
road_3162,both,both,both,both,both,both,both,both,both,both,both,both,both,both,both,both,both,both,both,both,both,both,both,both,both,both,both,both,both,both,both
road_3163,both,both,both,both,both,both,both,both,both,both,both,both,both,both,both,both,both,both,both,both,both,both,both,both,both,both,both,both,both,both,both
road_3164,both,both,both,both,both,both,both,both,both,both,both,both,both,both,both,both,both,both,both,both,both,both,both,both,both,both,both,both,both,both,both
road_3165,both,both,both,both,both,both,both,both,both,both,both,both,both,both,both,both,both,both,both,both,both,both,both,both,both,both,both,both,both,both,both
road_3166,both,both,both,both,both,both,both,both,both,both,both,both,both,both,both,both,both,both,both,both,both,both,both,both,both,both,both,both,both,both,both
road_3167,both,both,both,both,both,both,both,both,both,both,both,both,both,both,both,both,both,both,both,both,both,both,both,both,both,both,both,both,both,both,both
road_3168,both,both,both,both,both,both,both,both,both,both,both,both,both,both,both,both,both,both,both,both,both,both,both,both,both,both,both,both,both,both,both
road_3169,both,both,both,both,both,both,both,both,both,both,both,both,both,both,both,both,both,both,both,both,both,both,both,both,both,both,both,both,both,both,both
road_3170,both,both,both,both,both,both,both,both,both,both,both,both,both,both,both,both,both,both,both,both,both,both,both,both,both,both,both,both,both,both,both
road_3171,both,both,both,both,both,both,both,both,both,both,both,both,both,both,both,both,both,both,both,both,both,both,both,both,both,both,both,both,both,both,both
road_3172,both,both,both,both,both,both,both,both,both,both,both,both,both,both,both,both,both,both,both,both,both,both,both,both,both,both,both,both,both,both,both
road_3173,both,both,both,both,both,both,both,both,both,both,both,both,both,both,both,both,both,both,both,both,both,both,both,both,both,both,both,both,both,both,both
road_3174,both,both,both,both,both,both,both,both,both,both,both,both,both,both,both,both,both,both,both,both,both,both,both,both,both,both,both,both,both,both,both
road_3175,both,both,both,both,both,both,both,both,both,both,both,both,both,both,both,both,both,both,both,both,both,both,both,both,both,both,both,both,both,both,both
road_3176,both,both,both,both,both,both,both,both,both,both,both,both,both,both,both,both,both,both,both,both,both,both,both,both,both,both,both,both,both,both,both
road_3177,both,both,both,both,both,both,both,both,both,both,both,both,both,both,both,both,both,both,both,both,both,both,both,both,both,both,both,both,both,both,both
road_3178,both,both,both,both,both,both,both,both,both,both,both,both,both,both,both,both,both,both,both,both,both,both,both,both,both,both,both,both,both,both,both
road_3179,both,both,both,both,both,both,both,both,both,both,both,both,both,both,both,both,both,both,both,both,both,both,both,both,both,both,both,both,both,both,both
road_3180,both,both,both,both,both,both,both,both,both,both,both,both,both,both,both,both,both,both,both,both,both,both,both,both,both,both,both,both,both,both,both
road_3181,both,both,both,both,both,both,both,both,both,both,both,both,both,both,both,both,both,both,both,both,both,both,both,both,both,both,both,both,both,both,both
road_3182,both,both,both,both,both,both,both,both,both,both,both,both,both,both,both,both,both,both,both,both,both,both,both,both,both,both,both,both,both,both,both
road_3183,both,both,both,both,both,both,both,both,both,both,both,both,both,both,both,both,both,both,both,both,both,both,both,both,both,both,both,both,both,both,both
road_3184,both,both,both,both,both,both,both,both,both,both,both,both,both,both,both,both,both,both,both,both,both,both,both,both,both,both,both,both,both,both,both
road_3185,both,both,both,both,both,both,both,both,both,both,both,both,both,both,both,both,both,both,both,both,both,both,both,both,both,both,both,both,both,both,both
road_3186,both,both,both,both,both,both,both,both,both,both,both,both,both,both,both,both,both,both,both,both,both,both,both,both,both,both,both,both,both,both,both
road_3187,both,both,both,both,both,both,both,both,both,both,both,both,both,both,both,both,both,both,both,both,both,both,both,both,both,both,both,both,both,both,both
road_3188,both,both,both,both,both,both,both,both,both,both,both,both,both,both,both,both,both,both,both,both,both,both,both,both,both,both,both,both,both,both,both
road_3189,both,both,both,both,both,both,both,both,both,both,both,both,both,both,both,both,both,both,both,both,both,both,both,both,both,both,both,both,both,both,both
road_3190,both,both,both,both,both,both,both,both,both,both,both,both,both,both,both,both,both,both,both,both,both,both,both,both,both,both,both,both,both,both,both
road_3191,both,both,both,both,both,both,both,both,both,both,both,both,both,both,both,both,both,both,both,both,both,both,both,both,both,both,both,both,both,both,both
road_3192,both,both,both,both,both,both,both,both,both,both,both,both,both,both,both,both,both,both,both,both,both,both,both,both,both,both,both,both,both,both,both
road_3193,both,both,both,both,both,both,both,both,both,both,both,both,both,both,both,both,both,both,both,both,both,both,both,both,both,both,both,both,both,both,both
road_3194,both,both,both,both,both,both,both,both,both,both,both,both,both,both,both,both,both,both,both,both,both,both,both,both,both,both,both,both,both,both,both
road_3195,both,both,both,both,both,both,both,both,both,both,both,both,both,both,both,both,both,both,both,both,both,both,both,both,both,both,both,both,both,both,both
road_3196,both,both,both,both,both,both,both,both,both,both,both,both,both,both,both,both,both,both,both,both,both,both,both,both,both,both,both,both,both,both,both
road_3197,both,both,both,both,both,both,both,both,both,both,both,both,both,both,both,both,both,both,both,both,both,both,both,both,both,both,both,both,both,both,both
road_3198,both,both,both,both,both,both,both,both,both,both,both,both,both,both,both,both,both,both,both,both,both,both,both,both,both,both,both,both,both,both,both
road_3199,both,both,both,both,both,both,both,both,both,both,both,both,both,both,both,both,both,both,both,both,both,both,both,both,both,both,both,both,both,both,both
road_3200,both,both,both,both,both,both,both,both,both,both,both,both,both,both,both,both,both,both,both,both,both,both,both,both,both,both,both,both,both,both,both
road_3201,both,both,both,both,both,both,both,both,both,both,both,both,both,both,both,both,both,both,both,both,both,both,both,both,both,both,both,both,both,both,both
road_3202,both,both,both,both,both,both,both,both,both,both,both,both,both,both,both,both,both,both,both,both,both,both,both,both,both,both,both,both,both,both,both
road_3203,both,both,both,both,both,both,both,both,both,both,both,both,both,both,both,both,both,both,both,both,both,both,both,both,both,both,both,both,both,both,both
road_3204,both,both,both,both,both,both,both,both,both,both,both,both,both,both,both,both,both,both,both,both,both,both,both,both,both,both,both,both,both,both,both
road_3205,both,both,both,both,both,both,both,both,both,both,both,both,both,both,both,both,both,both,both,both,both,both,both,both,both,both,both,both,both,both,both
road_3206,both,both,both,both,both,both,both,both,both,both,both,both,both,both,both,both,both,both,both,both,both,both,both,both,both,both,both,both,both,both,both
road_3207,both,both,both,both,both,both,both,both,both,both,both,both,both,both,both,both,both,both,both,both,both,both,both,both,both,both,both,both,both,both,both
road_3208,both,both,both,both,both,both,both,both,both,both,both,both,both,both,both,both,both,both,both,both,both,both,both,both,both,both,both,both,both,both,both
road_3209,both,both,both,both,both,both,both,both,both,both,both,both,both,both,both,both,both,both,both,both,both,both,both,both,both,both,both,both,both,both,both
road_3210,both,both,both,both,both,both,both,both,both,both,both,both,both,both,both,both,both,both,both,both,both,both,both,both,both,both,both,both,both,both,both
road_3211,both,both,both,both,both,both,both,both,both,both,both,both,both,both,both,both,both,both,both,both,both,both,both,both,both,both,both,both,both,both,both
road_3212,both,both,both,both,both,both,both,both,both,both,both,both,both,both,both,both,both,both,both,both,both,both,both,both,both,both,both,both,both,both,both
road_3213,both,both,both,both,both,both,both,both,both,both,both,both,both,both,both,both,both,both,both,both,both,both,both,both,both,both,both,both,both,both,both
road_3214,both,both,both,both,both,both,both,both,both,both,both,both,both,both,both,both,both,both,both,both,both,both,both,both,both,both,both,both,both,both,both
road_3215,both,both,both,both,both,both,both,both,both,both,both,both,both,both,both,both,both,both,both,both,both,both,both,both,both,both,both,both,both,both,both
road_3216,both,both,both,both,both,both,both,both,both,both,both,both,both,both,both,both,both,both,both,both,both,both,both,both,both,both,both,both,both,both,both
road_3217,both,both,both,both,both,both,both,both,both,both,both,both,both,both,both,both,both,both,both,both,both,both,both,both,both,both,both,both,both,both,both
road_3218,both,both,both,both,both,both,both,both,both,both,both,both,both,both,both,both,both,both,both,both,both,both,both,both,both,both,both,both,both,both,both
road_3219,both,both,both,both,both,both,both,both,both,both,both,both,both,both,both,both,both,both,both,both,both,both,both,both,both,both,both,both,both,both,both
road_3220,both,both,both,both,both,both,both,both,both,both,both,both,both,both,both,both,both,both,both,both,both,both,both,both,both,both,both,both,both,both,both
road_3221,both,both,both,both,both,both,both,both,both,both,both,both,both,both,both,both,both,both,both,both,both,both,both,both,both,both,both,both,both,both,both
road_3222,both,both,both,both,both,both,both,both,both,both,both,both,both,both,both,both,both,both,both,both,both,both,both,both,both,both,both,both,both,both,both
road_3223,both,both,both,both,both,both,both,both,both,both,both,both,both,both,both,both,both,both,both,both,both,both,both,both,both,both,both,both,both,both,both
road_3224,both,both,both,both,both,both,both,both,both,both,both,both,both,both,both,both,both,both,both,both,both,both,both,both,both,both,both,both,both,both,both
road_3225,both,both,both,both,both,both,both,both,both,both,both,both,both,both,both,both,both,both,both,both,both,both,both,both,both,both,both,both,both,both,both
road_3226,both,both,both,both,both,both,both,both,both,both,both,both,both,both,both,both,both,both,both,both,both,both,both,both,both,both,both,both,both,both,both
road_3227,both,both,both,both,both,both,both,both,both,both,both,both,both,both,both,both,both,both,both,both,both,both,both,both,both,both,both,both,both,both,both
road_3228,both,both,both,both,both,both,both,both,both,both,both,both,both,both,both,both,both,both,both,both,both,both,both,both,both,both,both,both,both,both,both
road_3229,both,both,both,both,both,both,both,both,both,both,both,both,both,both,both,both,both,both,both,both,both,both,both,both,both,both,both,both,both,both,both
road_3230,both,both,both,both,both,both,both,both,both,both,both,both,both,both,both,both,both,both,both,both,both,both,both,both,both,both,both,both,both,both,both
road_3231,both,both,both,both,both,both,both,both,both,both,both,both,both,both,both,both,both,both,both,both,both,both,both,both,both,both,both,both,both,both,both
road_3232,both,both,both,both,both,both,both,both,both,both,both,both,both,both,both,both,both,both,both,both,both,both,both,both,both,both,both,both,both,both,both
road_3233,both,both,both,both,both,both,both,both,both,both,both,both,both,both,both,both,both,both,both,both,both,both,both,both,both,both,both,both,both,both,both
road_3234,both,both,both,both,both,both,both,both,both,both,both,both,both,both,both,both,both,both,both,both,both,both,both,both,both,both,both,both,both,both,both
road_3235,both,both,both,both,both,both,both,both,both,both,both,both,both,both,both,both,both,both,both,both,both,both,both,both,both,both,both,both,both,both,both
road_3236,both,both,both,both,both,both,both,both,both,both,both,both,both,both,both,both,both,both,both,both,both,both,both,both,both,both,both,both,both,both,both
road_3237,both,both,both,both,both,both,both,both,both,both,both,both,both,both,both,both,both,both,both,both,both,both,both,both,both,both,both,both,both,both,both
road_3238,both,both,both,both,both,both,both,both,both,both,both,both,both,both,both,both,both,both,both,both,both,both,both,both,both,both,both,both,both,both,both
road_3239,both,both,both,both,both,both,both,both,both,both,both,both,both,both,both,both,both,both,both,both,both,both,both,both,both,both,both,both,both,both,both
road_3240,both,both,both,both,both,both,both,both,both,both,both,both,both,both,both,both,both,both,both,both,both,both,both,both,both,both,both,both,both,both,both
road_3241,both,both,both,both,both,both,both,both,both,both,both,both,both,both,both,both,both,both,both,both,both,both,both,both,both,both,both,both,both,both,both
road_3242,both,both,both,both,both,both,both,both,both,both,both,both,both,both,both,both,both,both,both,both,both,both,both,both,both,both,both,both,both,both,both
road_3243,both,both,both,both,both,both,both,both,both,both,both,both,both,both,both,both,both,both,both,both,both,both,both,both,both,both,both,both,both,both,both
road_3244,both,both,both,both,both,both,both,both,both,both,both,both,both,both,both,both,both,both,both,both,both,both,both,both,both,both,both,both,both,both,both
road_3245,both,both,both,both,both,both,both,both,both,both,both,both,both,both,both,both,both,both,both,both,both,both,both,both,both,both,both,both,both,both,both
road_3246,both,both,both,both,both,both,both,both,both,both,both,both,both,both,both,both,both,both,both,both,both,both,both,both,both,both,both,both,both,both,both
road_3247,both,both,both,both,both,both,both,both,both,both,both,both,both,both,both,both,both,both,both,both,both,both,both,both,both,both,both,both,both,both,both
road_3248,both,both,both,both,both,both,both,both,both,both,both,both,both,both,both,both,both,both,both,both,both,both,both,both,both,both,both,both,both,both,both
road_3249,both,both,both,both,both,both,both,both,both,both,both,both,both,both,both,both,both,both,both,both,both,both,both,both,both,both,both,both,both,both,both
road_3250,both,both,both,both,both,both,both,both,both,both,both,both,both,both,both,both,both,both,both,both,both,both,both,both,both,both,both,both,both,both,both
road_3251,both,both,both,both,both,both,both,both,both,both,both,both,both,both,both,both,both,both,both,both,both,both,both,both,both,both,both,both,both,both,both
road_3252,both,both,both,both,both,both,both,both,both,both,both,both,both,both,both,both,both,both,both,both,both,both,both,both,both,both,both,both,both,both,both
road_3253,both,both,both,both,both,both,both,both,both,both,both,both,both,both,both,both,both,both,both,both,both,both,both,both,both,both,both,both,both,both,both
road_3254,both,both,both,both,both,both,both,both,both,both,both,both,both,both,both,both,both,both,both,both,both,both,both,both,both,both,both,both,both,both,both
road_3255,both,both,both,both,both,both,both,both,both,both,both,both,both,both,both,both,both,both,both,both,both,both,both,both,both,both,both,both,both,both,both
road_3256,both,both,both,both,both,both,both,both,both,both,both,both,both,both,both,both,both,both,both,both,both,both,both,both,both,both,both,both,both,both,both
road_3257,both,both,both,both,both,both,both,both,both,both,both,both,both,both,both,both,both,both,both,both,both,both,both,both,both,both,both,both,both,both,both
road_3258,both,both,both,both,both,both,both,both,both,both,both,both,both,both,both,both,both,both,both,both,both,both,both,both,both,both,both,both,both,both,both
road_3259,both,both,both,both,both,both,both,both,both,both,both,both,both,both,both,both,both,both,both,both,both,both,both,both,both,both,both,both,both,both,both
road_3260,both,both,both,both,both,both,both,both,both,both,both,both,both,both,both,both,both,both,both,both,both,both,both,both,both,both,both,both,both,both,both
road_3261,both,both,both,both,both,both,both,both,both,both,both,both,both,both,both,both,both,both,both,both,both,both,both,both,both,both,both,both,both,both,both
road_3262,both,both,both,both,both,both,both,both,both,both,both,both,both,both,both,both,both,both,both,both,both,both,both,both,both,both,both,both,both,both,both
road_3263,both,both,both,both,both,both,both,both,both,both,both,both,both,both,both,both,both,both,both,both,both,both,both,both,both,both,both,both,both,both,both
road_3264,both,both,both,both,both,both,both,both,both,both,both,both,both,both,both,both,both,both,both,both,both,both,both,both,both,both,both,both,both,both,both
road_3265,both,both,both,both,both,both,both,both,both,both,both,both,both,both,both,both,both,both,both,both,both,both,both,both,both,both,both,both,both,both,both
road_3266,both,both,both,both,both,both,both,both,both,both,both,both,both,both,both,both,both,both,both,both,both,both,both,both,both,both,both,both,both,both,both
road_3267,both,both,both,both,both,both,both,both,both,both,both,both,both,both,both,both,both,both,both,both,both,both,both,both,both,both,both,both,both,both,both
road_3268,both,both,both,both,both,both,both,both,both,both,both,both,both,both,both,both,both,both,both,both,both,both,both,both,both,both,both,both,both,both,both
road_3269,both,both,both,both,both,both,both,both,both,both,both,both,both,both,both,both,both,both,both,both,both,both,both,both,both,both,both,both,both,both,both
road_3270,both,both,both,both,both,both,both,both,both,both,both,both,both,both,both,both,both,both,both,both,both,both,both,both,both,both,both,both,both,both,both
road_3271,both,both,both,both,both,both,both,both,both,both,both,both,both,both,both,both,both,both,both,both,both,both,both,both,both,both,both,both,both,both,both
road_3272,both,both,both,both,both,both,both,both,both,both,both,both,both,both,both,both,both,both,both,both,both,both,both,both,both,both,both,both,both,both,both
road_3273,both,both,both,both,both,both,both,both,both,both,both,both,both,both,both,both,both,both,both,both,both,both,both,both,both,both,both,both,both,both,both
road_3274,both,both,both,both,both,both,both,both,both,both,both,both,both,both,both,both,both,both,both,both,both,both,both,both,both,both,both,both,both,both,both
road_3275,both,both,both,both,both,both,both,both,both,both,both,both,both,both,both,both,both,both,both,both,both,both,both,both,both,both,both,both,both,both,both
road_3276,both,both,both,both,both,both,both,both,both,both,both,both,both,both,both,both,both,both,both,both,both,both,both,both,both,both,both,both,both,both,both
road_3277,both,both,both,both,both,both,both,both,both,both,both,both,both,both,both,both,both,both,both,both,both,both,both,both,both,both,both,both,both,both,both
road_3278,both,both,both,both,both,both,both,both,both,both,both,both,both,both,both,both,both,both,both,both,both,both,both,both,both,both,both,both,both,both,both
road_3279,both,both,both,both,both,both,both,both,both,both,both,both,both,both,both,both,both,both,both,both,both,both,both,both,both,both,both,both,both,both,both
road_3280,both,both,both,both,both,both,both,both,both,both,both,both,both,both,both,both,both,both,both,both,both,both,both,both,both,both,both,both,both,both,both
road_3281,both,both,both,both,both,both,both,both,both,both,both,both,both,both,both,both,both,both,both,both,both,both,both,both,both,both,both,both,both,both,both
road_3282,both,both,both,both,both,both,both,both,both,both,both,both,both,both,both,both,both,both,both,both,both,both,both,both,both,both,both,both,both,both,both
road_3283,both,both,both,both,both,both,both,both,both,both,both,both,both,both,both,both,both,both,both,both,both,both,both,both,both,both,both,both,both,both,both
road_3284,both,both,both,both,both,both,both,both,both,both,both,both,both,both,both,both,both,both,both,both,both,both,both,both,both,both,both,both,both,both,both
road_3285,both,both,both,both,both,both,both,both,both,both,both,both,both,both,both,both,both,both,both,both,both,both,both,both,both,both,both,both,both,both,both
road_3286,both,both,both,both,both,both,both,both,both,both,both,both,both,both,both,both,both,both,both,both,both,both,both,both,both,both,both,both,both,both,both
road_3287,both,both,both,both,both,both,both,both,both,both,both,both,both,both,both,both,both,both,both,both,both,both,both,both,both,both,both,both,both,both,both
road_3288,both,both,both,both,both,both,both,both,both,both,both,both,both,both,both,both,both,both,both,both,both,both,both,both,both,both,both,both,both,both,both
road_3289,both,both,both,both,both,both,both,both,both,both,both,both,both,both,both,both,both,both,both,both,both,both,both,both,both,both,both,both,both,both,both
road_3290,both,both,both,both,both,both,both,both,both,both,both,both,both,both,both,both,both,both,both,both,both,both,both,both,both,both,both,both,both,both,both
road_3291,both,both,both,both,both,both,both,both,both,both,both,both,both,both,both,both,both,both,both,both,both,both,both,both,both,both,both,both,both,both,both
road_3292,both,both,both,both,both,both,both,both,both,both,both,both,both,both,both,both,both,both,both,both,both,both,both,both,both,both,both,both,both,both,both
road_3293,both,both,both,both,both,both,both,both,both,both,both,both,both,both,both,both,both,both,both,both,both,both,both,both,both,both,both,both,both,both,both
road_3294,both,both,both,both,both,both,both,both,both,both,both,both,both,both,both,both,both,both,both,both,both,both,both,both,both,both,both,both,both,both,both
road_3295,both,both,both,both,both,both,both,both,both,both,both,both,both,both,both,both,both,both,both,both,both,both,both,both,both,both,both,both,both,both,both
road_3296,both,both,both,both,both,both,both,both,both,both,both,both,both,both,both,both,both,both,both,both,both,both,both,both,both,both,both,both,both,both,both
road_3297,both,both,both,both,both,both,both,both,both,both,both,both,both,both,both,both,both,both,both,both,both,both,both,both,both,both,both,both,both,both,both
road_3298,both,both,both,both,both,both,both,both,both,both,both,both,both,both,both,both,both,both,both,both,both,both,both,both,both,both,both,both,both,both,both
road_3299,both,both,both,both,both,both,both,both,both,both,both,both,both,both,both,both,both,both,both,both,both,both,both,both,both,both,both,both,both,both,both
road_3300,both,both,both,both,both,both,both,both,both,both,both,both,both,both,both,both,both,both,both,both,both,both,both,both,both,both,both,both,both,both,both
road_3301,both,both,both,both,both,both,both,both,both,both,both,both,both,both,both,both,both,both,both,both,both,both,both,both,both,both,both,both,both,both,both
road_3302,both,both,both,both,both,both,both,both,both,both,both,both,both,both,both,both,both,both,both,both,both,both,both,both,both,both,both,both,both,both,both
road_3303,both,both,both,both,both,both,both,both,both,both,both,both,both,both,both,both,both,both,both,both,both,both,both,both,both,both,both,both,both,both,both
road_3304,both,both,both,both,both,both,both,both,both,both,both,both,both,both,both,both,both,both,both,both,both,both,both,both,both,both,both,both,both,both,both
road_3305,both,both,both,both,both,both,both,both,both,both,both,both,both,both,both,both,both,both,both,both,both,both,both,both,both,both,both,both,both,both,both
road_3306,both,both,both,both,both,both,both,both,both,both,both,both,both,both,both,both,both,both,both,both,both,both,both,both,both,both,both,both,both,both,both
road_3307,both,both,both,both,both,both,both,both,both,both,both,both,both,both,both,both,both,both,both,both,both,both,both,both,both,both,both,both,both,both,both
road_3308,both,both,both,both,both,both,both,both,both,both,both,both,both,both,both,both,both,both,both,both,both,both,both,both,both,both,both,both,both,both,both
road_3309,both,both,both,both,both,both,both,both,both,both,both,both,both,both,both,both,both,both,both,both,both,both,both,both,both,both,both,both,both,both,both
road_3310,both,both,both,both,both,both,both,both,both,both,both,both,both,both,both,both,both,both,both,both,both,both,both,both,both,both,both,both,both,both,both
road_3311,both,both,both,both,both,both,both,both,both,both,both,both,both,both,both,both,both,both,both,both,both,both,both,both,both,both,both,both,both,both,both
road_3312,both,both,both,both,both,both,both,both,both,both,both,both,both,both,both,both,both,both,both,both,both,both,both,both,both,both,both,both,both,both,both
road_3313,both,both,both,both,both,both,both,both,both,both,both,both,both,both,both,both,both,both,both,both,both,both,both,both,both,both,both,both,both,both,both
road_3314,both,both,both,both,both,both,both,both,both,both,both,both,both,both,both,both,both,both,both,both,both,both,both,both,both,both,both,both,both,both,both
road_3315,both,both,both,both,both,both,both,both,both,both,both,both,both,both,both,both,both,both,both,both,both,both,both,both,both,both,both,both,both,both,both
road_3316,both,both,both,both,both,both,both,both,both,both,both,both,both,both,both,both,both,both,both,both,both,both,both,both,both,both,both,both,both,both,both
road_3317,both,both,both,both,both,both,both,both,both,both,both,both,both,both,both,both,both,both,both,both,both,both,both,both,both,both,both,both,both,both,both
road_3318,both,both,both,both,both,both,both,both,both,both,both,both,both,both,both,both,both,both,both,both,both,both,both,both,both,both,both,both,both,both,both
road_3319,both,both,both,both,both,both,both,both,both,both,both,both,both,both,both,both,both,both,both,both,both,both,both,both,both,both,both,both,both,both,both
road_3320,both,both,both,both,both,both,both,both,both,both,both,both,both,both,both,both,both,both,both,both,both,both,both,both,both,both,both,both,both,both,both
road_3321,both,both,both,both,both,both,both,both,both,both,both,both,both,both,both,both,both,both,both,both,both,both,both,both,both,both,both,both,both,both,both
road_3322,both,both,both,both,both,both,both,both,both,both,both,both,both,both,both,both,both,both,both,both,both,both,both,both,both,both,both,both,both,both,both
road_3323,both,both,both,both,both,both,both,both,both,both,both,both,both,both,both,both,both,both,both,both,both,both,both,both,both,both,both,both,both,both,both
road_3324,both,both,both,both,both,both,both,both,both,both,both,both,both,both,both,both,both,both,both,both,both,both,both,both,both,both,both,both,both,both,both
road_3325,both,both,both,both,both,both,both,both,both,both,both,both,both,both,both,both,both,both,both,both,both,both,both,both,both,both,both,both,both,both,both
road_3326,both,both,both,both,both,both,both,both,both,both,both,both,both,both,both,both,both,both,both,both,both,both,both,both,both,both,both,both,both,both,both
road_3327,both,both,both,both,both,both,both,both,both,both,both,both,both,both,both,both,both,both,both,both,both,both,both,both,both,both,both,both,both,both,both
road_3328,both,both,both,both,both,both,both,both,both,both,both,both,both,both,both,both,both,both,both,both,both,both,both,both,both,both,both,both,both,both,both
road_3329,both,both,both,both,both,both,both,both,both,both,both,both,both,both,both,both,both,both,both,both,both,both,both,both,both,both,both,both,both,both,both
road_3330,both,both,both,both,both,both,both,both,both,both,both,both,both,both,both,both,both,both,both,both,both,both,both,both,both,both,both,both,both,both,both
road_3331,both,both,both,both,both,both,both,both,both,both,both,both,both,both,both,both,both,both,both,both,both,both,both,both,both,both,both,both,both,both,both
road_3332,both,both,both,both,both,both,both,both,both,both,both,both,both,both,both,both,both,both,both,both,both,both,both,both,both,both,both,both,both,both,both
road_3333,both,both,both,both,both,both,both,both,both,both,both,both,both,both,both,both,both,both,both,both,both,both,both,both,both,both,both,both,both,both,both
road_3334,both,both,both,both,both,both,both,both,both,both,both,both,both,both,both,both,both,both,both,both,both,both,both,both,both,both,both,both,both,both,both
road_3335,both,both,both,both,both,both,both,both,both,both,both,both,both,both,both,both,both,both,both,both,both,both,both,both,both,both,both,both,both,both,both
road_3336,both,both,both,both,both,both,both,both,both,both,both,both,both,both,both,both,both,both,both,both,both,both,both,both,both,both,both,both,both,both,both
road_3337,both,both,both,both,both,both,both,both,both,both,both,both,both,both,both,both,both,both,both,both,both,both,both,both,both,both,both,both,both,both,both
road_3338,both,both,both,both,both,both,both,both,both,both,both,both,both,both,both,both,both,both,both,both,both,both,both,both,both,both,both,both,both,both,both
road_3339,both,both,both,both,both,both,both,both,both,both,both,both,both,both,both,both,both,both,both,both,both,both,both,both,both,both,both,both,both,both,both
road_3340,both,both,both,both,both,both,both,both,both,both,both,both,both,both,both,both,both,both,both,both,both,both,both,both,both,both,both,both,both,both,both
road_3341,both,both,both,both,both,both,both,both,both,both,both,both,both,both,both,both,both,both,both,both,both,both,both,both,both,both,both,both,both,both,both
road_3342,both,both,both,both,both,both,both,both,both,both,both,both,both,both,both,both,both,both,both,both,both,both,both,both,both,both,both,both,both,both,both
road_3343,both,both,both,both,both,both,both,both,both,both,both,both,both,both,both,both,both,both,both,both,both,both,both,both,both,both,both,both,both,both,both
road_3344,both,both,both,both,both,both,both,both,both,both,both,both,both,both,both,both,both,both,both,both,both,both,both,both,both,both,both,both,both,both,both
road_3345,both,both,both,both,both,both,both,both,both,both,both,both,both,both,both,both,both,both,both,both,both,both,both,both,both,both,both,both,both,both,both
road_3346,both,both,both,both,both,both,both,both,both,both,both,both,both,both,both,both,both,both,both,both,both,both,both,both,both,both,both,both,both,both,both
road_3347,both,both,both,both,both,both,both,both,both,both,both,both,both,both,both,both,both,both,both,both,both,both,both,both,both,both,both,both,both,both,both
road_3348,both,both,both,both,both,both,both,both,both,both,both,both,both,both,both,both,both,both,both,both,both,both,both,both,both,both,both,both,both,both,both
road_3349,both,both,both,both,both,both,both,both,both,both,both,both,both,both,both,both,both,both,both,both,both,both,both,both,both,both,both,both,both,both,both
road_3350,both,both,both,both,both,both,both,both,both,both,both,both,both,both,both,both,both,both,both,both,both,both,both,both,both,both,both,both,both,both,both
road_3351,both,both,both,both,both,both,both,both,both,both,both,both,both,both,both,both,both,both,both,both,both,both,both,both,both,both,both,both,both,both,both
road_3352,both,both,both,both,both,both,both,both,both,both,both,both,both,both,both,both,both,both,both,both,both,both,both,both,both,both,both,both,both,both,both
road_3353,both,both,both,both,both,both,both,both,both,both,both,both,both,both,both,both,both,both,both,both,both,both,both,both,both,both,both,both,both,both,both
road_3354,both,both,both,both,both,both,both,both,both,both,both,both,both,both,both,both,both,both,both,both,both,both,both,both,both,both,both,both,both,both,both
road_3355,both,both,both,both,both,both,both,both,both,both,both,both,both,both,both,both,both,both,both,both,both,both,both,both,both,both,both,both,both,both,both
road_3356,both,both,both,both,both,both,both,both,both,both,both,both,both,both,both,both,both,both,both,both,both,both,both,both,both,both,both,both,both,both,both
road_3357,both,both,both,both,both,both,both,both,both,both,both,both,both,both,both,both,both,both,both,both,both,both,both,both,both,both,both,both,both,both,both
road_3358,both,both,both,both,both,both,both,both,both,both,both,both,both,both,both,both,both,both,both,both,both,both,both,both,both,both,both,both,both,both,both
road_3359,both,both,both,both,both,both,both,both,both,both,both,both,both,both,both,both,both,both,both,both,both,both,both,both,both,both,both,both,both,both,both
road_3360,both,both,both,both,both,both,both,both,both,both,both,both,both,both,both,both,both,both,both,both,both,both,both,both,both,both,both,both,both,both,both
road_3361,both,both,both,both,both,both,both,both,both,both,both,both,both,both,both,both,both,both,both,both,both,both,both,both,both,both,both,both,both,both,both
road_3362,both,both,both,both,both,both,both,both,both,both,both,both,both,both,both,both,both,both,both,both,both,both,both,both,both,both,both,both,both,both,both
road_3363,both,both,both,both,both,both,both,both,both,both,both,both,both,both,both,both,both,both,both,both,both,both,both,both,both,both,both,both,both,both,both
road_3364,both,both,both,both,both,both,both,both,both,both,both,both,both,both,both,both,both,both,both,both,both,both,both,both,both,both,both,both,both,both,both
road_3365,both,both,both,both,both,both,both,both,both,both,both,both,both,both,both,both,both,both,both,both,both,both,both,both,both,both,both,both,both,both,both
road_3366,both,both,both,both,both,both,both,both,both,both,both,both,both,both,both,both,both,both,both,both,both,both,both,both,both,both,both,both,both,both,both
road_3367,both,both,both,both,both,both,both,both,both,both,both,both,both,both,both,both,both,both,both,both,both,both,both,both,both,both,both,both,both,both,both
road_3368,both,both,both,both,both,both,both,both,both,both,both,both,both,both,both,both,both,both,both,both,both,both,both,both,both,both,both,both,both,both,both
road_3369,both,both,both,both,both,both,both,both,both,both,both,both,both,both,both,both,both,both,both,both,both,both,both,both,both,both,both,both,both,both,both
road_3370,both,both,both,both,both,both,both,both,both,both,both,both,both,both,both,both,both,both,both,both,both,both,both,both,both,both,both,both,both,both,both
road_3371,both,both,both,both,both,both,both,both,both,both,both,both,both,both,both,both,both,both,both,both,both,both,both,both,both,both,both,both,both,both,both
road_3372,both,both,both,both,both,both,both,both,both,both,both,both,both,both,both,both,both,both,both,both,both,both,both,both,both,both,both,both,both,both,both
road_3373,both,both,both,both,both,both,both,both,both,both,both,both,both,both,both,both,both,both,both,both,both,both,both,both,both,both,both,both,both,both,both
road_3374,both,both,both,both,both,both,both,both,both,both,both,both,both,both,both,both,both,both,both,both,both,both,both,both,both,both,both,both,both,both,both
road_3375,both,both,both,both,both,both,both,both,both,both,both,both,both,both,both,both,both,both,both,both,both,both,both,both,both,both,both,both,both,both,both
road_3376,both,both,both,both,both,both,both,both,both,both,both,both,both,both,both,both,both,both,both,both,both,both,both,both,both,both,both,both,both,both,both
road_3377,both,both,both,both,both,both,both,both,both,both,both,both,both,both,both,both,both,both,both,both,both,both,both,both,both,both,both,both,both,both,both
road_3378,both,both,both,both,both,both,both,both,both,both,both,both,both,both,both,both,both,both,both,both,both,both,both,both,both,both,both,both,both,both,both
road_3379,both,both,both,both,both,both,both,both,both,both,both,both,both,both,both,both,both,both,both,both,both,both,both,both,both,both,both,both,both,both,both
road_3380,both,both,both,both,both,both,both,both,both,both,both,both,both,both,both,both,both,both,both,both,both,both,both,both,both,both,both,both,both,both,both
road_3381,both,both,both,both,both,both,both,both,both,both,both,both,both,both,both,both,both,both,both,both,both,both,both,both,both,both,both,both,both,both,both
road_3382,both,both,both,both,both,both,both,both,both,both,both,both,both,both,both,both,both,both,both,both,both,both,both,both,both,both,both,both,both,both,both
road_3383,both,both,both,both,both,both,both,both,both,both,both,both,both,both,both,both,both,both,both,both,both,both,both,both,both,both,both,both,both,both,both
road_3384,both,both,both,both,both,both,both,both,both,both,both,both,both,both,both,both,both,both,both,both,both,both,both,both,both,both,both,both,both,both,both
road_3385,both,both,both,both,both,both,both,both,both,both,both,both,both,both,both,both,both,both,both,both,both,both,both,both,both,both,both,both,both,both,both
road_3386,both,both,both,both,both,both,both,both,both,both,both,both,both,both,both,both,both,both,both,both,both,both,both,both,both,both,both,both,both,both,both
road_3387,both,both,both,both,both,both,both,both,both,both,both,both,both,both,both,both,both,both,both,both,both,both,both,both,both,both,both,both,both,both,both
road_3388,both,both,both,both,both,both,both,both,both,both,both,both,both,both,both,both,both,both,both,both,both,both,both,both,both,both,both,both,both,both,both
road_3389,both,both,both,both,both,both,both,both,both,both,both,both,both,both,both,both,both,both,both,both,both,both,both,both,both,both,both,both,both,both,both
road_3390,both,both,both,both,both,both,both,both,both,both,both,both,both,both,both,both,both,both,both,both,both,both,both,both,both,both,both,both,both,both,both
road_3391,both,both,both,both,both,both,both,both,both,both,both,both,both,both,both,both,both,both,both,both,both,both,both,both,both,both,both,both,both,both,both
road_3392,both,both,both,both,both,both,both,both,both,both,both,both,both,both,both,both,both,both,both,both,both,both,both,both,both,both,both,both,both,both,both
road_3393,both,both,both,both,both,both,both,both,both,both,both,both,both,both,both,both,both,both,both,both,both,both,both,both,both,both,both,both,both,both,both
road_3394,both,both,both,both,both,both,both,both,both,both,both,both,both,both,both,both,both,both,both,both,both,both,both,both,both,both,both,both,both,both,both
road_3395,both,both,both,both,both,both,both,both,both,both,both,both,both,both,both,both,both,both,both,both,both,both,both,both,both,both,both,both,both,both,both
road_3396,both,both,both,both,both,both,both,both,both,both,both,both,both,both,both,both,both,both,both,both,both,both,both,both,both,both,both,both,both,both,both
road_3397,both,both,both,both,both,both,both,both,both,both,both,both,both,both,both,both,both,both,both,both,both,both,both,both,both,both,both,both,both,both,both
road_3398,both,both,both,both,both,both,both,both,both,both,both,both,both,both,both,both,both,both,both,both,both,both,both,both,both,both,both,both,both,both,both
road_3399,both,both,both,both,both,both,both,both,both,both,both,both,both,both,both,both,both,both,both,both,both,both,both,both,both,both,both,both,both,both,both
road_3400,both,both,both,both,both,both,both,both,both,both,both,both,both,both,both,both,both,both,both,both,both,both,both,both,both,both,both,both,both,both,both
road_3401,both,both,both,both,both,both,both,both,both,both,both,both,both,both,both,both,both,both,both,both,both,both,both,both,both,both,both,both,both,both,both
road_3402,both,both,both,both,both,both,both,both,both,both,both,both,both,both,both,both,both,both,both,both,both,both,both,both,both,both,both,both,both,both,both
road_3403,both,both,both,both,both,both,both,both,both,both,both,both,both,both,both,both,both,both,both,both,both,both,both,both,both,both,both,both,both,both,both
road_3404,both,both,both,both,both,both,both,both,both,both,both,both,both,both,both,both,both,both,both,both,both,both,both,both,both,both,both,both,both,both,both
road_3405,both,both,both,both,both,both,both,both,both,both,both,both,both,both,both,both,both,both,both,both,both,both,both,both,both,both,both,both,both,both,both
road_3406,both,both,both,both,both,both,both,both,both,both,both,both,both,both,both,both,both,both,both,both,both,both,both,both,both,both,both,both,both,both,both
road_3407,both,both,both,both,both,both,both,both,both,both,both,both,both,both,both,both,both,both,both,both,both,both,both,both,both,both,both,both,both,both,both
road_3408,both,both,both,both,both,both,both,both,both,both,both,both,both,both,both,both,both,both,both,both,both,both,both,both,both,both,both,both,both,both,both
road_3409,both,both,both,both,both,both,both,both,both,both,both,both,both,both,both,both,both,both,both,both,both,both,both,both,both,both,both,both,both,both,both
road_3410,both,both,both,both,both,both,both,both,both,both,both,both,both,both,both,both,both,both,both,both,both,both,both,both,both,both,both,both,both,both,both
road_3411,both,both,both,both,both,both,both,both,both,both,both,both,both,both,both,both,both,both,both,both,both,both,both,both,both,both,both,both,both,both,both
road_3412,both,both,both,both,both,both,both,both,both,both,both,both,both,both,both,both,both,both,both,both,both,both,both,both,both,both,both,both,both,both,both
road_3413,both,both,both,both,both,both,both,both,both,both,both,both,both,both,both,both,both,both,both,both,both,both,both,both,both,both,both,both,both,both,both
road_3414,both,both,both,both,both,both,both,both,both,both,both,both,both,both,both,both,both,both,both,both,both,both,both,both,both,both,both,both,both,both,both
road_3415,both,both,both,both,both,both,both,both,both,both,both,both,both,both,both,both,both,both,both,both,both,both,both,both,both,both,both,both,both,both,both
road_3416,both,both,both,both,both,both,both,both,both,both,both,both,both,both,both,both,both,both,both,both,both,both,both,both,both,both,both,both,both,both,both
road_3417,both,both,both,both,both,both,both,both,both,both,both,both,both,both,both,both,both,both,both,both,both,both,both,both,both,both,both,both,both,both,both
road_3418,both,both,both,both,both,both,both,both,both,both,both,both,both,both,both,both,both,both,both,both,both,both,both,both,both,both,both,both,both,both,both
road_3419,both,both,both,both,both,both,both,both,both,both,both,both,both,both,both,both,both,both,both,both,both,both,both,both,both,both,both,both,both,both,both
road_3420,both,both,both,both,both,both,both,both,both,both,both,both,both,both,both,both,both,both,both,both,both,both,both,both,both,both,both,both,both,both,both
road_3421,both,both,both,both,both,both,both,both,both,both,both,both,both,both,both,both,both,both,both,both,both,both,both,both,both,both,both,both,both,both,both
road_3422,both,both,both,both,both,both,both,both,both,both,both,both,both,both,both,both,both,both,both,both,both,both,both,both,both,both,both,both,both,both,both
road_3423,both,both,both,both,both,both,both,both,both,both,both,both,both,both,both,both,both,both,both,both,both,both,both,both,both,both,both,both,both,both,both
road_3424,both,both,both,both,both,both,both,both,both,both,both,both,both,both,both,both,both,both,both,both,both,both,both,both,both,both,both,both,both,both,both
road_3425,both,both,both,both,both,both,both,both,both,both,both,both,both,both,both,both,both,both,both,both,both,both,both,both,both,both,both,both,both,both,both
road_3426,both,both,both,both,both,both,both,both,both,both,both,both,both,both,both,both,both,both,both,both,both,both,both,both,both,both,both,both,both,both,both
road_3427,both,both,both,both,both,both,both,both,both,both,both,both,both,both,both,both,both,both,both,both,both,both,both,both,both,both,both,both,both,both,both
road_3428,both,both,both,both,both,both,both,both,both,both,both,both,both,both,both,both,both,both,both,both,both,both,both,both,both,both,both,both,both,both,both
road_3429,both,both,both,both,both,both,both,both,both,both,both,both,both,both,both,both,both,both,both,both,both,both,both,both,both,both,both,both,both,both,both
road_3430,both,both,both,both,both,both,both,both,both,both,both,both,both,both,both,both,both,both,both,both,both,both,both,both,both,both,both,both,both,both,both
road_3431,both,both,both,both,both,both,both,both,both,both,both,both,both,both,both,both,both,both,both,both,both,both,both,both,both,both,both,both,both,both,both
road_3432,both,both,both,both,both,both,both,both,both,both,both,both,both,both,both,both,both,both,both,both,both,both,both,both,both,both,both,both,both,both,both
road_3433,both,both,both,both,both,both,both,both,both,both,both,both,both,both,both,both,both,both,both,both,both,both,both,both,both,both,both,both,both,both,both
road_3434,both,both,both,both,both,both,both,both,both,both,both,both,both,both,both,both,both,both,both,both,both,both,both,both,both,both,both,both,both,both,both
road_3435,both,both,both,both,both,both,both,both,both,both,both,both,both,both,both,both,both,both,both,both,both,both,both,both,both,both,both,both,both,both,both
road_3436,both,both,both,both,both,both,both,both,both,both,both,both,both,both,both,both,both,both,both,both,both,both,both,both,both,both,both,both,both,both,both
road_3437,both,both,both,both,both,both,both,both,both,both,both,both,both,both,both,both,both,both,both,both,both,both,both,both,both,both,both,both,both,both,both
road_3438,both,both,both,both,both,both,both,both,both,both,both,both,both,both,both,both,both,both,both,both,both,both,both,both,both,both,both,both,both,both,both
road_3439,both,both,both,both,both,both,both,both,both,both,both,both,both,both,both,both,both,both,both,both,both,both,both,both,both,both,both,both,both,both,both
road_3440,both,both,both,both,both,both,both,both,both,both,both,both,both,both,both,both,both,both,both,both,both,both,both,both,both,both,both,both,both,both,both
road_3441,both,both,both,both,both,both,both,both,both,both,both,both,both,both,both,both,both,both,both,both,both,both,both,both,both,both,both,both,both,both,both
road_3442,both,both,both,both,both,both,both,both,both,both,both,both,both,both,both,both,both,both,both,both,both,both,both,both,both,both,both,both,both,both,both
road_3443,both,both,both,both,both,both,both,both,both,both,both,both,both,both,both,both,both,both,both,both,both,both,both,both,both,both,both,both,both,both,both
road_3444,both,both,both,both,both,both,both,both,both,both,both,both,both,both,both,both,both,both,both,both,both,both,both,both,both,both,both,both,both,both,both
road_3445,both,both,both,both,both,both,both,both,both,both,both,both,both,both,both,both,both,both,both,both,both,both,both,both,both,both,both,both,both,both,both
road_3446,both,both,both,both,both,both,both,both,both,both,both,both,both,both,both,both,both,both,both,both,both,both,both,both,both,both,both,both,both,both,both
road_3447,both,both,both,both,both,both,both,both,both,both,both,both,both,both,both,both,both,both,both,both,both,both,both,both,both,both,both,both,both,both,both
road_3448,both,both,both,both,both,both,both,both,both,both,both,both,both,both,both,both,both,both,both,both,both,both,both,both,both,both,both,both,both,both,both
road_3449,both,both,both,both,both,both,both,both,both,both,both,both,both,both,both,both,both,both,both,both,both,both,both,both,both,both,both,both,both,both,both
road_3450,both,both,both,both,both,both,both,both,both,both,both,both,both,both,both,both,both,both,both,both,both,both,both,both,both,both,both,both,both,both,both
road_3451,both,both,both,both,both,both,both,both,both,both,both,both,both,both,both,both,both,both,both,both,both,both,both,both,both,both,both,both,both,both,both
road_3452,both,both,both,both,both,both,both,both,both,both,both,both,both,both,both,both,both,both,both,both,both,both,both,both,both,both,both,both,both,both,both
road_3453,both,both,both,both,both,both,both,both,both,both,both,both,both,both,both,both,both,both,both,both,both,both,both,both,both,both,both,both,both,both,both
road_3454,both,both,both,both,both,both,both,both,both,both,both,both,both,both,both,both,both,both,both,both,both,both,both,both,both,both,both,both,both,both,both
road_3455,both,both,both,both,both,both,both,both,both,both,both,both,both,both,both,both,both,both,both,both,both,both,both,both,both,both,both,both,both,both,both
road_3456,both,both,both,both,both,both,both,both,both,both,both,both,both,both,both,both,both,both,both,both,both,both,both,both,both,both,both,both,both,both,both
road_3457,both,both,both,both,both,both,both,both,both,both,both,both,both,both,both,both,both,both,both,both,both,both,both,both,both,both,both,both,both,both,both
road_3458,both,both,both,both,both,both,both,both,both,both,both,both,both,both,both,both,both,both,both,both,both,both,both,both,both,both,both,both,both,both,both
road_3459,both,both,both,both,both,both,both,both,both,both,both,both,both,both,both,both,both,both,both,both,both,both,both,both,both,both,both,both,both,both,both
road_3460,both,both,both,both,both,both,both,both,both,both,both,both,both,both,both,both,both,both,both,both,both,both,both,both,both,both,both,both,both,both,both
road_3461,both,both,both,both,both,both,both,both,both,both,both,both,both,both,both,both,both,both,both,both,both,both,both,both,both,both,both,both,both,both,both
road_3462,both,both,both,both,both,both,both,both,both,both,both,both,both,both,both,both,both,both,both,both,both,both,both,both,both,both,both,both,both,both,both
road_3463,both,both,both,both,both,both,both,both,both,both,both,both,both,both,both,both,both,both,both,both,both,both,both,both,both,both,both,both,both,both,both
road_3464,both,both,both,both,both,both,both,both,both,both,both,both,both,both,both,both,both,both,both,both,both,both,both,both,both,both,both,both,both,both,both
road_3465,both,both,both,both,both,both,both,both,both,both,both,both,both,both,both,both,both,both,both,both,both,both,both,both,both,both,both,both,both,both,both
road_3466,both,both,both,both,both,both,both,both,both,both,both,both,both,both,both,both,both,both,both,both,both,both,both,both,both,both,both,both,both,both,both
road_3467,both,both,both,both,both,both,both,both,both,both,both,both,both,both,both,both,both,both,both,both,both,both,both,both,both,both,both,both,both,both,both
road_3468,both,both,both,both,both,both,both,both,both,both,both,both,both,both,both,both,both,both,both,both,both,both,both,both,both,both,both,both,both,both,both
road_3469,both,both,both,both,both,both,both,both,both,both,both,both,both,both,both,both,both,both,both,both,both,both,both,both,both,both,both,both,both,both,both
road_3470,both,both,both,both,both,both,both,both,both,both,both,both,both,both,both,both,both,both,both,both,both,both,both,both,both,both,both,both,both,both,both
road_3471,both,both,both,both,both,both,both,both,both,both,both,both,both,both,both,both,both,both,both,both,both,both,both,both,both,both,both,both,both,both,both
road_3472,both,both,both,both,both,both,both,both,both,both,both,both,both,both,both,both,both,both,both,both,both,both,both,both,both,both,both,both,both,both,both
road_3473,both,both,both,both,both,both,both,both,both,both,both,both,both,both,both,both,both,both,both,both,both,both,both,both,both,both,both,both,both,both,both
road_3474,both,both,both,both,both,both,both,both,both,both,both,both,both,both,both,both,both,both,both,both,both,both,both,both,both,both,both,both,both,both,both
road_3475,both,both,both,both,both,both,both,both,both,both,both,both,both,both,both,both,both,both,both,both,both,both,both,both,both,both,both,both,both,both,both
road_3476,both,both,both,both,both,both,both,both,both,both,both,both,both,both,both,both,both,both,both,both,both,both,both,both,both,both,both,both,both,both,both
road_3477,both,both,both,both,both,both,both,both,both,both,both,both,both,both,both,both,both,both,both,both,both,both,both,both,both,both,both,both,both,both,both
road_3478,both,both,both,both,both,both,both,both,both,both,both,both,both,both,both,both,both,both,both,both,both,both,both,both,both,both,both,both,both,both,both
road_3479,both,both,both,both,both,both,both,both,both,both,both,both,both,both,both,both,both,both,both,both,both,both,both,both,both,both,both,both,both,both,both
road_3480,both,both,both,both,both,both,both,both,both,both,both,both,both,both,both,both,both,both,both,both,both,both,both,both,both,both,both,both,both,both,both
road_3481,both,both,both,both,both,both,both,both,both,both,both,both,both,both,both,both,both,both,both,both,both,both,both,both,both,both,both,both,both,both,both
road_3482,both,both,both,both,both,both,both,both,both,both,both,both,both,both,both,both,both,both,both,both,both,both,both,both,both,both,both,both,both,both,both
road_3483,both,both,both,both,both,both,both,both,both,both,both,both,both,both,both,both,both,both,both,both,both,both,both,both,both,both,both,both,both,both,both
road_3484,both,both,both,both,both,both,both,both,both,both,both,both,both,both,both,both,both,both,both,both,both,both,both,both,both,both,both,both,both,both,both
road_3485,both,both,both,both,both,both,both,both,both,both,both,both,both,both,both,both,both,both,both,both,both,both,both,both,both,both,both,both,both,both,both
road_3486,both,both,both,both,both,both,both,both,both,both,both,both,both,both,both,both,both,both,both,both,both,both,both,both,both,both,both,both,both,both,both
road_3487,both,both,both,both,both,both,both,both,both,both,both,both,both,both,both,both,both,both,both,both,both,both,both,both,both,both,both,both,both,both,both
road_3488,both,both,both,both,both,both,both,both,both,both,both,both,both,both,both,both,both,both,both,both,both,both,both,both,both,both,both,both,both,both,both
road_3489,both,both,both,both,both,both,both,both,both,both,both,both,both,both,both,both,both,both,both,both,both,both,both,both,both,both,both,both,both,both,both
road_3490,both,both,both,both,both,both,both,both,both,both,both,both,both,both,both,both,both,both,both,both,both,both,both,both,both,both,both,both,both,both,both
road_3491,both,both,both,both,both,both,both,both,both,both,both,both,both,both,both,both,both,both,both,both,both,both,both,both,both,both,both,both,both,both,both
road_3492,both,both,both,both,both,both,both,both,both,both,both,both,both,both,both,both,both,both,both,both,both,both,both,both,both,both,both,both,both,both,both
road_3493,both,both,both,both,both,both,both,both,both,both,both,both,both,both,both,both,both,both,both,both,both,both,both,both,both,both,both,both,both,both,both
road_3494,both,both,both,both,both,both,both,both,both,both,both,both,both,both,both,both,both,both,both,both,both,both,both,both,both,both,both,both,both,both,both
road_3495,both,both,both,both,both,both,both,both,both,both,both,both,both,both,both,both,both,both,both,both,both,both,both,both,both,both,both,both,both,both,both
road_3496,both,both,both,both,both,both,both,both,both,both,both,both,both,both,both,both,both,both,both,both,both,both,both,both,both,both,both,both,both,both,both
road_3497,both,both,both,both,both,both,both,both,both,both,both,both,both,both,both,both,both,both,both,both,both,both,both,both,both,both,both,both,both,both,both
road_3498,both,both,both,both,both,both,both,both,both,both,both,both,both,both,both,both,both,both,both,both,both,both,both,both,both,both,both,both,both,both,both
road_3499,both,both,both,both,both,both,both,both,both,both,both,both,both,both,both,both,both,both,both,both,both,both,both,both,both,both,both,both,both,both,both
road_3500,both,both,both,both,both,both,both,both,both,both,both,both,both,both,both,both,both,both,both,both,both,both,both,both,both,both,both,both,both,both,both
road_3501,both,both,both,both,both,both,both,both,both,both,both,both,both,both,both,both,both,both,both,both,both,both,both,both,both,both,both,both,both,both,both
road_3502,both,both,both,both,both,both,both,both,both,both,both,both,both,both,both,both,both,both,both,both,both,both,both,both,both,both,both,both,both,both,both
road_3503,both,both,both,both,both,both,both,both,both,both,both,both,both,both,both,both,both,both,both,both,both,both,both,both,both,both,both,both,both,both,both
road_3504,both,both,both,both,both,both,both,both,both,both,both,both,both,both,both,both,both,both,both,both,both,both,both,both,both,both,both,both,both,both,both
road_3505,both,both,both,both,both,both,both,both,both,both,both,both,both,both,both,both,both,both,both,both,both,both,both,both,both,both,both,both,both,both,both
road_3506,both,both,both,both,both,both,both,both,both,both,both,both,both,both,both,both,both,both,both,both,both,both,both,both,both,both,both,both,both,both,both
road_3507,both,both,both,both,both,both,both,both,both,both,both,both,both,both,both,both,both,both,both,both,both,both,both,both,both,both,both,both,both,both,both
road_3508,both,both,both,both,both,both,both,both,both,both,both,both,both,both,both,both,both,both,both,both,both,both,both,both,both,both,both,both,both,both,both
road_3509,both,both,both,both,both,both,both,both,both,both,both,both,both,both,both,both,both,both,both,both,both,both,both,both,both,both,both,both,both,both,both
road_3510,both,both,both,both,both,both,both,both,both,both,both,both,both,both,both,both,both,both,both,both,both,both,both,both,both,both,both,both,both,both,both
road_3511,both,both,both,both,both,both,both,both,both,both,both,both,both,both,both,both,both,both,both,both,both,both,both,both,both,both,both,both,both,both,both
road_3512,both,both,both,both,both,both,both,both,both,both,both,both,both,both,both,both,both,both,both,both,both,both,both,both,both,both,both,both,both,both,both
road_3513,both,both,both,both,both,both,both,both,both,both,both,both,both,both,both,both,both,both,both,both,both,both,both,both,both,both,both,both,both,both,both
road_3514,both,both,both,both,both,both,both,both,both,both,both,both,both,both,both,both,both,both,both,both,both,both,both,both,both,both,both,both,both,both,both
road_3515,both,both,both,both,both,both,both,both,both,both,both,both,both,both,both,both,both,both,both,both,both,both,both,both,both,both,both,both,both,both,both
road_3516,both,both,both,both,both,both,both,both,both,both,both,both,both,both,both,both,both,both,both,both,both,both,both,both,both,both,both,both,both,both,both
road_3517,both,both,both,both,both,both,both,both,both,both,both,both,both,both,both,both,both,both,both,both,both,both,both,both,both,both,both,both,both,both,both
road_3518,both,both,both,both,both,both,both,both,both,both,both,both,both,both,both,both,both,both,both,both,both,both,both,both,both,both,both,both,both,both,both
road_3519,both,both,both,both,both,both,both,both,both,both,both,both,both,both,both,both,both,both,both,both,both,both,both,both,both,both,both,both,both,both,both
road_3520,both,both,both,both,both,both,both,both,both,both,both,both,both,both,both,both,both,both,both,both,both,both,both,both,both,both,both,both,both,both,both
road_3521,both,both,both,both,both,both,both,both,both,both,both,both,both,both,both,both,both,both,both,both,both,both,both,both,both,both,both,both,both,both,both
road_3522,both,both,both,both,both,both,both,both,both,both,both,both,both,both,both,both,both,both,both,both,both,both,both,both,both,both,both,both,both,both,both
road_3523,both,both,both,both,both,both,both,both,both,both,both,both,both,both,both,both,both,both,both,both,both,both,both,both,both,both,both,both,both,both,both
road_3524,both,both,both,both,both,both,both,both,both,both,both,both,both,both,both,both,both,both,both,both,both,both,both,both,both,both,both,both,both,both,both
road_3525,both,both,both,both,both,both,both,both,both,both,both,both,both,both,both,both,both,both,both,both,both,both,both,both,both,both,both,both,both,both,both
road_3526,both,both,both,both,both,both,both,both,both,both,both,both,both,both,both,both,both,both,both,both,both,both,both,both,both,both,both,both,both,both,both
road_3527,both,both,both,both,both,both,both,both,both,both,both,both,both,both,both,both,both,both,both,both,both,both,both,both,both,both,both,both,both,both,both
road_3528,both,both,both,both,both,both,both,both,both,both,both,both,both,both,both,both,both,both,both,both,both,both,both,both,both,both,both,both,both,both,both
road_3529,both,both,both,both,both,both,both,both,both,both,both,both,both,both,both,both,both,both,both,both,both,both,both,both,both,both,both,both,both,both,both
road_3530,both,both,both,both,both,both,both,both,both,both,both,both,both,both,both,both,both,both,both,both,both,both,both,both,both,both,both,both,both,both,both
road_3531,both,both,both,both,both,both,both,both,both,both,both,both,both,both,both,both,both,both,both,both,both,both,both,both,both,both,both,both,both,both,both
road_3532,both,both,both,both,both,both,both,both,both,both,both,both,both,both,both,both,both,both,both,both,both,both,both,both,both,both,both,both,both,both,both
road_3533,both,both,both,both,both,both,both,both,both,both,both,both,both,both,both,both,both,both,both,both,both,both,both,both,both,both,both,both,both,both,both
road_3534,both,both,both,both,both,both,both,both,both,both,both,both,both,both,both,both,both,both,both,both,both,both,both,both,both,both,both,both,both,both,both
road_3535,both,both,both,both,both,both,both,both,both,both,both,both,both,both,both,both,both,both,both,both,both,both,both,both,both,both,both,both,both,both,both
road_3536,both,both,both,both,both,both,both,both,both,both,both,both,both,both,both,both,both,both,both,both,both,both,both,both,both,both,both,both,both,both,both
road_3537,both,both,both,both,both,both,both,both,both,both,both,both,both,both,both,both,both,both,both,both,both,both,both,both,both,both,both,both,both,both,both
road_3538,both,both,both,both,both,both,both,both,both,both,both,both,both,both,both,both,both,both,both,both,both,both,both,both,both,both,both,both,both,both,both
road_3539,both,both,both,both,both,both,both,both,both,both,both,both,both,both,both,both,both,both,both,both,both,both,both,both,both,both,both,both,both,both,both
road_3540,both,both,both,both,both,both,both,both,both,both,both,both,both,both,both,both,both,both,both,both,both,both,both,both,both,both,both,both,both,both,both
road_3541,both,both,both,both,both,both,both,both,both,both,both,both,both,both,both,both,both,both,both,both,both,both,both,both,both,both,both,both,both,both,both
road_3542,both,both,both,both,both,both,both,both,both,both,both,both,both,both,both,both,both,both,both,both,both,both,both,both,both,both,both,both,both,both,both
road_3543,both,both,both,both,both,both,both,both,both,both,both,both,both,both,both,both,both,both,both,both,both,both,both,both,both,both,both,both,both,both,both
road_3544,both,both,both,both,both,both,both,both,both,both,both,both,both,both,both,both,both,both,both,both,both,both,both,both,both,both,both,both,both,both,both
road_3545,both,both,both,both,both,both,both,both,both,both,both,both,both,both,both,both,both,both,both,both,both,both,both,both,both,both,both,both,both,both,both
road_3546,both,both,both,both,both,both,both,both,both,both,both,both,both,both,both,both,both,both,both,both,both,both,both,both,both,both,both,both,both,both,both
road_3547,both,both,both,both,both,both,both,both,both,both,both,both,both,both,both,both,both,both,both,both,both,both,both,both,both,both,both,both,both,both,both
road_3548,both,both,both,both,both,both,both,both,both,both,both,both,both,both,both,both,both,both,both,both,both,both,both,both,both,both,both,both,both,both,both
road_3549,both,both,both,both,both,both,both,both,both,both,both,both,both,both,both,both,both,both,both,both,both,both,both,both,both,both,both,both,both,both,both
road_3550,both,both,both,both,both,both,both,both,both,both,both,both,both,both,both,both,both,both,both,both,both,both,both,both,both,both,both,both,both,both,both
road_3551,both,both,both,both,both,both,both,both,both,both,both,both,both,both,both,both,both,both,both,both,both,both,both,both,both,both,both,both,both,both,both
road_3552,both,both,both,both,both,both,both,both,both,both,both,both,both,both,both,both,both,both,both,both,both,both,both,both,both,both,both,both,both,both,both
road_3553,both,both,both,both,both,both,both,both,both,both,both,both,both,both,both,both,both,both,both,both,both,both,both,both,both,both,both,both,both,both,both
road_3554,both,both,both,both,both,both,both,both,both,both,both,both,both,both,both,both,both,both,both,both,both,both,both,both,both,both,both,both,both,both,both
road_3555,both,both,both,both,both,both,both,both,both,both,both,both,both,both,both,both,both,both,both,both,both,both,both,both,both,both,both,both,both,both,both
road_3556,both,both,both,both,both,both,both,both,both,both,both,both,both,both,both,both,both,both,both,both,both,both,both,both,both,both,both,both,both,both,both
road_3557,both,both,both,both,both,both,both,both,both,both,both,both,both,both,both,both,both,both,both,both,both,both,both,both,both,both,both,both,both,both,both
road_3558,both,both,both,both,both,both,both,both,both,both,both,both,both,both,both,both,both,both,both,both,both,both,both,both,both,both,both,both,both,both,both
road_3559,both,both,both,both,both,both,both,both,both,both,both,both,both,both,both,both,both,both,both,both,both,both,both,both,both,both,both,both,both,both,both
road_3560,both,both,both,both,both,both,both,both,both,both,both,both,both,both,both,both,both,both,both,both,both,both,both,both,both,both,both,both,both,both,both
road_3561,both,both,both,both,both,both,both,both,both,both,both,both,both,both,both,both,both,both,both,both,both,both,both,both,both,both,both,both,both,both,both
road_3562,both,both,both,both,both,both,both,both,both,both,both,both,both,both,both,both,both,both,both,both,both,both,both,both,both,both,both,both,both,both,both
road_3563,both,both,both,both,both,both,both,both,both,both,both,both,both,both,both,both,both,both,both,both,both,both,both,both,both,both,both,both,both,both,both
road_3564,both,both,both,both,both,both,both,both,both,both,both,both,both,both,both,both,both,both,both,both,both,both,both,both,both,both,both,both,both,both,both
road_3565,both,both,both,both,both,both,both,both,both,both,both,both,both,both,both,both,both,both,both,both,both,both,both,both,both,both,both,both,both,both,both
road_3566,both,both,both,both,both,both,both,both,both,both,both,both,both,both,both,both,both,both,both,both,both,both,both,both,both,both,both,both,both,both,both
road_3567,both,both,both,both,both,both,both,both,both,both,both,both,both,both,both,both,both,both,both,both,both,both,both,both,both,both,both,both,both,both,both
road_3568,both,both,both,both,both,both,both,both,both,both,both,both,both,both,both,both,both,both,both,both,both,both,both,both,both,both,both,both,both,both,both
road_3569,both,both,both,both,both,both,both,both,both,both,both,both,both,both,both,both,both,both,both,both,both,both,both,both,both,both,both,both,both,both,both
road_3570,both,both,both,both,both,both,both,both,both,both,both,both,both,both,both,both,both,both,both,both,both,both,both,both,both,both,both,both,both,both,both
road_3571,both,both,both,both,both,both,both,both,both,both,both,both,both,both,both,both,both,both,both,both,both,both,both,both,both,both,both,both,both,both,both
road_3572,both,both,both,both,both,both,both,both,both,both,both,both,both,both,both,both,both,both,both,both,both,both,both,both,both,both,both,both,both,both,both
road_3573,both,both,both,both,both,both,both,both,both,both,both,both,both,both,both,both,both,both,both,both,both,both,both,both,both,both,both,both,both,both,both
road_3574,both,both,both,both,both,both,both,both,both,both,both,both,both,both,both,both,both,both,both,both,both,both,both,both,both,both,both,both,both,both,both
road_3575,both,both,both,both,both,both,both,both,both,both,both,both,both,both,both,both,both,both,both,both,both,both,both,both,both,both,both,both,both,both,both
road_3576,both,both,both,both,both,both,both,both,both,both,both,both,both,both,both,both,both,both,both,both,both,both,both,both,both,both,both,both,both,both,both
road_3577,both,both,both,both,both,both,both,both,both,both,both,both,both,both,both,both,both,both,both,both,both,both,both,both,both,both,both,both,both,both,both
road_3578,both,both,both,both,both,both,both,both,both,both,both,both,both,both,both,both,both,both,both,both,both,both,both,both,both,both,both,both,both,both,both
road_3579,both,both,both,both,both,both,both,both,both,both,both,both,both,both,both,both,both,both,both,both,both,both,both,both,both,both,both,both,both,both,both
road_3580,both,both,both,both,both,both,both,both,both,both,both,both,both,both,both,both,both,both,both,both,both,both,both,both,both,both,both,both,both,both,both
road_3581,both,both,both,both,both,both,both,both,both,both,both,both,both,both,both,both,both,both,both,both,both,both,both,both,both,both,both,both,both,both,both
road_3582,both,both,both,both,both,both,both,both,both,both,both,both,both,both,both,both,both,both,both,both,both,both,both,both,both,both,both,both,both,both,both
road_3583,both,both,both,both,both,both,both,both,both,both,both,both,both,both,both,both,both,both,both,both,both,both,both,both,both,both,both,both,both,both,both
road_3584,both,both,both,both,both,both,both,both,both,both,both,both,both,both,both,both,both,both,both,both,both,both,both,both,both,both,both,both,both,both,both
road_3585,both,both,both,both,both,both,both,both,both,both,both,both,both,both,both,both,both,both,both,both,both,both,both,both,both,both,both,both,both,both,both
road_3586,both,both,both,both,both,both,both,both,both,both,both,both,both,both,both,both,both,both,both,both,both,both,both,both,both,both,both,both,both,both,both
road_3587,both,both,both,both,both,both,both,both,both,both,both,both,both,both,both,both,both,both,both,both,both,both,both,both,both,both,both,both,both,both,both
road_3588,both,both,both,both,both,both,both,both,both,both,both,both,both,both,both,both,both,both,both,both,both,both,both,both,both,both,both,both,both,both,both
road_3589,both,both,both,both,both,both,both,both,both,both,both,both,both,both,both,both,both,both,both,both,both,both,both,both,both,both,both,both,both,both,both
road_3590,both,both,both,both,both,both,both,both,both,both,both,both,both,both,both,both,both,both,both,both,both,both,both,both,both,both,both,both,both,both,both
road_3591,both,both,both,both,both,both,both,both,both,both,both,both,both,both,both,both,both,both,both,both,both,both,both,both,both,both,both,both,both,both,both
road_3592,both,both,both,both,both,both,both,both,both,both,both,both,both,both,both,both,both,both,both,both,both,both,both,both,both,both,both,both,both,both,both
road_3593,both,both,both,both,both,both,both,both,both,both,both,both,both,both,both,both,both,both,both,both,both,both,both,both,both,both,both,both,both,both,both
road_3594,both,both,both,both,both,both,both,both,both,both,both,both,both,both,both,both,both,both,both,both,both,both,both,both,both,both,both,both,both,both,both
road_3595,both,both,both,both,both,both,both,both,both,both,both,both,both,both,both,both,both,both,both,both,both,both,both,both,both,both,both,both,both,both,both
road_3596,both,both,both,both,both,both,both,both,both,both,both,both,both,both,both,both,both,both,both,both,both,both,both,both,both,both,both,both,both,both,both
road_3597,both,both,both,both,both,both,both,both,both,both,both,both,both,both,both,both,both,both,both,both,both,both,both,both,both,both,both,both,both,both,both
road_3598,both,both,both,both,both,both,both,both,both,both,both,both,both,both,both,both,both,both,both,both,both,both,both,both,both,both,both,both,both,both,both
road_3599,both,both,both,both,both,both,both,both,both,both,both,both,both,both,both,both,both,both,both,both,both,both,both,both,both,both,both,both,both,both,both
road_3600,both,both,both,both,both,both,both,both,both,both,both,both,both,both,both,both,both,both,both,both,both,both,both,both,both,both,both,both,both,both,both
road_3601,both,both,both,both,both,both,both,both,both,both,both,both,both,both,both,both,both,both,both,both,both,both,both,both,both,both,both,both,both,both,both
road_3602,both,both,both,both,both,both,both,both,both,both,both,both,both,both,both,both,both,both,both,both,both,both,both,both,both,both,both,both,both,both,both
road_3603,both,both,both,both,both,both,both,both,both,both,both,both,both,both,both,both,both,both,both,both,both,both,both,both,both,both,both,both,both,both,both
road_3604,both,both,both,both,both,both,both,both,both,both,both,both,both,both,both,both,both,both,both,both,both,both,both,both,both,both,both,both,both,both,both
road_3605,both,both,both,both,both,both,both,both,both,both,both,both,both,both,both,both,both,both,both,both,both,both,both,both,both,both,both,both,both,both,both
road_3606,both,both,both,both,both,both,both,both,both,both,both,both,both,both,both,both,both,both,both,both,both,both,both,both,both,both,both,both,both,both,both
road_3607,both,both,both,both,both,both,both,both,both,both,both,both,both,both,both,both,both,both,both,both,both,both,both,both,both,both,both,both,both,both,both
road_3608,both,both,both,both,both,both,both,both,both,both,both,both,both,both,both,both,both,both,both,both,both,both,both,both,both,both,both,both,both,both,both
road_3609,both,both,both,both,both,both,both,both,both,both,both,both,both,both,both,both,both,both,both,both,both,both,both,both,both,both,both,both,both,both,both
road_3610,both,both,both,both,both,both,both,both,both,both,both,both,both,both,both,both,both,both,both,both,both,both,both,both,both,both,both,both,both,both,both
road_3611,both,both,both,both,both,both,both,both,both,both,both,both,both,both,both,both,both,both,both,both,both,both,both,both,both,both,both,both,both,both,both
road_3612,both,both,both,both,both,both,both,both,both,both,both,both,both,both,both,both,both,both,both,both,both,both,both,both,both,both,both,both,both,both,both
road_3613,both,both,both,both,both,both,both,both,both,both,both,both,both,both,both,both,both,both,both,both,both,both,both,both,both,both,both,both,both,both,both
road_3614,both,both,both,both,both,both,both,both,both,both,both,both,both,both,both,both,both,both,both,both,both,both,both,both,both,both,both,both,both,both,both
road_3615,both,both,both,both,both,both,both,both,both,both,both,both,both,both,both,both,both,both,both,both,both,both,both,both,both,both,both,both,both,both,both
road_3616,both,both,both,both,both,both,both,both,both,both,both,both,both,both,both,both,both,both,both,both,both,both,both,both,both,both,both,both,both,both,both
road_3617,both,both,both,both,both,both,both,both,both,both,both,both,both,both,both,both,both,both,both,both,both,both,both,both,both,both,both,both,both,both,both
road_3618,both,both,both,both,both,both,both,both,both,both,both,both,both,both,both,both,both,both,both,both,both,both,both,both,both,both,both,both,both,both,both
road_3619,both,both,both,both,both,both,both,both,both,both,both,both,both,both,both,both,both,both,both,both,both,both,both,both,both,both,both,both,both,both,both
road_3620,both,both,both,both,both,both,both,both,both,both,both,both,both,both,both,both,both,both,both,both,both,both,both,both,both,both,both,both,both,both,both
road_3621,both,both,both,both,both,both,both,both,both,both,both,both,both,both,both,both,both,both,both,both,both,both,both,both,both,both,both,both,both,both,both
road_3622,both,both,both,both,both,both,both,both,both,both,both,both,both,both,both,both,both,both,both,both,both,both,both,both,both,both,both,both,both,both,both
road_3623,both,both,both,both,both,both,both,both,both,both,both,both,both,both,both,both,both,both,both,both,both,both,both,both,both,both,both,both,both,both,both
road_3624,both,both,both,both,both,both,both,both,both,both,both,both,both,both,both,both,both,both,both,both,both,both,both,both,both,both,both,both,both,both,both
road_3625,both,both,both,both,both,both,both,both,both,both,both,both,both,both,both,both,both,both,both,both,both,both,both,both,both,both,both,both,both,both,both
road_3626,both,both,both,both,both,both,both,both,both,both,both,both,both,both,both,both,both,both,both,both,both,both,both,both,both,both,both,both,both,both,both
road_3627,both,both,both,both,both,both,both,both,both,both,both,both,both,both,both,both,both,both,both,both,both,both,both,both,both,both,both,both,both,both,both
road_3628,both,both,both,both,both,both,both,both,both,both,both,both,both,both,both,both,both,both,both,both,both,both,both,both,both,both,both,both,both,both,both
road_3629,both,both,both,both,both,both,both,both,both,both,both,both,both,both,both,both,both,both,both,both,both,both,both,both,both,both,both,both,both,both,both
road_3630,both,both,both,both,both,both,both,both,both,both,both,both,both,both,both,both,both,both,both,both,both,both,both,both,both,both,both,both,both,both,both
road_3631,both,both,both,both,both,both,both,both,both,both,both,both,both,both,both,both,both,both,both,both,both,both,both,both,both,both,both,both,both,both,both
road_3632,both,both,both,both,both,both,both,both,both,both,both,both,both,both,both,both,both,both,both,both,both,both,both,both,both,both,both,both,both,both,both
road_3633,both,both,both,both,both,both,both,both,both,both,both,both,both,both,both,both,both,both,both,both,both,both,both,both,both,both,both,both,both,both,both
road_3634,both,both,both,both,both,both,both,both,both,both,both,both,both,both,both,both,both,both,both,both,both,both,both,both,both,both,both,both,both,both,both
road_3635,both,both,both,both,both,both,both,both,both,both,both,both,both,both,both,both,both,both,both,both,both,both,both,both,both,both,both,both,both,both,both
road_3636,both,both,both,both,both,both,both,both,both,both,both,both,both,both,both,both,both,both,both,both,both,both,both,both,both,both,both,both,both,both,both
road_3637,both,both,both,both,both,both,both,both,both,both,both,both,both,both,both,both,both,both,both,both,both,both,both,both,both,both,both,both,both,both,both
road_3638,both,both,both,both,both,both,both,both,both,both,both,both,both,both,both,both,both,both,both,both,both,both,both,both,both,both,both,both,both,both,both
road_3639,both,both,both,both,both,both,both,both,both,both,both,both,both,both,both,both,both,both,both,both,both,both,both,both,both,both,both,both,both,both,both
road_3640,both,both,both,both,both,both,both,both,both,both,both,both,both,both,both,both,both,both,both,both,both,both,both,both,both,both,both,both,both,both,both
road_3641,both,both,both,both,both,both,both,both,both,both,both,both,both,both,both,both,both,both,both,both,both,both,both,both,both,both,both,both,both,both,both
road_3642,both,both,both,both,both,both,both,both,both,both,both,both,both,both,both,both,both,both,both,both,both,both,both,both,both,both,both,both,both,both,both
road_3643,both,both,both,both,both,both,both,both,both,both,both,both,both,both,both,both,both,both,both,both,both,both,both,both,both,both,both,both,both,both,both
road_3644,both,both,both,both,both,both,both,both,both,both,both,both,both,both,both,both,both,both,both,both,both,both,both,both,both,both,both,both,both,both,both
road_3645,both,both,both,both,both,both,both,both,both,both,both,both,both,both,both,both,both,both,both,both,both,both,both,both,both,both,both,both,both,both,both
road_3646,both,both,both,both,both,both,both,both,both,both,both,both,both,both,both,both,both,both,both,both,both,both,both,both,both,both,both,both,both,both,both
road_3647,both,both,both,both,both,both,both,both,both,both,both,both,both,both,both,both,both,both,both,both,both,both,both,both,both,both,both,both,both,both,both
road_3648,both,both,both,both,both,both,both,both,both,both,both,both,both,both,both,both,both,both,both,both,both,both,both,both,both,both,both,both,both,both,both
road_3649,both,both,both,both,both,both,both,both,both,both,both,both,both,both,both,both,both,both,both,both,both,both,both,both,both,both,both,both,both,both,both
road_3650,both,both,both,both,both,both,both,both,both,both,both,both,both,both,both,both,both,both,both,both,both,both,both,both,both,both,both,both,both,both,both
road_3651,both,both,both,both,both,both,both,both,both,both,both,both,both,both,both,both,both,both,both,both,both,both,both,both,both,both,both,both,both,both,both
road_3652,both,both,both,both,both,both,both,both,both,both,both,both,both,both,both,both,both,both,both,both,both,both,both,both,both,both,both,both,both,both,both
road_3653,both,both,both,both,both,both,both,both,both,both,both,both,both,both,both,both,both,both,both,both,both,both,both,both,both,both,both,both,both,both,both
road_3654,both,both,both,both,both,both,both,both,both,both,both,both,both,both,both,both,both,both,both,both,both,both,both,both,both,both,both,both,both,both,both
road_3655,both,both,both,both,both,both,both,both,both,both,both,both,both,both,both,both,both,both,both,both,both,both,both,both,both,both,both,both,both,both,both
road_3656,both,both,both,both,both,both,both,both,both,both,both,both,both,both,both,both,both,both,both,both,both,both,both,both,both,both,both,both,both,both,both
road_3657,both,both,both,both,both,both,both,both,both,both,both,both,both,both,both,both,both,both,both,both,both,both,both,both,both,both,both,both,both,both,both
road_3658,both,both,both,both,both,both,both,both,both,both,both,both,both,both,both,both,both,both,both,both,both,both,both,both,both,both,both,both,both,both,both
road_3659,both,both,both,both,both,both,both,both,both,both,both,both,both,both,both,both,both,both,both,both,both,both,both,both,both,both,both,both,both,both,both
road_3660,both,both,both,both,both,both,both,both,both,both,both,both,both,both,both,both,both,both,both,both,both,both,both,both,both,both,both,both,both,both,both
road_3661,both,both,both,both,both,both,both,both,both,both,both,both,both,both,both,both,both,both,both,both,both,both,both,both,both,both,both,both,both,both,both
road_3662,both,both,both,both,both,both,both,both,both,both,both,both,both,both,both,both,both,both,both,both,both,both,both,both,both,both,both,both,both,both,both
road_3663,both,both,both,both,both,both,both,both,both,both,both,both,both,both,both,both,both,both,both,both,both,both,both,both,both,both,both,both,both,both,both
road_3664,both,both,both,both,both,both,both,both,both,both,both,both,both,both,both,both,both,both,both,both,both,both,both,both,both,both,both,both,both,both,both
road_3665,both,both,both,both,both,both,both,both,both,both,both,both,both,both,both,both,both,both,both,both,both,both,both,both,both,both,both,both,both,both,both
road_3666,both,both,both,both,both,both,both,both,both,both,both,both,both,both,both,both,both,both,both,both,both,both,both,both,both,both,both,both,both,both,both
road_3667,both,both,both,both,both,both,both,both,both,both,both,both,both,both,both,both,both,both,both,both,both,both,both,both,both,both,both,both,both,both,both
road_3668,both,both,both,both,both,both,both,both,both,both,both,both,both,both,both,both,both,both,both,both,both,both,both,both,both,both,both,both,both,both,both
road_3669,both,both,both,both,both,both,both,both,both,both,both,both,both,both,both,both,both,both,both,both,both,both,both,both,both,both,both,both,both,both,both
road_3670,both,both,both,both,both,both,both,both,both,both,both,both,both,both,both,both,both,both,both,both,both,both,both,both,both,both,both,both,both,both,both
road_3671,both,both,both,both,both,both,both,both,both,both,both,both,both,both,both,both,both,both,both,both,both,both,both,both,both,both,both,both,both,both,both
road_3672,both,both,both,both,both,both,both,both,both,both,both,both,both,both,both,both,both,both,both,both,both,both,both,both,both,both,both,both,both,both,both
road_3673,both,both,both,both,both,both,both,both,both,both,both,both,both,both,both,both,both,both,both,both,both,both,both,both,both,both,both,both,both,both,both
road_3674,both,both,both,both,both,both,both,both,both,both,both,both,both,both,both,both,both,both,both,both,both,both,both,both,both,both,both,both,both,both,both
road_3675,both,both,both,both,both,both,both,both,both,both,both,both,both,both,both,both,both,both,both,both,both,both,both,both,both,both,both,both,both,both,both
road_3676,both,both,both,both,both,both,both,both,both,both,both,both,both,both,both,both,both,both,both,both,both,both,both,both,both,both,both,both,both,both,both
road_3677,both,both,both,both,both,both,both,both,both,both,both,both,both,both,both,both,both,both,both,both,both,both,both,both,both,both,both,both,both,both,both
road_3678,both,both,both,both,both,both,both,both,both,both,both,both,both,both,both,both,both,both,both,both,both,both,both,both,both,both,both,both,both,both,both
road_3679,both,both,both,both,both,both,both,both,both,both,both,both,both,both,both,both,both,both,both,both,both,both,both,both,both,both,both,both,both,both,both
road_3680,both,both,both,both,both,both,both,both,both,both,both,both,both,both,both,both,both,both,both,both,both,both,both,both,both,both,both,both,both,both,both
road_3681,both,both,both,both,both,both,both,both,both,both,both,both,both,both,both,both,both,both,both,both,both,both,both,both,both,both,both,both,both,both,both
road_3682,both,both,both,both,both,both,both,both,both,both,both,both,both,both,both,both,both,both,both,both,both,both,both,both,both,both,both,both,both,both,both
road_3683,both,both,both,both,both,both,both,both,both,both,both,both,both,both,both,both,both,both,both,both,both,both,both,both,both,both,both,both,both,both,both
road_3684,both,both,both,both,both,both,both,both,both,both,both,both,both,both,both,both,both,both,both,both,both,both,both,both,both,both,both,both,both,both,both
road_3685,both,both,both,both,both,both,both,both,both,both,both,both,both,both,both,both,both,both,both,both,both,both,both,both,both,both,both,both,both,both,both
road_3686,both,both,both,both,both,both,both,both,both,both,both,both,both,both,both,both,both,both,both,both,both,both,both,both,both,both,both,both,both,both,both
road_3687,both,both,both,both,both,both,both,both,both,both,both,both,both,both,both,both,both,both,both,both,both,both,both,both,both,both,both,both,both,both,both
road_3688,both,both,both,both,both,both,both,both,both,both,both,both,both,both,both,both,both,both,both,both,both,both,both,both,both,both,both,both,both,both,both
road_3689,both,both,both,both,both,both,both,both,both,both,both,both,both,both,both,both,both,both,both,both,both,both,both,both,both,both,both,both,both,both,both
road_3690,both,both,both,both,both,both,both,both,both,both,both,both,both,both,both,both,both,both,both,both,both,both,both,both,both,both,both,both,both,both,both
road_3691,both,both,both,both,both,both,both,both,both,both,both,both,both,both,both,both,both,both,both,both,both,both,both,both,both,both,both,both,both,both,both
road_3692,both,both,both,both,both,both,both,both,both,both,both,both,both,both,both,both,both,both,both,both,both,both,both,both,both,both,both,both,both,both,both
road_3693,both,both,both,both,both,both,both,both,both,both,both,both,both,both,both,both,both,both,both,both,both,both,both,both,both,both,both,both,both,both,both
road_3694,both,both,both,both,both,both,both,both,both,both,both,both,both,both,both,both,both,both,both,both,both,both,both,both,both,both,both,both,both,both,both
road_3695,both,both,both,both,both,both,both,both,both,both,both,both,both,both,both,both,both,both,both,both,both,both,both,both,both,both,both,both,both,both,both
road_3696,both,both,both,both,both,both,both,both,both,both,both,both,both,both,both,both,both,both,both,both,both,both,both,both,both,both,both,both,both,both,both
road_3697,both,both,both,both,both,both,both,both,both,both,both,both,both,both,both,both,both,both,both,both,both,both,both,both,both,both,both,both,both,both,both
road_3698,both,both,both,both,both,both,both,both,both,both,both,both,both,both,both,both,both,both,both,both,both,both,both,both,both,both,both,both,both,both,both
road_3699,both,both,both,both,both,both,both,both,both,both,both,both,both,both,both,both,both,both,both,both,both,both,both,both,both,both,both,both,both,both,both
road_3700,both,both,both,both,both,both,both,both,both,both,both,both,both,both,both,both,both,both,both,both,both,both,both,both,both,both,both,both,both,both,both
road_3701,both,both,both,both,both,both,both,both,both,both,both,both,both,both,both,both,both,both,both,both,both,both,both,both,both,both,both,both,both,both,both
road_3702,both,both,both,both,both,both,both,both,both,both,both,both,both,both,both,both,both,both,both,both,both,both,both,both,both,both,both,both,both,both,both
road_3703,both,both,both,both,both,both,both,both,both,both,both,both,both,both,both,both,both,both,both,both,both,both,both,both,both,both,both,both,both,both,both
road_3704,both,both,both,both,both,both,both,both,both,both,both,both,both,both,both,both,both,both,both,both,both,both,both,both,both,both,both,both,both,both,both
road_3705,both,both,both,both,both,both,both,both,both,both,both,both,both,both,both,both,both,both,both,both,both,both,both,both,both,both,both,both,both,both,both
road_3706,both,both,both,both,both,both,both,both,both,both,both,both,both,both,both,both,both,both,both,both,both,both,both,both,both,both,both,both,both,both,both
road_3707,both,both,both,both,both,both,both,both,both,both,both,both,both,both,both,both,both,both,both,both,both,both,both,both,both,both,both,both,both,both,both
road_3708,both,both,both,both,both,both,both,both,both,both,both,both,both,both,both,both,both,both,both,both,both,both,both,both,both,both,both,both,both,both,both
road_3709,both,both,both,both,both,both,both,both,both,both,both,both,both,both,both,both,both,both,both,both,both,both,both,both,both,both,both,both,both,both,both
road_3710,both,both,both,both,both,both,both,both,both,both,both,both,both,both,both,both,both,both,both,both,both,both,both,both,both,both,both,both,both,both,both
road_3711,both,both,both,both,both,both,both,both,both,both,both,both,both,both,both,both,both,both,both,both,both,both,both,both,both,both,both,both,both,both,both
road_3712,both,both,both,both,both,both,both,both,both,both,both,both,both,both,both,both,both,both,both,both,both,both,both,both,both,both,both,both,both,both,both
road_3713,both,both,both,both,both,both,both,both,both,both,both,both,both,both,both,both,both,both,both,both,both,both,both,both,both,both,both,both,both,both,both
road_3714,both,both,both,both,both,both,both,both,both,both,both,both,both,both,both,both,both,both,both,both,both,both,both,both,both,both,both,both,both,both,both
road_3715,both,both,both,both,both,both,both,both,both,both,both,both,both,both,both,both,both,both,both,both,both,both,both,both,both,both,both,both,both,both,both
road_3716,both,both,both,both,both,both,both,both,both,both,both,both,both,both,both,both,both,both,both,both,both,both,both,both,both,both,both,both,both,both,both
road_3717,both,both,both,both,both,both,both,both,both,both,both,both,both,both,both,both,both,both,both,both,both,both,both,both,both,both,both,both,both,both,both
road_3718,both,both,both,both,both,both,both,both,both,both,both,both,both,both,both,both,both,both,both,both,both,both,both,both,both,both,both,both,both,both,both
road_3719,both,both,both,both,both,both,both,both,both,both,both,both,both,both,both,both,both,both,both,both,both,both,both,both,both,both,both,both,both,both,both
road_3720,both,both,both,both,both,both,both,both,both,both,both,both,both,both,both,both,both,both,both,both,both,both,both,both,both,both,both,both,both,both,both
road_3721,both,both,both,both,both,both,both,both,both,both,both,both,both,both,both,both,both,both,both,both,both,both,both,both,both,both,both,both,both,both,both
road_3722,both,both,both,both,both,both,both,both,both,both,both,both,both,both,both,both,both,both,both,both,both,both,both,both,both,both,both,both,both,both,both
road_3723,both,both,both,both,both,both,both,both,both,both,both,both,both,both,both,both,both,both,both,both,both,both,both,both,both,both,both,both,both,both,both
road_3724,both,both,both,both,both,both,both,both,both,both,both,both,both,both,both,both,both,both,both,both,both,both,both,both,both,both,both,both,both,both,both
road_3725,both,both,both,both,both,both,both,both,both,both,both,both,both,both,both,both,both,both,both,both,both,both,both,both,both,both,both,both,both,both,both
road_3726,both,both,both,both,both,both,both,both,both,both,both,both,both,both,both,both,both,both,both,both,both,both,both,both,both,both,both,both,both,both,both
road_3727,both,both,both,both,both,both,both,both,both,both,both,both,both,both,both,both,both,both,both,both,both,both,both,both,both,both,both,both,both,both,both
road_3728,both,both,both,both,both,both,both,both,both,both,both,both,both,both,both,both,both,both,both,both,both,both,both,both,both,both,both,both,both,both,both
road_3729,both,both,both,both,both,both,both,both,both,both,both,both,both,both,both,both,both,both,both,both,both,both,both,both,both,both,both,both,both,both,both
road_3730,both,both,both,both,both,both,both,both,both,both,both,both,both,both,both,both,both,both,both,both,both,both,both,both,both,both,both,both,both,both,both
road_3731,both,both,both,both,both,both,both,both,both,both,both,both,both,both,both,both,both,both,both,both,both,both,both,both,both,both,both,both,both,both,both
road_3732,both,both,both,both,both,both,both,both,both,both,both,both,both,both,both,both,both,both,both,both,both,both,both,both,both,both,both,both,both,both,both
road_3733,both,both,both,both,both,both,both,both,both,both,both,both,both,both,both,both,both,both,both,both,both,both,both,both,both,both,both,both,both,both,both
road_3734,both,both,both,both,both,both,both,both,both,both,both,both,both,both,both,both,both,both,both,both,both,both,both,both,both,both,both,both,both,both,both
road_3735,both,both,both,both,both,both,both,both,both,both,both,both,both,both,both,both,both,both,both,both,both,both,both,both,both,both,both,both,both,both,both
road_3736,both,both,both,both,both,both,both,both,both,both,both,both,both,both,both,both,both,both,both,both,both,both,both,both,both,both,both,both,both,both,both
road_3737,both,both,both,both,both,both,both,both,both,both,both,both,both,both,both,both,both,both,both,both,both,both,both,both,both,both,both,both,both,both,both
road_3738,both,both,both,both,both,both,both,both,both,both,both,both,both,both,both,both,both,both,both,both,both,both,both,both,both,both,both,both,both,both,both
road_3739,both,both,both,both,both,both,both,both,both,both,both,both,both,both,both,both,both,both,both,both,both,both,both,both,both,both,both,both,both,both,both
road_3740,both,both,both,both,both,both,both,both,both,both,both,both,both,both,both,both,both,both,both,both,both,both,both,both,both,both,both,both,both,both,both
road_3741,both,both,both,both,both,both,both,both,both,both,both,both,both,both,both,both,both,both,both,both,both,both,both,both,both,both,both,both,both,both,both
road_3742,both,both,both,both,both,both,both,both,both,both,both,both,both,both,both,both,both,both,both,both,both,both,both,both,both,both,both,both,both,both,both
road_3743,both,both,both,both,both,both,both,both,both,both,both,both,both,both,both,both,both,both,both,both,both,both,both,both,both,both,both,both,both,both,both
road_3744,both,both,both,both,both,both,both,both,both,both,both,both,both,both,both,both,both,both,both,both,both,both,both,both,both,both,both,both,both,both,both
road_3745,both,both,both,both,both,both,both,both,both,both,both,both,both,both,both,both,both,both,both,both,both,both,both,both,both,both,both,both,both,both,both
road_3746,both,both,both,both,both,both,both,both,both,both,both,both,both,both,both,both,both,both,both,both,both,both,both,both,both,both,both,both,both,both,both
road_3747,both,both,both,both,both,both,both,both,both,both,both,both,both,both,both,both,both,both,both,both,both,both,both,both,both,both,both,both,both,both,both
road_3748,both,both,both,both,both,both,both,both,both,both,both,both,both,both,both,both,both,both,both,both,both,both,both,both,both,both,both,both,both,both,both
road_3749,both,both,both,both,both,both,both,both,both,both,both,both,both,both,both,both,both,both,both,both,both,both,both,both,both,both,both,both,both,both,both
road_3750,both,both,both,both,both,both,both,both,both,both,both,both,both,both,both,both,both,both,both,both,both,both,both,both,both,both,both,both,both,both,both
road_3751,both,both,both,both,both,both,both,both,both,both,both,both,both,both,both,both,both,both,both,both,both,both,both,both,both,both,both,both,both,both,both
road_3752,both,both,both,both,both,both,both,both,both,both,both,both,both,both,both,both,both,both,both,both,both,both,both,both,both,both,both,both,both,both,both
road_3753,both,both,both,both,both,both,both,both,both,both,both,both,both,both,both,both,both,both,both,both,both,both,both,both,both,both,both,both,both,both,both
road_3754,both,both,both,both,both,both,both,both,both,both,both,both,both,both,both,both,both,both,both,both,both,both,both,both,both,both,both,both,both,both,both
road_3755,both,both,both,both,both,both,both,both,both,both,both,both,both,both,both,both,both,both,both,both,both,both,both,both,both,both,both,both,both,both,both
road_3756,both,both,both,both,both,both,both,both,both,both,both,both,both,both,both,both,both,both,both,both,both,both,both,both,both,both,both,both,both,both,both
road_3757,both,both,both,both,both,both,both,both,both,both,both,both,both,both,both,both,both,both,both,both,both,both,both,both,both,both,both,both,both,both,both
road_3758,both,both,both,both,both,both,both,both,both,both,both,both,both,both,both,both,both,both,both,both,both,both,both,both,both,both,both,both,both,both,both
road_3759,both,both,both,both,both,both,both,both,both,both,both,both,both,both,both,both,both,both,both,both,both,both,both,both,both,both,both,both,both,both,both
road_3760,both,both,both,both,both,both,both,both,both,both,both,both,both,both,both,both,both,both,both,both,both,both,both,both,both,both,both,both,both,both,both
road_3761,both,both,both,both,both,both,both,both,both,both,both,both,both,both,both,both,both,both,both,both,both,both,both,both,both,both,both,both,both,both,both
road_3762,both,both,both,both,both,both,both,both,both,both,both,both,both,both,both,both,both,both,both,both,both,both,both,both,both,both,both,both,both,both,both
road_3763,both,both,both,both,both,both,both,both,both,both,both,both,both,both,both,both,both,both,both,both,both,both,both,both,both,both,both,both,both,both,both
road_3764,both,both,both,both,both,both,both,both,both,both,both,both,both,both,both,both,both,both,both,both,both,both,both,both,both,both,both,both,both,both,both
road_3765,both,both,both,both,both,both,both,both,both,both,both,both,both,both,both,both,both,both,both,both,both,both,both,both,both,both,both,both,both,both,both
road_3766,both,both,both,both,both,both,both,both,both,both,both,both,both,both,both,both,both,both,both,both,both,both,both,both,both,both,both,both,both,both,both
road_3767,both,both,both,both,both,both,both,both,both,both,both,both,both,both,both,both,both,both,both,both,both,both,both,both,both,both,both,both,both,both,both
road_3768,both,both,both,both,both,both,both,both,both,both,both,both,both,both,both,both,both,both,both,both,both,both,both,both,both,both,both,both,both,both,both
road_3769,both,both,both,both,both,both,both,both,both,both,both,both,both,both,both,both,both,both,both,both,both,both,both,both,both,both,both,both,both,both,both
road_3770,both,both,both,both,both,both,both,both,both,both,both,both,both,both,both,both,both,both,both,both,both,both,both,both,both,both,both,both,both,both,both
road_3771,both,both,both,both,both,both,both,both,both,both,both,both,both,both,both,both,both,both,both,both,both,both,both,both,both,both,both,both,both,both,both
road_3772,both,both,both,both,both,both,both,both,both,both,both,both,both,both,both,both,both,both,both,both,both,both,both,both,both,both,both,both,both,both,both
road_3773,both,both,both,both,both,both,both,both,both,both,both,both,both,both,both,both,both,both,both,both,both,both,both,both,both,both,both,both,both,both,both
road_3774,both,both,both,both,both,both,both,both,both,both,both,both,both,both,both,both,both,both,both,both,both,both,both,both,both,both,both,both,both,both,both
road_3775,both,both,both,both,both,both,both,both,both,both,both,both,both,both,both,both,both,both,both,both,both,both,both,both,both,both,both,both,both,both,both
road_3776,both,both,both,both,both,both,both,both,both,both,both,both,both,both,both,both,both,both,both,both,both,both,both,both,both,both,both,both,both,both,both
road_3777,both,both,both,both,both,both,both,both,both,both,both,both,both,both,both,both,both,both,both,both,both,both,both,both,both,both,both,both,both,both,both
road_3778,both,both,both,both,both,both,both,both,both,both,both,both,both,both,both,both,both,both,both,both,both,both,both,both,both,both,both,both,both,both,both
road_3779,both,both,both,both,both,both,both,both,both,both,both,both,both,both,both,both,both,both,both,both,both,both,both,both,both,both,both,both,both,both,both
road_3780,both,both,both,both,both,both,both,both,both,both,both,both,both,both,both,both,both,both,both,both,both,both,both,both,both,both,both,both,both,both,both
road_3781,both,both,both,both,both,both,both,both,both,both,both,both,both,both,both,both,both,both,both,both,both,both,both,both,both,both,both,both,both,both,both
road_3782,both,both,both,both,both,both,both,both,both,both,both,both,both,both,both,both,both,both,both,both,both,both,both,both,both,both,both,both,both,both,both
road_3783,both,both,both,both,both,both,both,both,both,both,both,both,both,both,both,both,both,both,both,both,both,both,both,both,both,both,both,both,both,both,both
road_3784,both,both,both,both,both,both,both,both,both,both,both,both,both,both,both,both,both,both,both,both,both,both,both,both,both,both,both,both,both,both,both
road_3785,both,both,both,both,both,both,both,both,both,both,both,both,both,both,both,both,both,both,both,both,both,both,both,both,both,both,both,both,both,both,both
road_3786,both,both,both,both,both,both,both,both,both,both,both,both,both,both,both,both,both,both,both,both,both,both,both,both,both,both,both,both,both,both,both
road_3787,both,both,both,both,both,both,both,both,both,both,both,both,both,both,both,both,both,both,both,both,both,both,both,both,both,both,both,both,both,both,both
road_3788,both,both,both,both,both,both,both,both,both,both,both,both,both,both,both,both,both,both,both,both,both,both,both,both,both,both,both,both,both,both,both
road_3789,both,both,both,both,both,both,both,both,both,both,both,both,both,both,both,both,both,both,both,both,both,both,both,both,both,both,both,both,both,both,both
road_3790,both,both,both,both,both,both,both,both,both,both,both,both,both,both,both,both,both,both,both,both,both,both,both,both,both,both,both,both,both,both,both
road_3791,both,both,both,both,both,both,both,both,both,both,both,both,both,both,both,both,both,both,both,both,both,both,both,both,both,both,both,both,both,both,both
road_3792,both,both,both,both,both,both,both,both,both,both,both,both,both,both,both,both,both,both,both,both,both,both,both,both,both,both,both,both,both,both,both
road_3793,both,both,both,both,both,both,both,both,both,both,both,both,both,both,both,both,both,both,both,both,both,both,both,both,both,both,both,both,both,both,both
road_3794,both,both,both,both,both,both,both,both,both,both,both,both,both,both,both,both,both,both,both,both,both,both,both,both,both,both,both,both,both,both,both
road_3795,both,both,both,both,both,both,both,both,both,both,both,both,both,both,both,both,both,both,both,both,both,both,both,both,both,both,both,both,both,both,both
road_3796,both,both,both,both,both,both,both,both,both,both,both,both,both,both,both,both,both,both,both,both,both,both,both,both,both,both,both,both,both,both,both
road_3797,both,both,both,both,both,both,both,both,both,both,both,both,both,both,both,both,both,both,both,both,both,both,both,both,both,both,both,both,both,both,both
road_3798,both,both,both,both,both,both,both,both,both,both,both,both,both,both,both,both,both,both,both,both,both,both,both,both,both,both,both,both,both,both,both
road_3799,both,both,both,both,both,both,both,both,both,both,both,both,both,both,both,both,both,both,both,both,both,both,both,both,both,both,both,both,both,both,both
road_3800,both,both,both,both,both,both,both,both,both,both,both,both,both,both,both,both,both,both,both,both,both,both,both,both,both,both,both,both,both,both,both
road_3801,both,both,both,both,both,both,both,both,both,both,both,both,both,both,both,both,both,both,both,both,both,both,both,both,both,both,both,both,both,both,both
road_3802,both,both,both,both,both,both,both,both,both,both,both,both,both,both,both,both,both,both,both,both,both,both,both,both,both,both,both,both,both,both,both
road_3803,both,both,both,both,both,both,both,both,both,both,both,both,both,both,both,both,both,both,both,both,both,both,both,both,both,both,both,both,both,both,both
road_3804,both,both,both,both,both,both,both,both,both,both,both,both,both,both,both,both,both,both,both,both,both,both,both,both,both,both,both,both,both,both,both
road_3805,both,both,both,both,both,both,both,both,both,both,both,both,both,both,both,both,both,both,both,both,both,both,both,both,both,both,both,both,both,both,both
road_3806,both,both,both,both,both,both,both,both,both,both,both,both,both,both,both,both,both,both,both,both,both,both,both,both,both,both,both,both,both,both,both
road_3807,both,both,both,both,both,both,both,both,both,both,both,both,both,both,both,both,both,both,both,both,both,both,both,both,both,both,both,both,both,both,both
road_3808,both,both,both,both,both,both,both,both,both,both,both,both,both,both,both,both,both,both,both,both,both,both,both,both,both,both,both,both,both,both,both
road_3809,both,both,both,both,both,both,both,both,both,both,both,both,both,both,both,both,both,both,both,both,both,both,both,both,both,both,both,both,both,both,both
road_3810,both,both,both,both,both,both,both,both,both,both,both,both,both,both,both,both,both,both,both,both,both,both,both,both,both,both,both,both,both,both,both
road_3811,both,both,both,both,both,both,both,both,both,both,both,both,both,both,both,both,both,both,both,both,both,both,both,both,both,both,both,both,both,both,both
road_3812,both,both,both,both,both,both,both,both,both,both,both,both,both,both,both,both,both,both,both,both,both,both,both,both,both,both,both,both,both,both,both
road_3813,both,both,both,both,both,both,both,both,both,both,both,both,both,both,both,both,both,both,both,both,both,both,both,both,both,both,both,both,both,both,both
road_3814,both,both,both,both,both,both,both,both,both,both,both,both,both,both,both,both,both,both,both,both,both,both,both,both,both,both,both,both,both,both,both
road_3815,both,both,both,both,both,both,both,both,both,both,both,both,both,both,both,both,both,both,both,both,both,both,both,both,both,both,both,both,both,both,both
road_3816,both,both,both,both,both,both,both,both,both,both,both,both,both,both,both,both,both,both,both,both,both,both,both,both,both,both,both,both,both,both,both
road_3817,both,both,both,both,both,both,both,both,both,both,both,both,both,both,both,both,both,both,both,both,both,both,both,both,both,both,both,both,both,both,both
road_3818,both,both,both,both,both,both,both,both,both,both,both,both,both,both,both,both,both,both,both,both,both,both,both,both,both,both,both,both,both,both,both
road_3819,both,both,both,both,both,both,both,both,both,both,both,both,both,both,both,both,both,both,both,both,both,both,both,both,both,both,both,both,both,both,both
road_3820,both,both,both,both,both,both,both,both,both,both,both,both,both,both,both,both,both,both,both,both,both,both,both,both,both,both,both,both,both,both,both
road_3821,both,both,both,both,both,both,both,both,both,both,both,both,both,both,both,both,both,both,both,both,both,both,both,both,both,both,both,both,both,both,both
road_3822,both,both,both,both,both,both,both,both,both,both,both,both,both,both,both,both,both,both,both,both,both,both,both,both,both,both,both,both,both,both,both
road_3823,both,both,both,both,both,both,both,both,both,both,both,both,both,both,both,both,both,both,both,both,both,both,both,both,both,both,both,both,both,both,both
road_3824,both,both,both,both,both,both,both,both,both,both,both,both,both,both,both,both,both,both,both,both,both,both,both,both,both,both,both,both,both,both,both
road_3825,both,both,both,both,both,both,both,both,both,both,both,both,both,both,both,both,both,both,both,both,both,both,both,both,both,both,both,both,both,both,both
road_3826,both,both,both,both,both,both,both,both,both,both,both,both,both,both,both,both,both,both,both,both,both,both,both,both,both,both,both,both,both,both,both
road_3827,both,both,both,both,both,both,both,both,both,both,both,both,both,both,both,both,both,both,both,both,both,both,both,both,both,both,both,both,both,both,both
road_3828,both,both,both,both,both,both,both,both,both,both,both,both,both,both,both,both,both,both,both,both,both,both,both,both,both,both,both,both,both,both,both
road_3829,both,both,both,both,both,both,both,both,both,both,both,both,both,both,both,both,both,both,both,both,both,both,both,both,both,both,both,both,both,both,both
road_3830,both,both,both,both,both,both,both,both,both,both,both,both,both,both,both,both,both,both,both,both,both,both,both,both,both,both,both,both,both,both,both
road_3831,both,both,both,both,both,both,both,both,both,both,both,both,both,both,both,both,both,both,both,both,both,both,both,both,both,both,both,both,both,both,both
road_3832,both,both,both,both,both,both,both,both,both,both,both,both,both,both,both,both,both,both,both,both,both,both,both,both,both,both,both,both,both,both,both
road_3833,both,both,both,both,both,both,both,both,both,both,both,both,both,both,both,both,both,both,both,both,both,both,both,both,both,both,both,both,both,both,both
road_3834,both,both,both,both,both,both,both,both,both,both,both,both,both,both,both,both,both,both,both,both,both,both,both,both,both,both,both,both,both,both,both
road_3835,both,both,both,both,both,both,both,both,both,both,both,both,both,both,both,both,both,both,both,both,both,both,both,both,both,both,both,both,both,both,both
road_3836,both,both,both,both,both,both,both,both,both,both,both,both,both,both,both,both,both,both,both,both,both,both,both,both,both,both,both,both,both,both,both
road_3837,both,both,both,both,both,both,both,both,both,both,both,both,both,both,both,both,both,both,both,both,both,both,both,both,both,both,both,both,both,both,both
road_3838,both,both,both,both,both,both,both,both,both,both,both,both,both,both,both,both,both,both,both,both,both,both,both,both,both,both,both,both,both,both,both
road_3839,both,both,both,both,both,both,both,both,both,both,both,both,both,both,both,both,both,both,both,both,both,both,both,both,both,both,both,both,both,both,both
road_3840,both,both,both,both,both,both,both,both,both,both,both,both,both,both,both,both,both,both,both,both,both,both,both,both,both,both,both,both,both,both,both
road_3841,both,both,both,both,both,both,both,both,both,both,both,both,both,both,both,both,both,both,both,both,both,both,both,both,both,both,both,both,both,both,both
road_3842,both,both,both,both,both,both,both,both,both,both,both,both,both,both,both,both,both,both,both,both,both,both,both,both,both,both,both,both,both,both,both
road_3843,both,both,both,both,both,both,both,both,both,both,both,both,both,both,both,both,both,both,both,both,both,both,both,both,both,both,both,both,both,both,both
road_3844,both,both,both,both,both,both,both,both,both,both,both,both,both,both,both,both,both,both,both,both,both,both,both,both,both,both,both,both,both,both,both
road_3845,both,both,both,both,both,both,both,both,both,both,both,both,both,both,both,both,both,both,both,both,both,both,both,both,both,both,both,both,both,both,both
road_3846,both,both,both,both,both,both,both,both,both,both,both,both,both,both,both,both,both,both,both,both,both,both,both,both,both,both,both,both,both,both,both
road_3847,both,both,both,both,both,both,both,both,both,both,both,both,both,both,both,both,both,both,both,both,both,both,both,both,both,both,both,both,both,both,both
road_3848,both,both,both,both,both,both,both,both,both,both,both,both,both,both,both,both,both,both,both,both,both,both,both,both,both,both,both,both,both,both,both
road_3849,both,both,both,both,both,both,both,both,both,both,both,both,both,both,both,both,both,both,both,both,both,both,both,both,both,both,both,both,both,both,both
road_3850,both,both,both,both,both,both,both,both,both,both,both,both,both,both,both,both,both,both,both,both,both,both,both,both,both,both,both,both,both,both,both
road_3851,both,both,both,both,both,both,both,both,both,both,both,both,both,both,both,both,both,both,both,both,both,both,both,both,both,both,both,both,both,both,both
road_3852,both,both,both,both,both,both,both,both,both,both,both,both,both,both,both,both,both,both,both,both,both,both,both,both,both,both,both,both,both,both,both
road_3853,both,both,both,both,both,both,both,both,both,both,both,both,both,both,both,both,both,both,both,both,both,both,both,both,both,both,both,both,both,both,both
road_3854,both,both,both,both,both,both,both,both,both,both,both,both,both,both,both,both,both,both,both,both,both,both,both,both,both,both,both,both,both,both,both
road_3855,both,both,both,both,both,both,both,both,both,both,both,both,both,both,both,both,both,both,both,both,both,both,both,both,both,both,both,both,both,both,both
road_3856,both,both,both,both,both,both,both,both,both,both,both,both,both,both,both,both,both,both,both,both,both,both,both,both,both,both,both,both,both,both,both
road_3857,both,both,both,both,both,both,both,both,both,both,both,both,both,both,both,both,both,both,both,both,both,both,both,both,both,both,both,both,both,both,both
road_3858,both,both,both,both,both,both,both,both,both,both,both,both,both,both,both,both,both,both,both,both,both,both,both,both,both,both,both,both,both,both,both
road_3859,both,both,both,both,both,both,both,both,both,both,both,both,both,both,both,both,both,both,both,both,both,both,both,both,both,both,both,both,both,both,both
road_3860,both,both,both,both,both,both,both,both,both,both,both,both,both,both,both,both,both,both,both,both,both,both,both,both,both,both,both,both,both,both,both
road_3861,both,both,both,both,both,both,both,both,both,both,both,both,both,both,both,both,both,both,both,both,both,both,both,both,both,both,both,both,both,both,both
road_3862,both,both,both,both,both,both,both,both,both,both,both,both,both,both,both,both,both,both,both,both,both,both,both,both,both,both,both,both,both,both,both
road_3863,both,both,both,both,both,both,both,both,both,both,both,both,both,both,both,both,both,both,both,both,both,both,both,both,both,both,both,both,both,both,both
road_3864,both,both,both,both,both,both,both,both,both,both,both,both,both,both,both,both,both,both,both,both,both,both,both,both,both,both,both,both,both,both,both
road_3865,both,both,both,both,both,both,both,both,both,both,both,both,both,both,both,both,both,both,both,both,both,both,both,both,both,both,both,both,both,both,both
road_3866,both,both,both,both,both,both,both,both,both,both,both,both,both,both,both,both,both,both,both,both,both,both,both,both,both,both,both,both,both,both,both
road_3867,both,both,both,both,both,both,both,both,both,both,both,both,both,both,both,both,both,both,both,both,both,both,both,both,both,both,both,both,both,both,both
road_3868,both,both,both,both,both,both,both,both,both,both,both,both,both,both,both,both,both,both,both,both,both,both,both,both,both,both,both,both,both,both,both
road_3869,both,both,both,both,both,both,both,both,both,both,both,both,both,both,both,both,both,both,both,both,both,both,both,both,both,both,both,both,both,both,both
road_3870,both,both,both,both,both,both,both,both,both,both,both,both,both,both,both,both,both,both,both,both,both,both,both,both,both,both,both,both,both,both,both
road_3871,both,both,both,both,both,both,both,both,both,both,both,both,both,both,both,both,both,both,both,both,both,both,both,both,both,both,both,both,both,both,both
road_3872,both,both,both,both,both,both,both,both,both,both,both,both,both,both,both,both,both,both,both,both,both,both,both,both,both,both,both,both,both,both,both
road_3873,both,both,both,both,both,both,both,both,both,both,both,both,both,both,both,both,both,both,both,both,both,both,both,both,both,both,both,both,both,both,both
road_3874,both,both,both,both,both,both,both,both,both,both,both,both,both,both,both,both,both,both,both,both,both,both,both,both,both,both,both,both,both,both,both
road_3875,both,both,both,both,both,both,both,both,both,both,both,both,both,both,both,both,both,both,both,both,both,both,both,both,both,both,both,both,both,both,both
road_3876,both,both,both,both,both,both,both,both,both,both,both,both,both,both,both,both,both,both,both,both,both,both,both,both,both,both,both,both,both,both,both
road_3877,both,both,both,both,both,both,both,both,both,both,both,both,both,both,both,both,both,both,both,both,both,both,both,both,both,both,both,both,both,both,both
road_3878,both,both,both,both,both,both,both,both,both,both,both,both,both,both,both,both,both,both,both,both,both,both,both,both,both,both,both,both,both,both,both
road_3879,both,both,both,both,both,both,both,both,both,both,both,both,both,both,both,both,both,both,both,both,both,both,both,both,both,both,both,both,both,both,both
road_3880,both,both,both,both,both,both,both,both,both,both,both,both,both,both,both,both,both,both,both,both,both,both,both,both,both,both,both,both,both,both,both
road_3881,both,both,both,both,both,both,both,both,both,both,both,both,both,both,both,both,both,both,both,both,both,both,both,both,both,both,both,both,both,both,both
road_3882,both,both,both,both,both,both,both,both,both,both,both,both,both,both,both,both,both,both,both,both,both,both,both,both,both,both,both,both,both,both,both
road_3883,both,both,both,both,both,both,both,both,both,both,both,both,both,both,both,both,both,both,both,both,both,both,both,both,both,both,both,both,both,both,both
road_3884,both,both,both,both,both,both,both,both,both,both,both,both,both,both,both,both,both,both,both,both,both,both,both,both,both,both,both,both,both,both,both
road_3885,both,both,both,both,both,both,both,both,both,both,both,both,both,both,both,both,both,both,both,both,both,both,both,both,both,both,both,both,both,both,both
road_3886,both,both,both,both,both,both,both,both,both,both,both,both,both,both,both,both,both,both,both,both,both,both,both,both,both,both,both,both,both,both,both
road_3887,both,both,both,both,both,both,both,both,both,both,both,both,both,both,both,both,both,both,both,both,both,both,both,both,both,both,both,both,both,both,both
road_3888,both,both,both,both,both,both,both,both,both,both,both,both,both,both,both,both,both,both,both,both,both,both,both,both,both,both,both,both,both,both,both
road_3889,both,both,both,both,both,both,both,both,both,both,both,both,both,both,both,both,both,both,both,both,both,both,both,both,both,both,both,both,both,both,both
road_3890,both,both,both,both,both,both,both,both,both,both,both,both,both,both,both,both,both,both,both,both,both,both,both,both,both,both,both,both,both,both,both
road_3891,both,both,both,both,both,both,both,both,both,both,both,both,both,both,both,both,both,both,both,both,both,both,both,both,both,both,both,both,both,both,both
road_3892,both,both,both,both,both,both,both,both,both,both,both,both,both,both,both,both,both,both,both,both,both,both,both,both,both,both,both,both,both,both,both
road_3893,both,both,both,both,both,both,both,both,both,both,both,both,both,both,both,both,both,both,both,both,both,both,both,both,both,both,both,both,both,both,both
road_3894,both,both,both,both,both,both,both,both,both,both,both,both,both,both,both,both,both,both,both,both,both,both,both,both,both,both,both,both,both,both,both
road_3895,both,both,both,both,both,both,both,both,both,both,both,both,both,both,both,both,both,both,both,both,both,both,both,both,both,both,both,both,both,both,both
road_3896,both,both,both,both,both,both,both,both,both,both,both,both,both,both,both,both,both,both,both,both,both,both,both,both,both,both,both,both,both,both,both
road_3897,both,both,both,both,both,both,both,both,both,both,both,both,both,both,both,both,both,both,both,both,both,both,both,both,both,both,both,both,both,both,both
road_3898,both,both,both,both,both,both,both,both,both,both,both,both,both,both,both,both,both,both,both,both,both,both,both,both,both,both,both,both,both,both,both
road_3899,both,both,both,both,both,both,both,both,both,both,both,both,both,both,both,both,both,both,both,both,both,both,both,both,both,both,both,both,both,both,both
road_3900,both,both,both,both,both,both,both,both,both,both,both,both,both,both,both,both,both,both,both,both,both,both,both,both,both,both,both,both,both,both,both
road_3901,both,both,both,both,both,both,both,both,both,both,both,both,both,both,both,both,both,both,both,both,both,both,both,both,both,both,both,both,both,both,both
road_3902,both,both,both,both,both,both,both,both,both,both,both,both,both,both,both,both,both,both,both,both,both,both,both,both,both,both,both,both,both,both,both
road_3903,both,both,both,both,both,both,both,both,both,both,both,both,both,both,both,both,both,both,both,both,both,both,both,both,both,both,both,both,both,both,both
road_3904,both,both,both,both,both,both,both,both,both,both,both,both,both,both,both,both,both,both,both,both,both,both,both,both,both,both,both,both,both,both,both
road_3905,both,both,both,both,both,both,both,both,both,both,both,both,both,both,both,both,both,both,both,both,both,both,both,both,both,both,both,both,both,both,both
road_3906,both,both,both,both,both,both,both,both,both,both,both,both,both,both,both,both,both,both,both,both,both,both,both,both,both,both,both,both,both,both,both
road_3907,both,both,both,both,both,both,both,both,both,both,both,both,both,both,both,both,both,both,both,both,both,both,both,both,both,both,both,both,both,both,both
road_3908,both,both,both,both,both,both,both,both,both,both,both,both,both,both,both,both,both,both,both,both,both,both,both,both,both,both,both,both,both,both,both
road_3909,both,both,both,both,both,both,both,both,both,both,both,both,both,both,both,both,both,both,both,both,both,both,both,both,both,both,both,both,both,both,both
road_3910,both,both,both,both,both,both,both,both,both,both,both,both,both,both,both,both,both,both,both,both,both,both,both,both,both,both,both,both,both,both,both
road_3911,both,both,both,both,both,both,both,both,both,both,both,both,both,both,both,both,both,both,both,both,both,both,both,both,both,both,both,both,both,both,both
road_3912,both,both,both,both,both,both,both,both,both,both,both,both,both,both,both,both,both,both,both,both,both,both,both,both,both,both,both,both,both,both,both
road_3913,both,both,both,both,both,both,both,both,both,both,both,both,both,both,both,both,both,both,both,both,both,both,both,both,both,both,both,both,both,both,both
road_3914,both,both,both,both,both,both,both,both,both,both,both,both,both,both,both,both,both,both,both,both,both,both,both,both,both,both,both,both,both,both,both
road_3915,both,both,both,both,both,both,both,both,both,both,both,both,both,both,both,both,both,both,both,both,both,both,both,both,both,both,both,both,both,both,both
road_3916,both,both,both,both,both,both,both,both,both,both,both,both,both,both,both,both,both,both,both,both,both,both,both,both,both,both,both,both,both,both,both
road_3917,both,both,both,both,both,both,both,both,both,both,both,both,both,both,both,both,both,both,both,both,both,both,both,both,both,both,both,both,both,both,both
road_3918,both,both,both,both,both,both,both,both,both,both,both,both,both,both,both,both,both,both,both,both,both,both,both,both,both,both,both,both,both,both,both
road_3919,both,both,both,both,both,both,both,both,both,both,both,both,both,both,both,both,both,both,both,both,both,both,both,both,both,both,both,both,both,both,both
road_3920,both,both,both,both,both,both,both,both,both,both,both,both,both,both,both,both,both,both,both,both,both,both,both,both,both,both,both,both,both,both,both
road_3921,both,both,both,both,both,both,both,both,both,both,both,both,both,both,both,both,both,both,both,both,both,both,both,both,both,both,both,both,both,both,both
road_3922,both,both,both,both,both,both,both,both,both,both,both,both,both,both,both,both,both,both,both,both,both,both,both,both,both,both,both,both,both,both,both
road_3923,both,both,both,both,both,both,both,both,both,both,both,both,both,both,both,both,both,both,both,both,both,both,both,both,both,both,both,both,both,both,both
road_3924,both,both,both,both,both,both,both,both,both,both,both,both,both,both,both,both,both,both,both,both,both,both,both,both,both,both,both,both,both,both,both
road_3925,both,both,both,both,both,both,both,both,both,both,both,both,both,both,both,both,both,both,both,both,both,both,both,both,both,both,both,both,both,both,both
road_3926,both,both,both,both,both,both,both,both,both,both,both,both,both,both,both,both,both,both,both,both,both,both,both,both,both,both,both,both,both,both,both
road_3927,both,both,both,both,both,both,both,both,both,both,both,both,both,both,both,both,both,both,both,both,both,both,both,both,both,both,both,both,both,both,both
road_3928,both,both,both,both,both,both,both,both,both,both,both,both,both,both,both,both,both,both,both,both,both,both,both,both,both,both,both,both,both,both,both
road_3929,both,both,both,both,both,both,both,both,both,both,both,both,both,both,both,both,both,both,both,both,both,both,both,both,both,both,both,both,both,both,both
road_3930,both,both,both,both,both,both,both,both,both,both,both,both,both,both,both,both,both,both,both,both,both,both,both,both,both,both,both,both,both,both,both
road_3931,both,both,both,both,both,both,both,both,both,both,both,both,both,both,both,both,both,both,both,both,both,both,both,both,both,both,both,both,both,both,both
road_3932,both,both,both,both,both,both,both,both,both,both,both,both,both,both,both,both,both,both,both,both,both,both,both,both,both,both,both,both,both,both,both
road_3933,both,both,both,both,both,both,both,both,both,both,both,both,both,both,both,both,both,both,both,both,both,both,both,both,both,both,both,both,both,both,both
road_3934,both,both,both,both,both,both,both,both,both,both,both,both,both,both,both,both,both,both,both,both,both,both,both,both,both,both,both,both,both,both,both
road_3935,both,both,both,both,both,both,both,both,both,both,both,both,both,both,both,both,both,both,both,both,both,both,both,both,both,both,both,both,both,both,both
road_3936,both,both,both,both,both,both,both,both,both,both,both,both,both,both,both,both,both,both,both,both,both,both,both,both,both,both,both,both,both,both,both
road_3937,both,both,both,both,both,both,both,both,both,both,both,both,both,both,both,both,both,both,both,both,both,both,both,both,both,both,both,both,both,both,both
road_3938,both,both,both,both,both,both,both,both,both,both,both,both,both,both,both,both,both,both,both,both,both,both,both,both,both,both,both,both,both,both,both
road_3939,both,both,both,both,both,both,both,both,both,both,both,both,both,both,both,both,both,both,both,both,both,both,both,both,both,both,both,both,both,both,both
road_3940,both,both,both,both,both,both,both,both,both,both,both,both,both,both,both,both,both,both,both,both,both,both,both,both,both,both,both,both,both,both,both
road_3941,both,both,both,both,both,both,both,both,both,both,both,both,both,both,both,both,both,both,both,both,both,both,both,both,both,both,both,both,both,both,both
road_3942,both,both,both,both,both,both,both,both,both,both,both,both,both,both,both,both,both,both,both,both,both,both,both,both,both,both,both,both,both,both,both
road_3943,both,both,both,both,both,both,both,both,both,both,both,both,both,both,both,both,both,both,both,both,both,both,both,both,both,both,both,both,both,both,both
road_3944,both,both,both,both,both,both,both,both,both,both,both,both,both,both,both,both,both,both,both,both,both,both,both,both,both,both,both,both,both,both,both
road_3945,both,both,both,both,both,both,both,both,both,both,both,both,both,both,both,both,both,both,both,both,both,both,both,both,both,both,both,both,both,both,both
road_3946,both,both,both,both,both,both,both,both,both,both,both,both,both,both,both,both,both,both,both,both,both,both,both,both,both,both,both,both,both,both,both
road_3947,both,both,both,both,both,both,both,both,both,both,both,both,both,both,both,both,both,both,both,both,both,both,both,both,both,both,both,both,both,both,both
road_3948,both,both,both,both,both,both,both,both,both,both,both,both,both,both,both,both,both,both,both,both,both,both,both,both,both,both,both,both,both,both,both
road_3949,both,both,both,both,both,both,both,both,both,both,both,both,both,both,both,both,both,both,both,both,both,both,both,both,both,both,both,both,both,both,both
road_3950,both,both,both,both,both,both,both,both,both,both,both,both,both,both,both,both,both,both,both,both,both,both,both,both,both,both,both,both,both,both,both
road_3951,both,both,both,both,both,both,both,both,both,both,both,both,both,both,both,both,both,both,both,both,both,both,both,both,both,both,both,both,both,both,both
road_3952,both,both,both,both,both,both,both,both,both,both,both,both,both,both,both,both,both,both,both,both,both,both,both,both,both,both,both,both,both,both,both
road_3953,both,both,both,both,both,both,both,both,both,both,both,both,both,both,both,both,both,both,both,both,both,both,both,both,both,both,both,both,both,both,both
road_3954,both,both,both,both,both,both,both,both,both,both,both,both,both,both,both,both,both,both,both,both,both,both,both,both,both,both,both,both,both,both,both
road_3955,both,both,both,both,both,both,both,both,both,both,both,both,both,both,both,both,both,both,both,both,both,both,both,both,both,both,both,both,both,both,both
road_3956,both,both,both,both,both,both,both,both,both,both,both,both,both,both,both,both,both,both,both,both,both,both,both,both,both,both,both,both,both,both,both
road_3957,both,both,both,both,both,both,both,both,both,both,both,both,both,both,both,both,both,both,both,both,both,both,both,both,both,both,both,both,both,both,both
road_3958,both,both,both,both,both,both,both,both,both,both,both,both,both,both,both,both,both,both,both,both,both,both,both,both,both,both,both,both,both,both,both
road_3959,both,both,both,both,both,both,both,both,both,both,both,both,both,both,both,both,both,both,both,both,both,both,both,both,both,both,both,both,both,both,both
road_3960,both,both,both,both,both,both,both,both,both,both,both,both,both,both,both,both,both,both,both,both,both,both,both,both,both,both,both,both,both,both,both
road_3961,both,both,both,both,both,both,both,both,both,both,both,both,both,both,both,both,both,both,both,both,both,both,both,both,both,both,both,both,both,both,both
road_3962,both,both,both,both,both,both,both,both,both,both,both,both,both,both,both,both,both,both,both,both,both,both,both,both,both,both,both,both,both,both,both
road_3963,both,both,both,both,both,both,both,both,both,both,both,both,both,both,both,both,both,both,both,both,both,both,both,both,both,both,both,both,both,both,both
road_3964,both,both,both,both,both,both,both,both,both,both,both,both,both,both,both,both,both,both,both,both,both,both,both,both,both,both,both,both,both,both,both
road_3965,both,both,both,both,both,both,both,both,both,both,both,both,both,both,both,both,both,both,both,both,both,both,both,both,both,both,both,both,both,both,both
road_3966,both,both,both,both,both,both,both,both,both,both,both,both,both,both,both,both,both,both,both,both,both,both,both,both,both,both,both,both,both,both,both
road_3967,both,both,both,both,both,both,both,both,both,both,both,both,both,both,both,both,both,both,both,both,both,both,both,both,both,both,both,both,both,both,both
road_3968,both,both,both,both,both,both,both,both,both,both,both,both,both,both,both,both,both,both,both,both,both,both,both,both,both,both,both,both,both,both,both
road_3969,both,both,both,both,both,both,both,both,both,both,both,both,both,both,both,both,both,both,both,both,both,both,both,both,both,both,both,both,both,both,both
road_3970,both,both,both,both,both,both,both,both,both,both,both,both,both,both,both,both,both,both,both,both,both,both,both,both,both,both,both,both,both,both,both
road_3971,both,both,both,both,both,both,both,both,both,both,both,both,both,both,both,both,both,both,both,both,both,both,both,both,both,both,both,both,both,both,both
road_3972,both,both,both,both,both,both,both,both,both,both,both,both,both,both,both,both,both,both,both,both,both,both,both,both,both,both,both,both,both,both,both
road_3973,both,both,both,both,both,both,both,both,both,both,both,both,both,both,both,both,both,both,both,both,both,both,both,both,both,both,both,both,both,both,both
road_3974,both,both,both,both,both,both,both,both,both,both,both,both,both,both,both,both,both,both,both,both,both,both,both,both,both,both,both,both,both,both,both
road_3975,both,both,both,both,both,both,both,both,both,both,both,both,both,both,both,both,both,both,both,both,both,both,both,both,both,both,both,both,both,both,both
road_3976,both,both,both,both,both,both,both,both,both,both,both,both,both,both,both,both,both,both,both,both,both,both,both,both,both,both,both,both,both,both,both
road_3977,both,both,both,both,both,both,both,both,both,both,both,both,both,both,both,both,both,both,both,both,both,both,both,both,both,both,both,both,both,both,both
road_3978,both,both,both,both,both,both,both,both,both,both,both,both,both,both,both,both,both,both,both,both,both,both,both,both,both,both,both,both,both,both,both
road_3979,both,both,both,both,both,both,both,both,both,both,both,both,both,both,both,both,both,both,both,both,both,both,both,both,both,both,both,both,both,both,both
road_3980,both,both,both,both,both,both,both,both,both,both,both,both,both,both,both,both,both,both,both,both,both,both,both,both,both,both,both,both,both,both,both
road_3981,both,both,both,both,both,both,both,both,both,both,both,both,both,both,both,both,both,both,both,both,both,both,both,both,both,both,both,both,both,both,both
road_3982,both,both,both,both,both,both,both,both,both,both,both,both,both,both,both,both,both,both,both,both,both,both,both,both,both,both,both,both,both,both,both
road_3983,both,both,both,both,both,both,both,both,both,both,both,both,both,both,both,both,both,both,both,both,both,both,both,both,both,both,both,both,both,both,both
road_3984,both,both,both,both,both,both,both,both,both,both,both,both,both,both,both,both,both,both,both,both,both,both,both,both,both,both,both,both,both,both,both
road_3985,both,both,both,both,both,both,both,both,both,both,both,both,both,both,both,both,both,both,both,both,both,both,both,both,both,both,both,both,both,both,both
road_3986,both,both,both,both,both,both,both,both,both,both,both,both,both,both,both,both,both,both,both,both,both,both,both,both,both,both,both,both,both,both,both
road_3987,both,both,both,both,both,both,both,both,both,both,both,both,both,both,both,both,both,both,both,both,both,both,both,both,both,both,both,both,both,both,both
road_3988,both,both,both,both,both,both,both,both,both,both,both,both,both,both,both,both,both,both,both,both,both,both,both,both,both,both,both,both,both,both,both
road_3989,both,both,both,both,both,both,both,both,both,both,both,both,both,both,both,both,both,both,both,both,both,both,both,both,both,both,both,both,both,both,both
road_3990,both,both,both,both,both,both,both,both,both,both,both,both,both,both,both,both,both,both,both,both,both,both,both,both,both,both,both,both,both,both,both
road_3991,both,both,both,both,both,both,both,both,both,both,both,both,both,both,both,both,both,both,both,both,both,both,both,both,both,both,both,both,both,both,both
road_3992,both,both,both,both,both,both,both,both,both,both,both,both,both,both,both,both,both,both,both,both,both,both,both,both,both,both,both,both,both,both,both
road_3993,both,both,both,both,both,both,both,both,both,both,both,both,both,both,both,both,both,both,both,both,both,both,both,both,both,both,both,both,both,both,both
road_3994,both,both,both,both,both,both,both,both,both,both,both,both,both,both,both,both,both,both,both,both,both,both,both,both,both,both,both,both,both,both,both
road_3995,both,both,both,both,both,both,both,both,both,both,both,both,both,both,both,both,both,both,both,both,both,both,both,both,both,both,both,both,both,both,both
road_3996,both,both,both,both,both,both,both,both,both,both,both,both,both,both,both,both,both,both,both,both,both,both,both,both,both,both,both,both,both,both,both
road_3997,both,both,both,both,both,both,both,both,both,both,both,both,both,both,both,both,both,both,both,both,both,both,both,both,both,both,both,both,both,both,both
road_3998,both,both,both,both,both,both,both,both,both,both,both,both,both,both,both,both,both,both,both,both,both,both,both,both,both,both,both,both,both,both,both
road_3999,both,both,both,both,both,both,both,both,both,both,both,both,both,both,both,both,both,both,both,both,both,both,both,both,both,both,both,both,both,both,both
road_4000,both,both,both,both,both,both,both,both,both,both,both,both,both,both,both,both,both,both,both,both,both,both,both,both,both,both,both,both,both,both,both
road_4001,both,both,both,both,both,both,both,both,both,both,both,both,both,both,both,both,both,both,both,both,both,both,both,both,both,both,both,both,both,both,both
road_4002,both,both,both,both,both,both,both,both,both,both,both,both,both,both,both,both,both,both,both,both,both,both,both,both,both,both,both,both,both,both,both
road_4003,both,both,both,both,both,both,both,both,both,both,both,both,both,both,both,both,both,both,both,both,both,both,both,both,both,both,both,both,both,both,both
road_4004,both,both,both,both,both,both,both,both,both,both,both,both,both,both,both,both,both,both,both,both,both,both,both,both,both,both,both,both,both,both,both
road_4005,both,both,both,both,both,both,both,both,both,both,both,both,both,both,both,both,both,both,both,both,both,both,both,both,both,both,both,both,both,both,both
road_4006,both,both,both,both,both,both,both,both,both,both,both,both,both,both,both,both,both,both,both,both,both,both,both,both,both,both,both,both,both,both,both
road_4007,both,both,both,both,both,both,both,both,both,both,both,both,both,both,both,both,both,both,both,both,both,both,both,both,both,both,both,both,both,both,both
road_4008,both,both,both,both,both,both,both,both,both,both,both,both,both,both,both,both,both,both,both,both,both,both,both,both,both,both,both,both,both,both,both
road_4009,both,both,both,both,both,both,both,both,both,both,both,both,both,both,both,both,both,both,both,both,both,both,both,both,both,both,both,both,both,both,both
road_4010,both,both,both,both,both,both,both,both,both,both,both,both,both,both,both,both,both,both,both,both,both,both,both,both,both,both,both,both,both,both,both
road_4011,both,both,both,both,both,both,both,both,both,both,both,both,both,both,both,both,both,both,both,both,both,both,both,both,both,both,both,both,both,both,both
road_4012,both,both,both,both,both,both,both,both,both,both,both,both,both,both,both,both,both,both,both,both,both,both,both,both,both,both,both,both,both,both,both
road_4013,both,both,both,both,both,both,both,both,both,both,both,both,both,both,both,both,both,both,both,both,both,both,both,both,both,both,both,both,both,both,both
road_4014,both,both,both,both,both,both,both,both,both,both,both,both,both,both,both,both,both,both,both,both,both,both,both,both,both,both,both,both,both,both,both
road_4015,both,both,both,both,both,both,both,both,both,both,both,both,both,both,both,both,both,both,both,both,both,both,both,both,both,both,both,both,both,both,both
road_4016,both,both,both,both,both,both,both,both,both,both,both,both,both,both,both,both,both,both,both,both,both,both,both,both,both,both,both,both,both,both,both
road_4017,both,both,both,both,both,both,both,both,both,both,both,both,both,both,both,both,both,both,both,both,both,both,both,both,both,both,both,both,both,both,both
road_4018,both,both,both,both,both,both,both,both,both,both,both,both,both,both,both,both,both,both,both,both,both,both,both,both,both,both,both,both,both,both,both
road_4019,both,both,both,both,both,both,both,both,both,both,both,both,both,both,both,both,both,both,both,both,both,both,both,both,both,both,both,both,both,both,both
road_4020,both,both,both,both,both,both,both,both,both,both,both,both,both,both,both,both,both,both,both,both,both,both,both,both,both,both,both,both,both,both,both
road_4021,both,both,both,both,both,both,both,both,both,both,both,both,both,both,both,both,both,both,both,both,both,both,both,both,both,both,both,both,both,both,both
road_4022,both,both,both,both,both,both,both,both,both,both,both,both,both,both,both,both,both,both,both,both,both,both,both,both,both,both,both,both,both,both,both
road_4023,both,both,both,both,both,both,both,both,both,both,both,both,both,both,both,both,both,both,both,both,both,both,both,both,both,both,both,both,both,both,both
road_4024,both,both,both,both,both,both,both,both,both,both,both,both,both,both,both,both,both,both,both,both,both,both,both,both,both,both,both,both,both,both,both
road_4025,both,both,both,both,both,both,both,both,both,both,both,both,both,both,both,both,both,both,both,both,both,both,both,both,both,both,both,both,both,both,both
road_4026,both,both,both,both,both,both,both,both,both,both,both,both,both,both,both,both,both,both,both,both,both,both,both,both,both,both,both,both,both,both,both
road_4027,both,both,both,both,both,both,both,both,both,both,both,both,both,both,both,both,both,both,both,both,both,both,both,both,both,both,both,both,both,both,both
road_4028,both,both,both,both,both,both,both,both,both,both,both,both,both,both,both,both,both,both,both,both,both,both,both,both,both,both,both,both,both,both,both
road_4029,both,both,both,both,both,both,both,both,both,both,both,both,both,both,both,both,both,both,both,both,both,both,both,both,both,both,both,both,both,both,both
road_4030,both,both,both,both,both,both,both,both,both,both,both,both,both,both,both,both,both,both,both,both,both,both,both,both,both,both,both,both,both,both,both
road_4031,both,both,both,both,both,both,both,both,both,both,both,both,both,both,both,both,both,both,both,both,both,both,both,both,both,both,both,both,both,both,both
road_4032,both,both,both,both,both,both,both,both,both,both,both,both,both,both,both,both,both,both,both,both,both,both,both,both,both,both,both,both,both,both,both
road_4033,both,both,both,both,both,both,both,both,both,both,both,both,both,both,both,both,both,both,both,both,both,both,both,both,both,both,both,both,both,both,both
road_4034,both,both,both,both,both,both,both,both,both,both,both,both,both,both,both,both,both,both,both,both,both,both,both,both,both,both,both,both,both,both,both
road_4035,both,both,both,both,both,both,both,both,both,both,both,both,both,both,both,both,both,both,both,both,both,both,both,both,both,both,both,both,both,both,both
road_4036,both,both,both,both,both,both,both,both,both,both,both,both,both,both,both,both,both,both,both,both,both,both,both,both,both,both,both,both,both,both,both
road_4037,both,both,both,both,both,both,both,both,both,both,both,both,both,both,both,both,both,both,both,both,both,both,both,both,both,both,both,both,both,both,both
road_4038,both,both,both,both,both,both,both,both,both,both,both,both,both,both,both,both,both,both,both,both,both,both,both,both,both,both,both,both,both,both,both
road_4039,both,both,both,both,both,both,both,both,both,both,both,both,both,both,both,both,both,both,both,both,both,both,both,both,both,both,both,both,both,both,both
road_4040,both,both,both,both,both,both,both,both,both,both,both,both,both,both,both,both,both,both,both,both,both,both,both,both,both,both,both,both,both,both,both
road_4041,both,both,both,both,both,both,both,both,both,both,both,both,both,both,both,both,both,both,both,both,both,both,both,both,both,both,both,both,both,both,both
road_4042,both,both,both,both,both,both,both,both,both,both,both,both,both,both,both,both,both,both,both,both,both,both,both,both,both,both,both,both,both,both,both
road_4043,both,both,both,both,both,both,both,both,both,both,both,both,both,both,both,both,both,both,both,both,both,both,both,both,both,both,both,both,both,both,both
road_4044,both,both,both,both,both,both,both,both,both,both,both,both,both,both,both,both,both,both,both,both,both,both,both,both,both,both,both,both,both,both,both
road_4045,both,both,both,both,both,both,both,both,both,both,both,both,both,both,both,both,both,both,both,both,both,both,both,both,both,both,both,both,both,both,both
road_4046,both,both,both,both,both,both,both,both,both,both,both,both,both,both,both,both,both,both,both,both,both,both,both,both,both,both,both,both,both,both,both
road_4047,both,both,both,both,both,both,both,both,both,both,both,both,both,both,both,both,both,both,both,both,both,both,both,both,both,both,both,both,both,both,both
road_4048,both,both,both,both,both,both,both,both,both,both,both,both,both,both,both,both,both,both,both,both,both,both,both,both,both,both,both,both,both,both,both
road_4049,both,both,both,both,both,both,both,both,both,both,both,both,both,both,both,both,both,both,both,both,both,both,both,both,both,both,both,both,both,both,both
road_4050,both,both,both,both,both,both,both,both,both,both,both,both,both,both,both,both,both,both,both,both,both,both,both,both,both,both,both,both,both,both,both
road_4051,both,both,both,both,both,both,both,both,both,both,both,both,both,both,both,both,both,both,both,both,both,both,both,both,both,both,both,both,both,both,both
road_4052,both,both,both,both,both,both,both,both,both,both,both,both,both,both,both,both,both,both,both,both,both,both,both,both,both,both,both,both,both,both,both
road_4053,both,both,both,both,both,both,both,both,both,both,both,both,both,both,both,both,both,both,both,both,both,both,both,both,both,both,both,both,both,both,both
road_4054,both,both,both,both,both,both,both,both,both,both,both,both,both,both,both,both,both,both,both,both,both,both,both,both,both,both,both,both,both,both,both
road_4055,both,both,both,both,both,both,both,both,both,both,both,both,both,both,both,both,both,both,both,both,both,both,both,both,both,both,both,both,both,both,both
road_4056,both,both,both,both,both,both,both,both,both,both,both,both,both,both,both,both,both,both,both,both,both,both,both,both,both,both,both,both,both,both,both
road_4057,both,both,both,both,both,both,both,both,both,both,both,both,both,both,both,both,both,both,both,both,both,both,both,both,both,both,both,both,both,both,both
road_4058,both,both,both,both,both,both,both,both,both,both,both,both,both,both,both,both,both,both,both,both,both,both,both,both,both,both,both,both,both,both,both
road_4059,both,both,both,both,both,both,both,both,both,both,both,both,both,both,both,both,both,both,both,both,both,both,both,both,both,both,both,both,both,both,both
road_4060,both,both,both,both,both,both,both,both,both,both,both,both,both,both,both,both,both,both,both,both,both,both,both,both,both,both,both,both,both,both,both
road_4061,both,both,both,both,both,both,both,both,both,both,both,both,both,both,both,both,both,both,both,both,both,both,both,both,both,both,both,both,both,both,both
road_4062,both,both,both,both,both,both,both,both,both,both,both,both,both,both,both,both,both,both,both,both,both,both,both,both,both,both,both,both,both,both,both
road_4063,both,both,both,both,both,both,both,both,both,both,both,both,both,both,both,both,both,both,both,both,both,both,both,both,both,both,both,both,both,both,both
road_4064,both,both,both,both,both,both,both,both,both,both,both,both,both,both,both,both,both,both,both,both,both,both,both,both,both,both,both,both,both,both,both
road_4065,both,both,both,both,both,both,both,both,both,both,both,both,both,both,both,both,both,both,both,both,both,both,both,both,both,both,both,both,both,both,both
road_4066,both,both,both,both,both,both,both,both,both,both,both,both,both,both,both,both,both,both,both,both,both,both,both,both,both,both,both,both,both,both,both
road_4067,both,both,both,both,both,both,both,both,both,both,both,both,both,both,both,both,both,both,both,both,both,both,both,both,both,both,both,both,both,both,both
road_4068,both,both,both,both,both,both,both,both,both,both,both,both,both,both,both,both,both,both,both,both,both,both,both,both,both,both,both,both,both,both,both
road_4069,both,both,both,both,both,both,both,both,both,both,both,both,both,both,both,both,both,both,both,both,both,both,both,both,both,both,both,both,both,both,both
road_4070,both,both,both,both,both,both,both,both,both,both,both,both,both,both,both,both,both,both,both,both,both,both,both,both,both,both,both,both,both,both,both
road_4071,both,both,both,both,both,both,both,both,both,both,both,both,both,both,both,both,both,both,both,both,both,both,both,both,both,both,both,both,both,both,both
road_4072,both,both,both,both,both,both,both,both,both,both,both,both,both,both,both,both,both,both,both,both,both,both,both,both,both,both,both,both,both,both,both
road_4073,both,both,both,both,both,both,both,both,both,both,both,both,both,both,both,both,both,both,both,both,both,both,both,both,both,both,both,both,both,both,both
road_4074,both,both,both,both,both,both,both,both,both,both,both,both,both,both,both,both,both,both,both,both,both,both,both,both,both,both,both,both,both,both,both
road_4075,both,both,both,both,both,both,both,both,both,both,both,both,both,both,both,both,both,both,both,both,both,both,both,both,both,both,both,both,both,both,both
road_4076,both,both,both,both,both,both,both,both,both,both,both,both,both,both,both,both,both,both,both,both,both,both,both,both,both,both,both,both,both,both,both
road_4077,both,both,both,both,both,both,both,both,both,both,both,both,both,both,both,both,both,both,both,both,both,both,both,both,both,both,both,both,both,both,both
road_4078,both,both,both,both,both,both,both,both,both,both,both,both,both,both,both,both,both,both,both,both,both,both,both,both,both,both,both,both,both,both,both
road_4079,both,both,both,both,both,both,both,both,both,both,both,both,both,both,both,both,both,both,both,both,both,both,both,both,both,both,both,both,both,both,both
road_4080,both,both,both,both,both,both,both,both,both,both,both,both,both,both,both,both,both,both,both,both,both,both,both,both,both,both,both,both,both,both,both
road_4081,both,both,both,both,both,both,both,both,both,both,both,both,both,both,both,both,both,both,both,both,both,both,both,both,both,both,both,both,both,both,both
road_4082,both,both,both,both,both,both,both,both,both,both,both,both,both,both,both,both,both,both,both,both,both,both,both,both,both,both,both,both,both,both,both
road_4083,both,both,both,both,both,both,both,both,both,both,both,both,both,both,both,both,both,both,both,both,both,both,both,both,both,both,both,both,both,both,both
road_4084,both,both,both,both,both,both,both,both,both,both,both,both,both,both,both,both,both,both,both,both,both,both,both,both,both,both,both,both,both,both,both
road_4085,both,both,both,both,both,both,both,both,both,both,both,both,both,both,both,both,both,both,both,both,both,both,both,both,both,both,both,both,both,both,both
road_4086,both,both,both,both,both,both,both,both,both,both,both,both,both,both,both,both,both,both,both,both,both,both,both,both,both,both,both,both,both,both,both
road_4087,both,both,both,both,both,both,both,both,both,both,both,both,both,both,both,both,both,both,both,both,both,both,both,both,both,both,both,both,both,both,both
road_4088,both,both,both,both,both,both,both,both,both,both,both,both,both,both,both,both,both,both,both,both,both,both,both,both,both,both,both,both,both,both,both
road_4089,both,both,both,both,both,both,both,both,both,both,both,both,both,both,both,both,both,both,both,both,both,both,both,both,both,both,both,both,both,both,both
road_4090,both,both,both,both,both,both,both,both,both,both,both,both,both,both,both,both,both,both,both,both,both,both,both,both,both,both,both,both,both,both,both
road_4091,both,both,both,both,both,both,both,both,both,both,both,both,both,both,both,both,both,both,both,both,both,both,both,both,both,both,both,both,both,both,both
road_4092,both,both,both,both,both,both,both,both,both,both,both,both,both,both,both,both,both,both,both,both,both,both,both,both,both,both,both,both,both,both,both
road_4093,both,both,both,both,both,both,both,both,both,both,both,both,both,both,both,both,both,both,both,both,both,both,both,both,both,both,both,both,both,both,both
road_4094,both,both,both,both,both,both,both,both,both,both,both,both,both,both,both,both,both,both,both,both,both,both,both,both,both,both,both,both,both,both,both
road_4095,both,both,both,both,both,both,both,both,both,both,both,both,both,both,both,both,both,both,both,both,both,both,both,both,both,both,both,both,both,both,both
road_4096,both,both,both,both,both,both,both,both,both,both,both,both,both,both,both,both,both,both,both,both,both,both,both,both,both,both,both,both,both,both,both
road_4097,both,both,both,both,both,both,both,both,both,both,both,both,both,both,both,both,both,both,both,both,both,both,both,both,both,both,both,both,both,both,both
road_4098,both,both,both,both,both,both,both,both,both,both,both,both,both,both,both,both,both,both,both,both,both,both,both,both,both,both,both,both,both,both,both
road_4099,both,both,both,both,both,both,both,both,both,both,both,both,both,both,both,both,both,both,both,both,both,both,both,both,both,both,both,both,both,both,both
road_4100,both,both,both,both,both,both,both,both,both,both,both,both,both,both,both,both,both,both,both,both,both,both,both,both,both,both,both,both,both,both,both
road_4101,both,both,both,both,both,both,both,both,both,both,both,both,both,both,both,both,both,both,both,both,both,both,both,both,both,both,both,both,both,both,both
road_4102,both,both,both,both,both,both,both,both,both,both,both,both,both,both,both,both,both,both,both,both,both,both,both,both,both,both,both,both,both,both,both
road_4103,both,both,both,both,both,both,both,both,both,both,both,both,both,both,both,both,both,both,both,both,both,both,both,both,both,both,both,both,both,both,both
road_4104,both,both,both,both,both,both,both,both,both,both,both,both,both,both,both,both,both,both,both,both,both,both,both,both,both,both,both,both,both,both,both
road_4105,both,both,both,both,both,both,both,both,both,both,both,both,both,both,both,both,both,both,both,both,both,both,both,both,both,both,both,both,both,both,both
road_4106,both,both,both,both,both,both,both,both,both,both,both,both,both,both,both,both,both,both,both,both,both,both,both,both,both,both,both,both,both,both,both
road_4107,both,both,both,both,both,both,both,both,both,both,both,both,both,both,both,both,both,both,both,both,both,both,both,both,both,both,both,both,both,both,both
road_4108,both,both,both,both,both,both,both,both,both,both,both,both,both,both,both,both,both,both,both,both,both,both,both,both,both,both,both,both,both,both,both
road_4109,both,both,both,both,both,both,both,both,both,both,both,both,both,both,both,both,both,both,both,both,both,both,both,both,both,both,both,both,both,both,both
road_4110,both,both,both,both,both,both,both,both,both,both,both,both,both,both,both,both,both,both,both,both,both,both,both,both,both,both,both,both,both,both,both
road_4111,both,both,both,both,both,both,both,both,both,both,both,both,both,both,both,both,both,both,both,both,both,both,both,both,both,both,both,both,both,both,both
road_4112,both,both,both,both,both,both,both,both,both,both,both,both,both,both,both,both,both,both,both,both,both,both,both,both,both,both,both,both,both,both,both
road_4113,both,both,both,both,both,both,both,both,both,both,both,both,both,both,both,both,both,both,both,both,both,both,both,both,both,both,both,both,both,both,both
road_4114,both,both,both,both,both,both,both,both,both,both,both,both,both,both,both,both,both,both,both,both,both,both,both,both,both,both,both,both,both,both,both
road_4115,both,both,both,both,both,both,both,both,both,both,both,both,both,both,both,both,both,both,both,both,both,both,both,both,both,both,both,both,both,both,both
road_4116,both,both,both,both,both,both,both,both,both,both,both,both,both,both,both,both,both,both,both,both,both,both,both,both,both,both,both,both,both,both,both
road_4117,both,both,both,both,both,both,both,both,both,both,both,both,both,both,both,both,both,both,both,both,both,both,both,both,both,both,both,both,both,both,both
road_4118,both,both,both,both,both,both,both,both,both,both,both,both,both,both,both,both,both,both,both,both,both,both,both,both,both,both,both,both,both,both,both
road_4119,both,both,both,both,both,both,both,both,both,both,both,both,both,both,both,both,both,both,both,both,both,both,both,both,both,both,both,both,both,both,both
road_4120,both,both,both,both,both,both,both,both,both,both,both,both,both,both,both,both,both,both,both,both,both,both,both,both,both,both,both,both,both,both,both
road_4121,both,both,both,both,both,both,both,both,both,both,both,both,both,both,both,both,both,both,both,both,both,both,both,both,both,both,both,both,both,both,both
road_4122,both,both,both,both,both,both,both,both,both,both,both,both,both,both,both,both,both,both,both,both,both,both,both,both,both,both,both,both,both,both,both
road_4123,both,both,both,both,both,both,both,both,both,both,both,both,both,both,both,both,both,both,both,both,both,both,both,both,both,both,both,both,both,both,both
road_4124,both,both,both,both,both,both,both,both,both,both,both,both,both,both,both,both,both,both,both,both,both,both,both,both,both,both,both,both,both,both,both
road_4125,both,both,both,both,both,both,both,both,both,both,both,both,both,both,both,both,both,both,both,both,both,both,both,both,both,both,both,both,both,both,both
road_4126,both,both,both,both,both,both,both,both,both,both,both,both,both,both,both,both,both,both,both,both,both,both,both,both,both,both,both,both,both,both,both
road_4127,both,both,both,both,both,both,both,both,both,both,both,both,both,both,both,both,both,both,both,both,both,both,both,both,both,both,both,both,both,both,both
road_4128,both,both,both,both,both,both,both,both,both,both,both,both,both,both,both,both,both,both,both,both,both,both,both,both,both,both,both,both,both,both,both
road_4129,both,both,both,both,both,both,both,both,both,both,both,both,both,both,both,both,both,both,both,both,both,both,both,both,both,both,both,both,both,both,both
road_4130,both,both,both,both,both,both,both,both,both,both,both,both,both,both,both,both,both,both,both,both,both,both,both,both,both,both,both,both,both,both,both
road_4131,both,both,both,both,both,both,both,both,both,both,both,both,both,both,both,both,both,both,both,both,both,both,both,both,both,both,both,both,both,both,both
road_4132,both,both,both,both,both,both,both,both,both,both,both,both,both,both,both,both,both,both,both,both,both,both,both,both,both,both,both,both,both,both,both
road_4133,both,both,both,both,both,both,both,both,both,both,both,both,both,both,both,both,both,both,both,both,both,both,both,both,both,both,both,both,both,both,both
road_4134,both,both,both,both,both,both,both,both,both,both,both,both,both,both,both,both,both,both,both,both,both,both,both,both,both,both,both,both,both,both,both
road_4135,both,both,both,both,both,both,both,both,both,both,both,both,both,both,both,both,both,both,both,both,both,both,both,both,both,both,both,both,both,both,both
road_4136,both,both,both,both,both,both,both,both,both,both,both,both,both,both,both,both,both,both,both,both,both,both,both,both,both,both,both,both,both,both,both
road_4137,both,both,both,both,both,both,both,both,both,both,both,both,both,both,both,both,both,both,both,both,both,both,both,both,both,both,both,both,both,both,both
road_4138,both,both,both,both,both,both,both,both,both,both,both,both,both,both,both,both,both,both,both,both,both,both,both,both,both,both,both,both,both,both,both
road_4139,both,both,both,both,both,both,both,both,both,both,both,both,both,both,both,both,both,both,both,both,both,both,both,both,both,both,both,both,both,both,both
road_4140,both,both,both,both,both,both,both,both,both,both,both,both,both,both,both,both,both,both,both,both,both,both,both,both,both,both,both,both,both,both,both
road_4141,both,both,both,both,both,both,both,both,both,both,both,both,both,both,both,both,both,both,both,both,both,both,both,both,both,both,both,both,both,both,both
road_4142,both,both,both,both,both,both,both,both,both,both,both,both,both,both,both,both,both,both,both,both,both,both,both,both,both,both,both,both,both,both,both
road_4143,both,both,both,both,both,both,both,both,both,both,both,both,both,both,both,both,both,both,both,both,both,both,both,both,both,both,both,both,both,both,both
road_4144,both,both,both,both,both,both,both,both,both,both,both,both,both,both,both,both,both,both,both,both,both,both,both,both,both,both,both,both,both,both,both
road_4145,both,both,both,both,both,both,both,both,both,both,both,both,both,both,both,both,both,both,both,both,both,both,both,both,both,both,both,both,both,both,both
road_4146,both,both,both,both,both,both,both,both,both,both,both,both,both,both,both,both,both,both,both,both,both,both,both,both,both,both,both,both,both,both,both
road_4147,both,both,both,both,both,both,both,both,both,both,both,both,both,both,both,both,both,both,both,both,both,both,both,both,both,both,both,both,both,both,both
road_4148,both,both,both,both,both,both,both,both,both,both,both,both,both,both,both,both,both,both,both,both,both,both,both,both,both,both,both,both,both,both,both
road_4149,both,both,both,both,both,both,both,both,both,both,both,both,both,both,both,both,both,both,both,both,both,both,both,both,both,both,both,both,both,both,both
road_4150,both,both,both,both,both,both,both,both,both,both,both,both,both,both,both,both,both,both,both,both,both,both,both,both,both,both,both,both,both,both,both
road_4151,both,both,both,both,both,both,both,both,both,both,both,both,both,both,both,both,both,both,both,both,both,both,both,both,both,both,both,both,both,both,both
road_4152,both,both,both,both,both,both,both,both,both,both,both,both,both,both,both,both,both,both,both,both,both,both,both,both,both,both,both,both,both,both,both
road_4153,both,both,both,both,both,both,both,both,both,both,both,both,both,both,both,both,both,both,both,both,both,both,both,both,both,both,both,both,both,both,both
road_4154,both,both,both,both,both,both,both,both,both,both,both,both,both,both,both,both,both,both,both,both,both,both,both,both,both,both,both,both,both,both,both
road_4155,both,both,both,both,both,both,both,both,both,both,both,both,both,both,both,both,both,both,both,both,both,both,both,both,both,both,both,both,both,both,both
road_4156,both,both,both,both,both,both,both,both,both,both,both,both,both,both,both,both,both,both,both,both,both,both,both,both,both,both,both,both,both,both,both
road_4157,both,both,both,both,both,both,both,both,both,both,both,both,both,both,both,both,both,both,both,both,both,both,both,both,both,both,both,both,both,both,both
road_4158,both,both,both,both,both,both,both,both,both,both,both,both,both,both,both,both,both,both,both,both,both,both,both,both,both,both,both,both,both,both,both
road_4159,both,both,both,both,both,both,both,both,both,both,both,both,both,both,both,both,both,both,both,both,both,both,both,both,both,both,both,both,both,both,both
road_4160,both,both,both,both,both,both,both,both,both,both,both,both,both,both,both,both,both,both,both,both,both,both,both,both,both,both,both,both,both,both,both
road_4161,both,both,both,both,both,both,both,both,both,both,both,both,both,both,both,both,both,both,both,both,both,both,both,both,both,both,both,both,both,both,both
road_4162,both,both,both,both,both,both,both,both,both,both,both,both,both,both,both,both,both,both,both,both,both,both,both,both,both,both,both,both,both,both,both
road_4163,both,both,both,both,both,both,both,both,both,both,both,both,both,both,both,both,both,both,both,both,both,both,both,both,both,both,both,both,both,both,both
road_4164,both,both,both,both,both,both,both,both,both,both,both,both,both,both,both,both,both,both,both,both,both,both,both,both,both,both,both,both,both,both,both
road_4165,both,both,both,both,both,both,both,both,both,both,both,both,both,both,both,both,both,both,both,both,both,both,both,both,both,both,both,both,both,both,both
road_4166,both,both,both,both,both,both,both,both,both,both,both,both,both,both,both,both,both,both,both,both,both,both,both,both,both,both,both,both,both,both,both
road_4167,both,both,both,both,both,both,both,both,both,both,both,both,both,both,both,both,both,both,both,both,both,both,both,both,both,both,both,both,both,both,both
road_4168,both,both,both,both,both,both,both,both,both,both,both,both,both,both,both,both,both,both,both,both,both,both,both,both,both,both,both,both,both,both,both
road_4169,both,both,both,both,both,both,both,both,both,both,both,both,both,both,both,both,both,both,both,both,both,both,both,both,both,both,both,both,both,both,both
road_4170,both,both,both,both,both,both,both,both,both,both,both,both,both,both,both,both,both,both,both,both,both,both,both,both,both,both,both,both,both,both,both
road_4171,both,both,both,both,both,both,both,both,both,both,both,both,both,both,both,both,both,both,both,both,both,both,both,both,both,both,both,both,both,both,both
road_4172,both,both,both,both,both,both,both,both,both,both,both,both,both,both,both,both,both,both,both,both,both,both,both,both,both,both,both,both,both,both,both
road_4173,both,both,both,both,both,both,both,both,both,both,both,both,both,both,both,both,both,both,both,both,both,both,both,both,both,both,both,both,both,both,both
road_4174,both,both,both,both,both,both,both,both,both,both,both,both,both,both,both,both,both,both,both,both,both,both,both,both,both,both,both,both,both,both,both
road_4175,both,both,both,both,both,both,both,both,both,both,both,both,both,both,both,both,both,both,both,both,both,both,both,both,both,both,both,both,both,both,both
road_4176,both,both,both,both,both,both,both,both,both,both,both,both,both,both,both,both,both,both,both,both,both,both,both,both,both,both,both,both,both,both,both
road_4177,both,both,both,both,both,both,both,both,both,both,both,both,both,both,both,both,both,both,both,both,both,both,both,both,both,both,both,both,both,both,both
road_4178,both,both,both,both,both,both,both,both,both,both,both,both,both,both,both,both,both,both,both,both,both,both,both,both,both,both,both,both,both,both,both
road_4179,both,both,both,both,both,both,both,both,both,both,both,both,both,both,both,both,both,both,both,both,both,both,both,both,both,both,both,both,both,both,both
road_4180,both,both,both,both,both,both,both,both,both,both,both,both,both,both,both,both,both,both,both,both,both,both,both,both,both,both,both,both,both,both,both
road_4181,both,both,both,both,both,both,both,both,both,both,both,both,both,both,both,both,both,both,both,both,both,both,both,both,both,both,both,both,both,both,both
road_4182,both,both,both,both,both,both,both,both,both,both,both,both,both,both,both,both,both,both,both,both,both,both,both,both,both,both,both,both,both,both,both
road_4183,both,both,both,both,both,both,both,both,both,both,both,both,both,both,both,both,both,both,both,both,both,both,both,both,both,both,both,both,both,both,both
road_4184,both,both,both,both,both,both,both,both,both,both,both,both,both,both,both,both,both,both,both,both,both,both,both,both,both,both,both,both,both,both,both
road_4185,both,both,both,both,both,both,both,both,both,both,both,both,both,both,both,both,both,both,both,both,both,both,both,both,both,both,both,both,both,both,both
road_4186,both,both,both,both,both,both,both,both,both,both,both,both,both,both,both,both,both,both,both,both,both,both,both,both,both,both,both,both,both,both,both
road_4187,both,both,both,both,both,both,both,both,both,both,both,both,both,both,both,both,both,both,both,both,both,both,both,both,both,both,both,both,both,both,both
road_4188,both,both,both,both,both,both,both,both,both,both,both,both,both,both,both,both,both,both,both,both,both,both,both,both,both,both,both,both,both,both,both
road_4189,both,both,both,both,both,both,both,both,both,both,both,both,both,both,both,both,both,both,both,both,both,both,both,both,both,both,both,both,both,both,both
road_4190,both,both,both,both,both,both,both,both,both,both,both,both,both,both,both,both,both,both,both,both,both,both,both,both,both,both,both,both,both,both,both
road_4191,both,both,both,both,both,both,both,both,both,both,both,both,both,both,both,both,both,both,both,both,both,both,both,both,both,both,both,both,both,both,both
road_4192,both,both,both,both,both,both,both,both,both,both,both,both,both,both,both,both,both,both,both,both,both,both,both,both,both,both,both,both,both,both,both
road_4193,both,both,both,both,both,both,both,both,both,both,both,both,both,both,both,both,both,both,both,both,both,both,both,both,both,both,both,both,both,both,both
road_4194,both,both,both,both,both,both,both,both,both,both,both,both,both,both,both,both,both,both,both,both,both,both,both,both,both,both,both,both,both,both,both
road_4195,both,both,both,both,both,both,both,both,both,both,both,both,both,both,both,both,both,both,both,both,both,both,both,both,both,both,both,both,both,both,both
road_4196,both,both,both,both,both,both,both,both,both,both,both,both,both,both,both,both,both,both,both,both,both,both,both,both,both,both,both,both,both,both,both
road_4197,both,both,both,both,both,both,both,both,both,both,both,both,both,both,both,both,both,both,both,both,both,both,both,both,both,both,both,both,both,both,both
road_4198,both,both,both,both,both,both,both,both,both,both,both,both,both,both,both,both,both,both,both,both,both,both,both,both,both,both,both,both,both,both,both
road_4199,both,both,both,both,both,both,both,both,both,both,both,both,both,both,both,both,both,both,both,both,both,both,both,both,both,both,both,both,both,both,both
road_4200,both,both,both,both,both,both,both,both,both,both,both,both,both,both,both,both,both,both,both,both,both,both,both,both,both,both,both,both,both,both,both
road_4201,both,both,both,both,both,both,both,both,both,both,both,both,both,both,both,both,both,both,both,both,both,both,both,both,both,both,both,both,both,both,both
road_4202,both,both,both,both,both,both,both,both,both,both,both,both,both,both,both,both,both,both,both,both,both,both,both,both,both,both,both,both,both,both,both
road_4203,both,both,both,both,both,both,both,both,both,both,both,both,both,both,both,both,both,both,both,both,both,both,both,both,both,both,both,both,both,both,both
road_4204,both,both,both,both,both,both,both,both,both,both,both,both,both,both,both,both,both,both,both,both,both,both,both,both,both,both,both,both,both,both,both
road_4205,both,both,both,both,both,both,both,both,both,both,both,both,both,both,both,both,both,both,both,both,both,both,both,both,both,both,both,both,both,both,both
road_4206,both,both,both,both,both,both,both,both,both,both,both,both,both,both,both,both,both,both,both,both,both,both,both,both,both,both,both,both,both,both,both
road_4207,both,both,both,both,both,both,both,both,both,both,both,both,both,both,both,both,both,both,both,both,both,both,both,both,both,both,both,both,both,both,both
road_4208,both,both,both,both,both,both,both,both,both,both,both,both,both,both,both,both,both,both,both,both,both,both,both,both,both,both,both,both,both,both,both
road_4209,both,both,both,both,both,both,both,both,both,both,both,both,both,both,both,both,both,both,both,both,both,both,both,both,both,both,both,both,both,both,both
road_4210,both,both,both,both,both,both,both,both,both,both,both,both,both,both,both,both,both,both,both,both,both,both,both,both,both,both,both,both,both,both,both
road_4211,both,both,both,both,both,both,both,both,both,both,both,both,both,both,both,both,both,both,both,both,both,both,both,both,both,both,both,both,both,both,both
road_4212,both,both,both,both,both,both,both,both,both,both,both,both,both,both,both,both,both,both,both,both,both,both,both,both,both,both,both,both,both,both,both
road_4213,both,both,both,both,both,both,both,both,both,both,both,both,both,both,both,both,both,both,both,both,both,both,both,both,both,both,both,both,both,both,both
road_4214,both,both,both,both,both,both,both,both,both,both,both,both,both,both,both,both,both,both,both,both,both,both,both,both,both,both,both,both,both,both,both
road_4215,both,both,both,both,both,both,both,both,both,both,both,both,both,both,both,both,both,both,both,both,both,both,both,both,both,both,both,both,both,both,both
road_4216,both,both,both,both,both,both,both,both,both,both,both,both,both,both,both,both,both,both,both,both,both,both,both,both,both,both,both,both,both,both,both
road_4217,both,both,both,both,both,both,both,both,both,both,both,both,both,both,both,both,both,both,both,both,both,both,both,both,both,both,both,both,both,both,both
road_4218,both,both,both,both,both,both,both,both,both,both,both,both,both,both,both,both,both,both,both,both,both,both,both,both,both,both,both,both,both,both,both
road_4219,both,both,both,both,both,both,both,both,both,both,both,both,both,both,both,both,both,both,both,both,both,both,both,both,both,both,both,both,both,both,both
road_4220,both,both,both,both,both,both,both,both,both,both,both,both,both,both,both,both,both,both,both,both,both,both,both,both,both,both,both,both,both,both,both
road_4221,both,both,both,both,both,both,both,both,both,both,both,both,both,both,both,both,both,both,both,both,both,both,both,both,both,both,both,both,both,both,both
road_4222,both,both,both,both,both,both,both,both,both,both,both,both,both,both,both,both,both,both,both,both,both,both,both,both,both,both,both,both,both,both,both
road_4223,both,both,both,both,both,both,both,both,both,both,both,both,both,both,both,both,both,both,both,both,both,both,both,both,both,both,both,both,both,both,both
road_4224,both,both,both,both,both,both,both,both,both,both,both,both,both,both,both,both,both,both,both,both,both,both,both,both,both,both,both,both,both,both,both
road_4225,both,both,both,both,both,both,both,both,both,both,both,both,both,both,both,both,both,both,both,both,both,both,both,both,both,both,both,both,both,both,both
road_4226,both,both,both,both,both,both,both,both,both,both,both,both,both,both,both,both,both,both,both,both,both,both,both,both,both,both,both,both,both,both,both
road_4227,both,both,both,both,both,both,both,both,both,both,both,both,both,both,both,both,both,both,both,both,both,both,both,both,both,both,both,both,both,both,both
road_4228,both,both,both,both,both,both,both,both,both,both,both,both,both,both,both,both,both,both,both,both,both,both,both,both,both,both,both,both,both,both,both
road_4229,both,both,both,both,both,both,both,both,both,both,both,both,both,both,both,both,both,both,both,both,both,both,both,both,both,both,both,both,both,both,both
road_4230,both,both,both,both,both,both,both,both,both,both,both,both,both,both,both,both,both,both,both,both,both,both,both,both,both,both,both,both,both,both,both
road_4231,both,both,both,both,both,both,both,both,both,both,both,both,both,both,both,both,both,both,both,both,both,both,both,both,both,both,both,both,both,both,both
road_4232,both,both,both,both,both,both,both,both,both,both,both,both,both,both,both,both,both,both,both,both,both,both,both,both,both,both,both,both,both,both,both
road_4233,both,both,both,both,both,both,both,both,both,both,both,both,both,both,both,both,both,both,both,both,both,both,both,both,both,both,both,both,both,both,both
road_4234,both,both,both,both,both,both,both,both,both,both,both,both,both,both,both,both,both,both,both,both,both,both,both,both,both,both,both,both,both,both,both
road_4235,both,both,both,both,both,both,both,both,both,both,both,both,both,both,both,both,both,both,both,both,both,both,both,both,both,both,both,both,both,both,both
road_4236,both,both,both,both,both,both,both,both,both,both,both,both,both,both,both,both,both,both,both,both,both,both,both,both,both,both,both,both,both,both,both
road_4237,both,both,both,both,both,both,both,both,both,both,both,both,both,both,both,both,both,both,both,both,both,both,both,both,both,both,both,both,both,both,both
road_4238,both,both,both,both,both,both,both,both,both,both,both,both,both,both,both,both,both,both,both,both,both,both,both,both,both,both,both,both,both,both,both
road_4239,both,both,both,both,both,both,both,both,both,both,both,both,both,both,both,both,both,both,both,both,both,both,both,both,both,both,both,both,both,both,both
road_4240,both,both,both,both,both,both,both,both,both,both,both,both,both,both,both,both,both,both,both,both,both,both,both,both,both,both,both,both,both,both,both
road_4241,both,both,both,both,both,both,both,both,both,both,both,both,both,both,both,both,both,both,both,both,both,both,both,both,both,both,both,both,both,both,both
road_4242,both,both,both,both,both,both,both,both,both,both,both,both,both,both,both,both,both,both,both,both,both,both,both,both,both,both,both,both,both,both,both
road_4243,both,both,both,both,both,both,both,both,both,both,both,both,both,both,both,both,both,both,both,both,both,both,both,both,both,both,both,both,both,both,both
road_4244,both,both,both,both,both,both,both,both,both,both,both,both,both,both,both,both,both,both,both,both,both,both,both,both,both,both,both,both,both,both,both
road_4245,both,both,both,both,both,both,both,both,both,both,both,both,both,both,both,both,both,both,both,both,both,both,both,both,both,both,both,both,both,both,both
road_4246,both,both,both,both,both,both,both,both,both,both,both,both,both,both,both,both,both,both,both,both,both,both,both,both,both,both,both,both,both,both,both
road_4247,both,both,both,both,both,both,both,both,both,both,both,both,both,both,both,both,both,both,both,both,both,both,both,both,both,both,both,both,both,both,both
road_4248,both,both,both,both,both,both,both,both,both,both,both,both,both,both,both,both,both,both,both,both,both,both,both,both,both,both,both,both,both,both,both
road_4249,both,both,both,both,both,both,both,both,both,both,both,both,both,both,both,both,both,both,both,both,both,both,both,both,both,both,both,both,both,both,both
road_4250,both,both,both,both,both,both,both,both,both,both,both,both,both,both,both,both,both,both,both,both,both,both,both,both,both,both,both,both,both,both,both
road_4251,both,both,both,both,both,both,both,both,both,both,both,both,both,both,both,both,both,both,both,both,both,both,both,both,both,both,both,both,both,both,both
road_4252,both,both,both,both,both,both,both,both,both,both,both,both,both,both,both,both,both,both,both,both,both,both,both,both,both,both,both,both,both,both,both
road_4253,both,both,both,both,both,both,both,both,both,both,both,both,both,both,both,both,both,both,both,both,both,both,both,both,both,both,both,both,both,both,both
road_4254,both,both,both,both,both,both,both,both,both,both,both,both,both,both,both,both,both,both,both,both,both,both,both,both,both,both,both,both,both,both,both
road_4255,both,both,both,both,both,both,both,both,both,both,both,both,both,both,both,both,both,both,both,both,both,both,both,both,both,both,both,both,both,both,both
road_4256,both,both,both,both,both,both,both,both,both,both,both,both,both,both,both,both,both,both,both,both,both,both,both,both,both,both,both,both,both,both,both
road_4257,both,both,both,both,both,both,both,both,both,both,both,both,both,both,both,both,both,both,both,both,both,both,both,both,both,both,both,both,both,both,both
road_4258,both,both,both,both,both,both,both,both,both,both,both,both,both,both,both,both,both,both,both,both,both,both,both,both,both,both,both,both,both,both,both
road_4259,both,both,both,both,both,both,both,both,both,both,both,both,both,both,both,both,both,both,both,both,both,both,both,both,both,both,both,both,both,both,both
road_4260,both,both,both,both,both,both,both,both,both,both,both,both,both,both,both,both,both,both,both,both,both,both,both,both,both,both,both,both,both,both,both
road_4261,both,both,both,both,both,both,both,both,both,both,both,both,both,both,both,both,both,both,both,both,both,both,both,both,both,both,both,both,both,both,both
road_4262,both,both,both,both,both,both,both,both,both,both,both,both,both,both,both,both,both,both,both,both,both,both,both,both,both,both,both,both,both,both,both
road_4263,both,both,both,both,both,both,both,both,both,both,both,both,both,both,both,both,both,both,both,both,both,both,both,both,both,both,both,both,both,both,both
road_4264,both,both,both,both,both,both,both,both,both,both,both,both,both,both,both,both,both,both,both,both,both,both,both,both,both,both,both,both,both,both,both
road_4265,both,both,both,both,both,both,both,both,both,both,both,both,both,both,both,both,both,both,both,both,both,both,both,both,both,both,both,both,both,both,both
road_4266,both,both,both,both,both,both,both,both,both,both,both,both,both,both,both,both,both,both,both,both,both,both,both,both,both,both,both,both,both,both,both
road_4267,both,both,both,both,both,both,both,both,both,both,both,both,both,both,both,both,both,both,both,both,both,both,both,both,both,both,both,both,both,both,both
road_4268,both,both,both,both,both,both,both,both,both,both,both,both,both,both,both,both,both,both,both,both,both,both,both,both,both,both,both,both,both,both,both
road_4269,both,both,both,both,both,both,both,both,both,both,both,both,both,both,both,both,both,both,both,both,both,both,both,both,both,both,both,both,both,both,both
road_4270,both,both,both,both,both,both,both,both,both,both,both,both,both,both,both,both,both,both,both,both,both,both,both,both,both,both,both,both,both,both,both
road_4271,both,both,both,both,both,both,both,both,both,both,both,both,both,both,both,both,both,both,both,both,both,both,both,both,both,both,both,both,both,both,both
road_4272,both,both,both,both,both,both,both,both,both,both,both,both,both,both,both,both,both,both,both,both,both,both,both,both,both,both,both,both,both,both,both
road_4273,both,both,both,both,both,both,both,both,both,both,both,both,both,both,both,both,both,both,both,both,both,both,both,both,both,both,both,both,both,both,both
road_4274,both,both,both,both,both,both,both,both,both,both,both,both,both,both,both,both,both,both,both,both,both,both,both,both,both,both,both,both,both,both,both
road_4275,both,both,both,both,both,both,both,both,both,both,both,both,both,both,both,both,both,both,both,both,both,both,both,both,both,both,both,both,both,both,both
road_4276,both,both,both,both,both,both,both,both,both,both,both,both,both,both,both,both,both,both,both,both,both,both,both,both,both,both,both,both,both,both,both
road_4277,both,both,both,both,both,both,both,both,both,both,both,both,both,both,both,both,both,both,both,both,both,both,both,both,both,both,both,both,both,both,both
road_4278,both,both,both,both,both,both,both,both,both,both,both,both,both,both,both,both,both,both,both,both,both,both,both,both,both,both,both,both,both,both,both
road_4279,both,both,both,both,both,both,both,both,both,both,both,both,both,both,both,both,both,both,both,both,both,both,both,both,both,both,both,both,both,both,both
road_4280,both,both,both,both,both,both,both,both,both,both,both,both,both,both,both,both,both,both,both,both,both,both,both,both,both,both,both,both,both,both,both
road_4281,both,both,both,both,both,both,both,both,both,both,both,both,both,both,both,both,both,both,both,both,both,both,both,both,both,both,both,both,both,both,both
road_4282,both,both,both,both,both,both,both,both,both,both,both,both,both,both,both,both,both,both,both,both,both,both,both,both,both,both,both,both,both,both,both
road_4283,both,both,both,both,both,both,both,both,both,both,both,both,both,both,both,both,both,both,both,both,both,both,both,both,both,both,both,both,both,both,both
road_4284,both,both,both,both,both,both,both,both,both,both,both,both,both,both,both,both,both,both,both,both,both,both,both,both,both,both,both,both,both,both,both
road_4285,both,both,both,both,both,both,both,both,both,both,both,both,both,both,both,both,both,both,both,both,both,both,both,both,both,both,both,both,both,both,both
road_4286,both,both,both,both,both,both,both,both,both,both,both,both,both,both,both,both,both,both,both,both,both,both,both,both,both,both,both,both,both,both,both
road_4287,both,both,both,both,both,both,both,both,both,both,both,both,both,both,both,both,both,both,both,both,both,both,both,both,both,both,both,both,both,both,both
road_4288,both,both,both,both,both,both,both,both,both,both,both,both,both,both,both,both,both,both,both,both,both,both,both,both,both,both,both,both,both,both,both
road_4289,both,both,both,both,both,both,both,both,both,both,both,both,both,both,both,both,both,both,both,both,both,both,both,both,both,both,both,both,both,both,both
road_4290,both,both,both,both,both,both,both,both,both,both,both,both,both,both,both,both,both,both,both,both,both,both,both,both,both,both,both,both,both,both,both
road_4291,both,both,both,both,both,both,both,both,both,both,both,both,both,both,both,both,both,both,both,both,both,both,both,both,both,both,both,both,both,both,both
road_4292,both,both,both,both,both,both,both,both,both,both,both,both,both,both,both,both,both,both,both,both,both,both,both,both,both,both,both,both,both,both,both
road_4293,both,both,both,both,both,both,both,both,both,both,both,both,both,both,both,both,both,both,both,both,both,both,both,both,both,both,both,both,both,both,both
road_4294,both,both,both,both,both,both,both,both,both,both,both,both,both,both,both,both,both,both,both,both,both,both,both,both,both,both,both,both,both,both,both
road_4295,both,both,both,both,both,both,both,both,both,both,both,both,both,both,both,both,both,both,both,both,both,both,both,both,both,both,both,both,both,both,both
road_4296,both,both,both,both,both,both,both,both,both,both,both,both,both,both,both,both,both,both,both,both,both,both,both,both,both,both,both,both,both,both,both
road_4297,both,both,both,both,both,both,both,both,both,both,both,both,both,both,both,both,both,both,both,both,both,both,both,both,both,both,both,both,both,both,both
road_4298,both,both,both,both,both,both,both,both,both,both,both,both,both,both,both,both,both,both,both,both,both,both,both,both,both,both,both,both,both,both,both
road_4299,both,both,both,both,both,both,both,both,both,both,both,both,both,both,both,both,both,both,both,both,both,both,both,both,both,both,both,both,both,both,both
road_4300,both,both,both,both,both,both,both,both,both,both,both,both,both,both,both,both,both,both,both,both,both,both,both,both,both,both,both,both,both,both,both
road_4301,both,both,both,both,both,both,both,both,both,both,both,both,both,both,both,both,both,both,both,both,both,both,both,both,both,both,both,both,both,both,both
road_4302,both,both,both,both,both,both,both,both,both,both,both,both,both,both,both,both,both,both,both,both,both,both,both,both,both,both,both,both,both,both,both
road_4303,both,both,both,both,both,both,both,both,both,both,both,both,both,both,both,both,both,both,both,both,both,both,both,both,both,both,both,both,both,both,both
road_4304,both,both,both,both,both,both,both,both,both,both,both,both,both,both,both,both,both,both,both,both,both,both,both,both,both,both,both,both,both,both,both
road_4305,both,both,both,both,both,both,both,both,both,both,both,both,both,both,both,both,both,both,both,both,both,both,both,both,both,both,both,both,both,both,both
road_4306,both,both,both,both,both,both,both,both,both,both,both,both,both,both,both,both,both,both,both,both,both,both,both,both,both,both,both,both,both,both,both
road_4307,both,both,both,both,both,both,both,both,both,both,both,both,both,both,both,both,both,both,both,both,both,both,both,both,both,both,both,both,both,both,both
road_4308,both,both,both,both,both,both,both,both,both,both,both,both,both,both,both,both,both,both,both,both,both,both,both,both,both,both,both,both,both,both,both
road_4309,both,both,both,both,both,both,both,both,both,both,both,both,both,both,both,both,both,both,both,both,both,both,both,both,both,both,both,both,both,both,both
road_4310,both,both,both,both,both,both,both,both,both,both,both,both,both,both,both,both,both,both,both,both,both,both,both,both,both,both,both,both,both,both,both
road_4311,both,both,both,both,both,both,both,both,both,both,both,both,both,both,both,both,both,both,both,both,both,both,both,both,both,both,both,both,both,both,both
road_4312,both,both,both,both,both,both,both,both,both,both,both,both,both,both,both,both,both,both,both,both,both,both,both,both,both,both,both,both,both,both,both
road_4313,both,both,both,both,both,both,both,both,both,both,both,both,both,both,both,both,both,both,both,both,both,both,both,both,both,both,both,both,both,both,both
road_4314,both,both,both,both,both,both,both,both,both,both,both,both,both,both,both,both,both,both,both,both,both,both,both,both,both,both,both,both,both,both,both
road_4315,both,both,both,both,both,both,both,both,both,both,both,both,both,both,both,both,both,both,both,both,both,both,both,both,both,both,both,both,both,both,both
road_4316,both,both,both,both,both,both,both,both,both,both,both,both,both,both,both,both,both,both,both,both,both,both,both,both,both,both,both,both,both,both,both
road_4317,both,both,both,both,both,both,both,both,both,both,both,both,both,both,both,both,both,both,both,both,both,both,both,both,both,both,both,both,both,both,both
road_4318,both,both,both,both,both,both,both,both,both,both,both,both,both,both,both,both,both,both,both,both,both,both,both,both,both,both,both,both,both,both,both
road_4319,both,both,both,both,both,both,both,both,both,both,both,both,both,both,both,both,both,both,both,both,both,both,both,both,both,both,both,both,both,both,both
road_4320,both,both,both,both,both,both,both,both,both,both,both,both,both,both,both,both,both,both,both,both,both,both,both,both,both,both,both,both,both,both,both
road_4321,both,both,both,both,both,both,both,both,both,both,both,both,both,both,both,both,both,both,both,both,both,both,both,both,both,both,both,both,both,both,both
road_4322,both,both,both,both,both,both,both,both,both,both,both,both,both,both,both,both,both,both,both,both,both,both,both,both,both,both,both,both,both,both,both
road_4323,both,both,both,both,both,both,both,both,both,both,both,both,both,both,both,both,both,both,both,both,both,both,both,both,both,both,both,both,both,both,both
road_4324,both,both,both,both,both,both,both,both,both,both,both,both,both,both,both,both,both,both,both,both,both,both,both,both,both,both,both,both,both,both,both
road_4325,both,both,both,both,both,both,both,both,both,both,both,both,both,both,both,both,both,both,both,both,both,both,both,both,both,both,both,both,both,both,both
road_4326,both,both,both,both,both,both,both,both,both,both,both,both,both,both,both,both,both,both,both,both,both,both,both,both,both,both,both,both,both,both,both
road_4327,both,both,both,both,both,both,both,both,both,both,both,both,both,both,both,both,both,both,both,both,both,both,both,both,both,both,both,both,both,both,both
road_4328,both,both,both,both,both,both,both,both,both,both,both,both,both,both,both,both,both,both,both,both,both,both,both,both,both,both,both,both,both,both,both
road_4329,both,both,both,both,both,both,both,both,both,both,both,both,both,both,both,both,both,both,both,both,both,both,both,both,both,both,both,both,both,both,both
road_4330,both,both,both,both,both,both,both,both,both,both,both,both,both,both,both,both,both,both,both,both,both,both,both,both,both,both,both,both,both,both,both
road_4331,both,both,both,both,both,both,both,both,both,both,both,both,both,both,both,both,both,both,both,both,both,both,both,both,both,both,both,both,both,both,both
road_4332,both,both,both,both,both,both,both,both,both,both,both,both,both,both,both,both,both,both,both,both,both,both,both,both,both,both,both,both,both,both,both
road_4333,both,both,both,both,both,both,both,both,both,both,both,both,both,both,both,both,both,both,both,both,both,both,both,both,both,both,both,both,both,both,both
road_4334,both,both,both,both,both,both,both,both,both,both,both,both,both,both,both,both,both,both,both,both,both,both,both,both,both,both,both,both,both,both,both
road_4335,both,both,both,both,both,both,both,both,both,both,both,both,both,both,both,both,both,both,both,both,both,both,both,both,both,both,both,both,both,both,both
road_4336,both,both,both,both,both,both,both,both,both,both,both,both,both,both,both,both,both,both,both,both,both,both,both,both,both,both,both,both,both,both,both
road_4337,both,both,both,both,both,both,both,both,both,both,both,both,both,both,both,both,both,both,both,both,both,both,both,both,both,both,both,both,both,both,both
road_4338,both,both,both,both,both,both,both,both,both,both,both,both,both,both,both,both,both,both,both,both,both,both,both,both,both,both,both,both,both,both,both
road_4339,both,both,both,both,both,both,both,both,both,both,both,both,both,both,both,both,both,both,both,both,both,both,both,both,both,both,both,both,both,both,both
road_4340,both,both,both,both,both,both,both,both,both,both,both,both,both,both,both,both,both,both,both,both,both,both,both,both,both,both,both,both,both,both,both
road_4341,both,both,both,both,both,both,both,both,both,both,both,both,both,both,both,both,both,both,both,both,both,both,both,both,both,both,both,both,both,both,both
road_4342,both,both,both,both,both,both,both,both,both,both,both,both,both,both,both,both,both,both,both,both,both,both,both,both,both,both,both,both,both,both,both
road_4343,both,both,both,both,both,both,both,both,both,both,both,both,both,both,both,both,both,both,both,both,both,both,both,both,both,both,both,both,both,both,both
road_4344,both,both,both,both,both,both,both,both,both,both,both,both,both,both,both,both,both,both,both,both,both,both,both,both,both,both,both,both,both,both,both
road_4345,both,both,both,both,both,both,both,both,both,both,both,both,both,both,both,both,both,both,both,both,both,both,both,both,both,both,both,both,both,both,both
road_4346,both,both,both,both,both,both,both,both,both,both,both,both,both,both,both,both,both,both,both,both,both,both,both,both,both,both,both,both,both,both,both
road_4347,both,both,both,both,both,both,both,both,both,both,both,both,both,both,both,both,both,both,both,both,both,both,both,both,both,both,both,both,both,both,both
road_4348,both,both,both,both,both,both,both,both,both,both,both,both,both,both,both,both,both,both,both,both,both,both,both,both,both,both,both,both,both,both,both
road_4349,both,both,both,both,both,both,both,both,both,both,both,both,both,both,both,both,both,both,both,both,both,both,both,both,both,both,both,both,both,both,both
road_4350,both,both,both,both,both,both,both,both,both,both,both,both,both,both,both,both,both,both,both,both,both,both,both,both,both,both,both,both,both,both,both
road_4351,both,both,both,both,both,both,both,both,both,both,both,both,both,both,both,both,both,both,both,both,both,both,both,both,both,both,both,both,both,both,both
road_4352,both,both,both,both,both,both,both,both,both,both,both,both,both,both,both,both,both,both,both,both,both,both,both,both,both,both,both,both,both,both,both
road_4353,both,both,both,both,both,both,both,both,both,both,both,both,both,both,both,both,both,both,both,both,both,both,both,both,both,both,both,both,both,both,both
road_4354,both,both,both,both,both,both,both,both,both,both,both,both,both,both,both,both,both,both,both,both,both,both,both,both,both,both,both,both,both,both,both
road_4355,both,both,both,both,both,both,both,both,both,both,both,both,both,both,both,both,both,both,both,both,both,both,both,both,both,both,both,both,both,both,both
road_4356,both,both,both,both,both,both,both,both,both,both,both,both,both,both,both,both,both,both,both,both,both,both,both,both,both,both,both,both,both,both,both
road_4357,both,both,both,both,both,both,both,both,both,both,both,both,both,both,both,both,both,both,both,both,both,both,both,both,both,both,both,both,both,both,both
road_4358,both,both,both,both,both,both,both,both,both,both,both,both,both,both,both,both,both,both,both,both,both,both,both,both,both,both,both,both,both,both,both
road_4359,both,both,both,both,both,both,both,both,both,both,both,both,both,both,both,both,both,both,both,both,both,both,both,both,both,both,both,both,both,both,both
road_4360,both,both,both,both,both,both,both,both,both,both,both,both,both,both,both,both,both,both,both,both,both,both,both,both,both,both,both,both,both,both,both
road_4361,both,both,both,both,both,both,both,both,both,both,both,both,both,both,both,both,both,both,both,both,both,both,both,both,both,both,both,both,both,both,both
road_4362,both,both,both,both,both,both,both,both,both,both,both,both,both,both,both,both,both,both,both,both,both,both,both,both,both,both,both,both,both,both,both
road_4363,both,both,both,both,both,both,both,both,both,both,both,both,both,both,both,both,both,both,both,both,both,both,both,both,both,both,both,both,both,both,both
road_4364,both,both,both,both,both,both,both,both,both,both,both,both,both,both,both,both,both,both,both,both,both,both,both,both,both,both,both,both,both,both,both
road_4365,both,both,both,both,both,both,both,both,both,both,both,both,both,both,both,both,both,both,both,both,both,both,both,both,both,both,both,both,both,both,both
road_4366,both,both,both,both,both,both,both,both,both,both,both,both,both,both,both,both,both,both,both,both,both,both,both,both,both,both,both,both,both,both,both
road_4367,both,both,both,both,both,both,both,both,both,both,both,both,both,both,both,both,both,both,both,both,both,both,both,both,both,both,both,both,both,both,both
road_4368,both,both,both,both,both,both,both,both,both,both,both,both,both,both,both,both,both,both,both,both,both,both,both,both,both,both,both,both,both,both,both
road_4369,both,both,both,both,both,both,both,both,both,both,both,both,both,both,both,both,both,both,both,both,both,both,both,both,both,both,both,both,both,both,both
road_4370,both,both,both,both,both,both,both,both,both,both,both,both,both,both,both,both,both,both,both,both,both,both,both,both,both,both,both,both,both,both,both
road_4371,both,both,both,both,both,both,both,both,both,both,both,both,both,both,both,both,both,both,both,both,both,both,both,both,both,both,both,both,both,both,both
road_4372,both,both,both,both,both,both,both,both,both,both,both,both,both,both,both,both,both,both,both,both,both,both,both,both,both,both,both,both,both,both,both
road_4373,both,both,both,both,both,both,both,both,both,both,both,both,both,both,both,both,both,both,both,both,both,both,both,both,both,both,both,both,both,both,both
road_4374,both,both,both,both,both,both,both,both,both,both,both,both,both,both,both,both,both,both,both,both,both,both,both,both,both,both,both,both,both,both,both
road_4375,both,both,both,both,both,both,both,both,both,both,both,both,both,both,both,both,both,both,both,both,both,both,both,both,both,both,both,both,both,both,both
road_4376,both,both,both,both,both,both,both,both,both,both,both,both,both,both,both,both,both,both,both,both,both,both,both,both,both,both,both,both,both,both,both
road_4377,both,both,both,both,both,both,both,both,both,both,both,both,both,both,both,both,both,both,both,both,both,both,both,both,both,both,both,both,both,both,both
road_4378,both,both,both,both,both,both,both,both,both,both,both,both,both,both,both,both,both,both,both,both,both,both,both,both,both,both,both,both,both,both,both
road_4379,both,both,both,both,both,both,both,both,both,both,both,both,both,both,both,both,both,both,both,both,both,both,both,both,both,both,both,both,both,both,both
road_4380,both,both,both,both,both,both,both,both,both,both,both,both,both,both,both,both,both,both,both,both,both,both,both,both,both,both,both,both,both,both,both
road_4381,both,both,both,both,both,both,both,both,both,both,both,both,both,both,both,both,both,both,both,both,both,both,both,both,both,both,both,both,both,both,both
road_4382,both,both,both,both,both,both,both,both,both,both,both,both,both,both,both,both,both,both,both,both,both,both,both,both,both,both,both,both,both,both,both
road_4383,both,both,both,both,both,both,both,both,both,both,both,both,both,both,both,both,both,both,both,both,both,both,both,both,both,both,both,both,both,both,both
road_4384,both,both,both,both,both,both,both,both,both,both,both,both,both,both,both,both,both,both,both,both,both,both,both,both,both,both,both,both,both,both,both
road_4385,both,both,both,both,both,both,both,both,both,both,both,both,both,both,both,both,both,both,both,both,both,both,both,both,both,both,both,both,both,both,both
road_4386,both,both,both,both,both,both,both,both,both,both,both,both,both,both,both,both,both,both,both,both,both,both,both,both,both,both,both,both,both,both,both
road_4387,both,both,both,both,both,both,both,both,both,both,both,both,both,both,both,both,both,both,both,both,both,both,both,both,both,both,both,both,both,both,both
road_4388,both,both,both,both,both,both,both,both,both,both,both,both,both,both,both,both,both,both,both,both,both,both,both,both,both,both,both,both,both,both,both
road_4389,both,both,both,both,both,both,both,both,both,both,both,both,both,both,both,both,both,both,both,both,both,both,both,both,both,both,both,both,both,both,both
road_4390,both,both,both,both,both,both,both,both,both,both,both,both,both,both,both,both,both,both,both,both,both,both,both,both,both,both,both,both,both,both,both
road_4391,both,both,both,both,both,both,both,both,both,both,both,both,both,both,both,both,both,both,both,both,both,both,both,both,both,both,both,both,both,both,both
road_4392,both,both,both,both,both,both,both,both,both,both,both,both,both,both,both,both,both,both,both,both,both,both,both,both,both,both,both,both,both,both,both
road_4393,both,both,both,both,both,both,both,both,both,both,both,both,both,both,both,both,both,both,both,both,both,both,both,both,both,both,both,both,both,both,both
road_4394,both,both,both,both,both,both,both,both,both,both,both,both,both,both,both,both,both,both,both,both,both,both,both,both,both,both,both,both,both,both,both
road_4395,both,both,both,both,both,both,both,both,both,both,both,both,both,both,both,both,both,both,both,both,both,both,both,both,both,both,both,both,both,both,both
road_4396,both,both,both,both,both,both,both,both,both,both,both,both,both,both,both,both,both,both,both,both,both,both,both,both,both,both,both,both,both,both,both
road_4397,both,both,both,both,both,both,both,both,both,both,both,both,both,both,both,both,both,both,both,both,both,both,both,both,both,both,both,both,both,both,both
road_4398,both,both,both,both,both,both,both,both,both,both,both,both,both,both,both,both,both,both,both,both,both,both,both,both,both,both,both,both,both,both,both
road_4399,both,both,both,both,both,both,both,both,both,both,both,both,both,both,both,both,both,both,both,both,both,both,both,both,both,both,both,both,both,both,both
road_4400,both,both,both,both,both,both,both,both,both,both,both,both,both,both,both,both,both,both,both,both,both,both,both,both,both,both,both,both,both,both,both
road_4401,both,both,both,both,both,both,both,both,both,both,both,both,both,both,both,both,both,both,both,both,both,both,both,both,both,both,both,both,both,both,both
road_4402,both,both,both,both,both,both,both,both,both,both,both,both,both,both,both,both,both,both,both,both,both,both,both,both,both,both,both,both,both,both,both
road_4403,both,both,both,both,both,both,both,both,both,both,both,both,both,both,both,both,both,both,both,both,both,both,both,both,both,both,both,both,both,both,both
road_4404,both,both,both,both,both,both,both,both,both,both,both,both,both,both,both,both,both,both,both,both,both,both,both,both,both,both,both,both,both,both,both
road_4405,both,both,both,both,both,both,both,both,both,both,both,both,both,both,both,both,both,both,both,both,both,both,both,both,both,both,both,both,both,both,both
road_4406,both,both,both,both,both,both,both,both,both,both,both,both,both,both,both,both,both,both,both,both,both,both,both,both,both,both,both,both,both,both,both
road_4407,both,both,both,both,both,both,both,both,both,both,both,both,both,both,both,both,both,both,both,both,both,both,both,both,both,both,both,both,both,both,both
road_4408,both,both,both,both,both,both,both,both,both,both,both,both,both,both,both,both,both,both,both,both,both,both,both,both,both,both,both,both,both,both,both
road_4409,both,both,both,both,both,both,both,both,both,both,both,both,both,both,both,both,both,both,both,both,both,both,both,both,both,both,both,both,both,both,both
road_4410,both,both,both,both,both,both,both,both,both,both,both,both,both,both,both,both,both,both,both,both,both,both,both,both,both,both,both,both,both,both,both
road_4411,both,both,both,both,both,both,both,both,both,both,both,both,both,both,both,both,both,both,both,both,both,both,both,both,both,both,both,both,both,both,both
road_4412,both,both,both,both,both,both,both,both,both,both,both,both,both,both,both,both,both,both,both,both,both,both,both,both,both,both,both,both,both,both,both
road_4413,both,both,both,both,both,both,both,both,both,both,both,both,both,both,both,both,both,both,both,both,both,both,both,both,both,both,both,both,both,both,both
road_4414,both,both,both,both,both,both,both,both,both,both,both,both,both,both,both,both,both,both,both,both,both,both,both,both,both,both,both,both,both,both,both
road_4415,both,both,both,both,both,both,both,both,both,both,both,both,both,both,both,both,both,both,both,both,both,both,both,both,both,both,both,both,both,both,both
road_4416,both,both,both,both,both,both,both,both,both,both,both,both,both,both,both,both,both,both,both,both,both,both,both,both,both,both,both,both,both,both,both
road_4417,both,both,both,both,both,both,both,both,both,both,both,both,both,both,both,both,both,both,both,both,both,both,both,both,both,both,both,both,both,both,both
road_4418,both,both,both,both,both,both,both,both,both,both,both,both,both,both,both,both,both,both,both,both,both,both,both,both,both,both,both,both,both,both,both
road_4419,both,both,both,both,both,both,both,both,both,both,both,both,both,both,both,both,both,both,both,both,both,both,both,both,both,both,both,both,both,both,both
road_4420,both,both,both,both,both,both,both,both,both,both,both,both,both,both,both,both,both,both,both,both,both,both,both,both,both,both,both,both,both,both,both
road_4421,both,both,both,both,both,both,both,both,both,both,both,both,both,both,both,both,both,both,both,both,both,both,both,both,both,both,both,both,both,both,both
road_4422,both,both,both,both,both,both,both,both,both,both,both,both,both,both,both,both,both,both,both,both,both,both,both,both,both,both,both,both,both,both,both
road_4423,both,both,both,both,both,both,both,both,both,both,both,both,both,both,both,both,both,both,both,both,both,both,both,both,both,both,both,both,both,both,both
road_4424,both,both,both,both,both,both,both,both,both,both,both,both,both,both,both,both,both,both,both,both,both,both,both,both,both,both,both,both,both,both,both
road_4425,both,both,both,both,both,both,both,both,both,both,both,both,both,both,both,both,both,both,both,both,both,both,both,both,both,both,both,both,both,both,both
road_4426,both,both,both,both,both,both,both,both,both,both,both,both,both,both,both,both,both,both,both,both,both,both,both,both,both,both,both,both,both,both,both
road_4427,both,both,both,both,both,both,both,both,both,both,both,both,both,both,both,both,both,both,both,both,both,both,both,both,both,both,both,both,both,both,both
road_4428,both,both,both,both,both,both,both,both,both,both,both,both,both,both,both,both,both,both,both,both,both,both,both,both,both,both,both,both,both,both,both
road_4429,both,both,both,both,both,both,both,both,both,both,both,both,both,both,both,both,both,both,both,both,both,both,both,both,both,both,both,both,both,both,both
road_4430,both,both,both,both,both,both,both,both,both,both,both,both,both,both,both,both,both,both,both,both,both,both,both,both,both,both,both,both,both,both,both
road_4431,both,both,both,both,both,both,both,both,both,both,both,both,both,both,both,both,both,both,both,both,both,both,both,both,both,both,both,both,both,both,both
road_4432,both,both,both,both,both,both,both,both,both,both,both,both,both,both,both,both,both,both,both,both,both,both,both,both,both,both,both,both,both,both,both
road_4433,both,both,both,both,both,both,both,both,both,both,both,both,both,both,both,both,both,both,both,both,both,both,both,both,both,both,both,both,both,both,both
road_4434,both,both,both,both,both,both,both,both,both,both,both,both,both,both,both,both,both,both,both,both,both,both,both,both,both,both,both,both,both,both,both
road_4435,both,both,both,both,both,both,both,both,both,both,both,both,both,both,both,both,both,both,both,both,both,both,both,both,both,both,both,both,both,both,both
road_4436,both,both,both,both,both,both,both,both,both,both,both,both,both,both,both,both,both,both,both,both,both,both,both,both,both,both,both,both,both,both,both
road_4437,both,both,both,both,both,both,both,both,both,both,both,both,both,both,both,both,both,both,both,both,both,both,both,both,both,both,both,both,both,both,both
road_4438,both,both,both,both,both,both,both,both,both,both,both,both,both,both,both,both,both,both,both,both,both,both,both,both,both,both,both,both,both,both,both
road_4439,both,both,both,both,both,both,both,both,both,both,both,both,both,both,both,both,both,both,both,both,both,both,both,both,both,both,both,both,both,both,both
road_4440,both,both,both,both,both,both,both,both,both,both,both,both,both,both,both,both,both,both,both,both,both,both,both,both,both,both,both,both,both,both,both
road_4441,both,both,both,both,both,both,both,both,both,both,both,both,both,both,both,both,both,both,both,both,both,both,both,both,both,both,both,both,both,both,both
road_4442,both,both,both,both,both,both,both,both,both,both,both,both,both,both,both,both,both,both,both,both,both,both,both,both,both,both,both,both,both,both,both
road_4443,both,both,both,both,both,both,both,both,both,both,both,both,both,both,both,both,both,both,both,both,both,both,both,both,both,both,both,both,both,both,both
road_4444,both,both,both,both,both,both,both,both,both,both,both,both,both,both,both,both,both,both,both,both,both,both,both,both,both,both,both,both,both,both,both
road_4445,both,both,both,both,both,both,both,both,both,both,both,both,both,both,both,both,both,both,both,both,both,both,both,both,both,both,both,both,both,both,both
road_4446,both,both,both,both,both,both,both,both,both,both,both,both,both,both,both,both,both,both,both,both,both,both,both,both,both,both,both,both,both,both,both
road_4447,both,both,both,both,both,both,both,both,both,both,both,both,both,both,both,both,both,both,both,both,both,both,both,both,both,both,both,both,both,both,both
road_4448,both,both,both,both,both,both,both,both,both,both,both,both,both,both,both,both,both,both,both,both,both,both,both,both,both,both,both,both,both,both,both
road_4449,both,both,both,both,both,both,both,both,both,both,both,both,both,both,both,both,both,both,both,both,both,both,both,both,both,both,both,both,both,both,both
road_4450,both,both,both,both,both,both,both,both,both,both,both,both,both,both,both,both,both,both,both,both,both,both,both,both,both,both,both,both,both,both,both
road_4451,both,both,both,both,both,both,both,both,both,both,both,both,both,both,both,both,both,both,both,both,both,both,both,both,both,both,both,both,both,both,both
road_4452,both,both,both,both,both,both,both,both,both,both,both,both,both,both,both,both,both,both,both,both,both,both,both,both,both,both,both,both,both,both,both
road_4453,both,both,both,both,both,both,both,both,both,both,both,both,both,both,both,both,both,both,both,both,both,both,both,both,both,both,both,both,both,both,both
road_4454,both,both,both,both,both,both,both,both,both,both,both,both,both,both,both,both,both,both,both,both,both,both,both,both,both,both,both,both,both,both,both
road_4455,both,both,both,both,both,both,both,both,both,both,both,both,both,both,both,both,both,both,both,both,both,both,both,both,both,both,both,both,both,both,both
road_4456,both,both,both,both,both,both,both,both,both,both,both,both,both,both,both,both,both,both,both,both,both,both,both,both,both,both,both,both,both,both,both
road_4457,both,both,both,both,both,both,both,both,both,both,both,both,both,both,both,both,both,both,both,both,both,both,both,both,both,both,both,both,both,both,both
road_4458,both,both,both,both,both,both,both,both,both,both,both,both,both,both,both,both,both,both,both,both,both,both,both,both,both,both,both,both,both,both,both
road_4459,both,both,both,both,both,both,both,both,both,both,both,both,both,both,both,both,both,both,both,both,both,both,both,both,both,both,both,both,both,both,both
road_4460,both,both,both,both,both,both,both,both,both,both,both,both,both,both,both,both,both,both,both,both,both,both,both,both,both,both,both,both,both,both,both
road_4461,both,both,both,both,both,both,both,both,both,both,both,both,both,both,both,both,both,both,both,both,both,both,both,both,both,both,both,both,both,both,both
road_4462,both,both,both,both,both,both,both,both,both,both,both,both,both,both,both,both,both,both,both,both,both,both,both,both,both,both,both,both,both,both,both
road_4463,both,both,both,both,both,both,both,both,both,both,both,both,both,both,both,both,both,both,both,both,both,both,both,both,both,both,both,both,both,both,both
road_4464,both,both,both,both,both,both,both,both,both,both,both,both,both,both,both,both,both,both,both,both,both,both,both,both,both,both,both,both,both,both,both
road_4465,both,both,both,both,both,both,both,both,both,both,both,both,both,both,both,both,both,both,both,both,both,both,both,both,both,both,both,both,both,both,both
road_4466,both,both,both,both,both,both,both,both,both,both,both,both,both,both,both,both,both,both,both,both,both,both,both,both,both,both,both,both,both,both,both
road_4467,both,both,both,both,both,both,both,both,both,both,both,both,both,both,both,both,both,both,both,both,both,both,both,both,both,both,both,both,both,both,both
road_4468,both,both,both,both,both,both,both,both,both,both,both,both,both,both,both,both,both,both,both,both,both,both,both,both,both,both,both,both,both,both,both
road_4469,both,both,both,both,both,both,both,both,both,both,both,both,both,both,both,both,both,both,both,both,both,both,both,both,both,both,both,both,both,both,both
road_4470,both,both,both,both,both,both,both,both,both,both,both,both,both,both,both,both,both,both,both,both,both,both,both,both,both,both,both,both,both,both,both
road_4471,both,both,both,both,both,both,both,both,both,both,both,both,both,both,both,both,both,both,both,both,both,both,both,both,both,both,both,both,both,both,both
road_4472,both,both,both,both,both,both,both,both,both,both,both,both,both,both,both,both,both,both,both,both,both,both,both,both,both,both,both,both,both,both,both
road_4473,both,both,both,both,both,both,both,both,both,both,both,both,both,both,both,both,both,both,both,both,both,both,both,both,both,both,both,both,both,both,both
road_4474,both,both,both,both,both,both,both,both,both,both,both,both,both,both,both,both,both,both,both,both,both,both,both,both,both,both,both,both,both,both,both
road_4475,both,both,both,both,both,both,both,both,both,both,both,both,both,both,both,both,both,both,both,both,both,both,both,both,both,both,both,both,both,both,both
road_4476,both,both,both,both,both,both,both,both,both,both,both,both,both,both,both,both,both,both,both,both,both,both,both,both,both,both,both,both,both,both,both
road_4477,both,both,both,both,both,both,both,both,both,both,both,both,both,both,both,both,both,both,both,both,both,both,both,both,both,both,both,both,both,both,both
road_4478,both,both,both,both,both,both,both,both,both,both,both,both,both,both,both,both,both,both,both,both,both,both,both,both,both,both,both,both,both,both,both
road_4479,both,both,both,both,both,both,both,both,both,both,both,both,both,both,both,both,both,both,both,both,both,both,both,both,both,both,both,both,both,both,both
road_4480,both,both,both,both,both,both,both,both,both,both,both,both,both,both,both,both,both,both,both,both,both,both,both,both,both,both,both,both,both,both,both
road_4481,both,both,both,both,both,both,both,both,both,both,both,both,both,both,both,both,both,both,both,both,both,both,both,both,both,both,both,both,both,both,both
road_4482,both,both,both,both,both,both,both,both,both,both,both,both,both,both,both,both,both,both,both,both,both,both,both,both,both,both,both,both,both,both,both
road_4483,both,both,both,both,both,both,both,both,both,both,both,both,both,both,both,both,both,both,both,both,both,both,both,both,both,both,both,both,both,both,both
road_4484,both,both,both,both,both,both,both,both,both,both,both,both,both,both,both,both,both,both,both,both,both,both,both,both,both,both,both,both,both,both,both
road_4485,both,both,both,both,both,both,both,both,both,both,both,both,both,both,both,both,both,both,both,both,both,both,both,both,both,both,both,both,both,both,both
road_4486,both,both,both,both,both,both,both,both,both,both,both,both,both,both,both,both,both,both,both,both,both,both,both,both,both,both,both,both,both,both,both
road_4487,both,both,both,both,both,both,both,both,both,both,both,both,both,both,both,both,both,both,both,both,both,both,both,both,both,both,both,both,both,both,both
road_4488,both,both,both,both,both,both,both,both,both,both,both,both,both,both,both,both,both,both,both,both,both,both,both,both,both,both,both,both,both,both,both
road_4489,both,both,both,both,both,both,both,both,both,both,both,both,both,both,both,both,both,both,both,both,both,both,both,both,both,both,both,both,both,both,both
road_4490,both,both,both,both,both,both,both,both,both,both,both,both,both,both,both,both,both,both,both,both,both,both,both,both,both,both,both,both,both,both,both
road_4491,both,both,both,both,both,both,both,both,both,both,both,both,both,both,both,both,both,both,both,both,both,both,both,both,both,both,both,both,both,both,both
road_4492,both,both,both,both,both,both,both,both,both,both,both,both,both,both,both,both,both,both,both,both,both,both,both,both,both,both,both,both,both,both,both
road_4493,both,both,both,both,both,both,both,both,both,both,both,both,both,both,both,both,both,both,both,both,both,both,both,both,both,both,both,both,both,both,both
road_4494,both,both,both,both,both,both,both,both,both,both,both,both,both,both,both,both,both,both,both,both,both,both,both,both,both,both,both,both,both,both,both
road_4495,both,both,both,both,both,both,both,both,both,both,both,both,both,both,both,both,both,both,both,both,both,both,both,both,both,both,both,both,both,both,both
road_4496,both,both,both,both,both,both,both,both,both,both,both,both,both,both,both,both,both,both,both,both,both,both,both,both,both,both,both,both,both,both,both
road_4497,both,both,both,both,both,both,both,both,both,both,both,both,both,both,both,both,both,both,both,both,both,both,both,both,both,both,both,both,both,both,both
road_4498,both,both,both,both,both,both,both,both,both,both,both,both,both,both,both,both,both,both,both,both,both,both,both,both,both,both,both,both,both,both,both
road_4499,both,both,both,both,both,both,both,both,both,both,both,both,both,both,both,both,both,both,both,both,both,both,both,both,both,both,both,both,both,both,both
road_4500,both,both,both,both,both,both,both,both,both,both,both,both,both,both,both,both,both,both,both,both,both,both,both,both,both,both,both,both,both,both,both
road_4501,both,both,both,both,both,both,both,both,both,both,both,both,both,both,both,both,both,both,both,both,both,both,both,both,both,both,both,both,both,both,both
road_4502,both,both,both,both,both,both,both,both,both,both,both,both,both,both,both,both,both,both,both,both,both,both,both,both,both,both,both,both,both,both,both
road_4503,both,both,both,both,both,both,both,both,both,both,both,both,both,both,both,both,both,both,both,both,both,both,both,both,both,both,both,both,both,both,both
road_4504,both,both,both,both,both,both,both,both,both,both,both,both,both,both,both,both,both,both,both,both,both,both,both,both,both,both,both,both,both,both,both
road_4505,both,both,both,both,both,both,both,both,both,both,both,both,both,both,both,both,both,both,both,both,both,both,both,both,both,both,both,both,both,both,both
road_4506,both,both,both,both,both,both,both,both,both,both,both,both,both,both,both,both,both,both,both,both,both,both,both,both,both,both,both,both,both,both,both
road_4507,both,both,both,both,both,both,both,both,both,both,both,both,both,both,both,both,both,both,both,both,both,both,both,both,both,both,both,both,both,both,both
road_4508,both,both,both,both,both,both,both,both,both,both,both,both,both,both,both,both,both,both,both,both,both,both,both,both,both,both,both,both,both,both,both
road_4509,both,both,both,both,both,both,both,both,both,both,both,both,both,both,both,both,both,both,both,both,both,both,both,both,both,both,both,both,both,both,both
road_4510,both,both,both,both,both,both,both,both,both,both,both,both,both,both,both,both,both,both,both,both,both,both,both,both,both,both,both,both,both,both,both
road_4511,both,both,both,both,both,both,both,both,both,both,both,both,both,both,both,both,both,both,both,both,both,both,both,both,both,both,both,both,both,both,both
road_4512,both,both,both,both,both,both,both,both,both,both,both,both,both,both,both,both,both,both,both,both,both,both,both,both,both,both,both,both,both,both,both
road_4513,both,both,both,both,both,both,both,both,both,both,both,both,both,both,both,both,both,both,both,both,both,both,both,both,both,both,both,both,both,both,both
road_4514,both,both,both,both,both,both,both,both,both,both,both,both,both,both,both,both,both,both,both,both,both,both,both,both,both,both,both,both,both,both,both
road_4515,both,both,both,both,both,both,both,both,both,both,both,both,both,both,both,both,both,both,both,both,both,both,both,both,both,both,both,both,both,both,both
road_4516,both,both,both,both,both,both,both,both,both,both,both,both,both,both,both,both,both,both,both,both,both,both,both,both,both,both,both,both,both,both,both
road_4517,both,both,both,both,both,both,both,both,both,both,both,both,both,both,both,both,both,both,both,both,both,both,both,both,both,both,both,both,both,both,both
road_4518,both,both,both,both,both,both,both,both,both,both,both,both,both,both,both,both,both,both,both,both,both,both,both,both,both,both,both,both,both,both,both
road_4519,both,both,both,both,both,both,both,both,both,both,both,both,both,both,both,both,both,both,both,both,both,both,both,both,both,both,both,both,both,both,both
road_4520,both,both,both,both,both,both,both,both,both,both,both,both,both,both,both,both,both,both,both,both,both,both,both,both,both,both,both,both,both,both,both
road_4521,both,both,both,both,both,both,both,both,both,both,both,both,both,both,both,both,both,both,both,both,both,both,both,both,both,both,both,both,both,both,both
road_4522,both,both,both,both,both,both,both,both,both,both,both,both,both,both,both,both,both,both,both,both,both,both,both,both,both,both,both,both,both,both,both
road_4523,both,both,both,both,both,both,both,both,both,both,both,both,both,both,both,both,both,both,both,both,both,both,both,both,both,both,both,both,both,both,both
road_4524,both,both,both,both,both,both,both,both,both,both,both,both,both,both,both,both,both,both,both,both,both,both,both,both,both,both,both,both,both,both,both
road_4525,both,both,both,both,both,both,both,both,both,both,both,both,both,both,both,both,both,both,both,both,both,both,both,both,both,both,both,both,both,both,both
road_4526,both,both,both,both,both,both,both,both,both,both,both,both,both,both,both,both,both,both,both,both,both,both,both,both,both,both,both,both,both,both,both
road_4527,both,both,both,both,both,both,both,both,both,both,both,both,both,both,both,both,both,both,both,both,both,both,both,both,both,both,both,both,both,both,both
road_4528,both,both,both,both,both,both,both,both,both,both,both,both,both,both,both,both,both,both,both,both,both,both,both,both,both,both,both,both,both,both,both
road_4529,both,both,both,both,both,both,both,both,both,both,both,both,both,both,both,both,both,both,both,both,both,both,both,both,both,both,both,both,both,both,both
road_4530,both,both,both,both,both,both,both,both,both,both,both,both,both,both,both,both,both,both,both,both,both,both,both,both,both,both,both,both,both,both,both
road_4531,both,both,both,both,both,both,both,both,both,both,both,both,both,both,both,both,both,both,both,both,both,both,both,both,both,both,both,both,both,both,both
road_4532,both,both,both,both,both,both,both,both,both,both,both,both,both,both,both,both,both,both,both,both,both,both,both,both,both,both,both,both,both,both,both
road_4533,both,both,both,both,both,both,both,both,both,both,both,both,both,both,both,both,both,both,both,both,both,both,both,both,both,both,both,both,both,both,both
road_4534,both,both,both,both,both,both,both,both,both,both,both,both,both,both,both,both,both,both,both,both,both,both,both,both,both,both,both,both,both,both,both
road_4535,both,both,both,both,both,both,both,both,both,both,both,both,both,both,both,both,both,both,both,both,both,both,both,both,both,both,both,both,both,both,both
road_4536,both,both,both,both,both,both,both,both,both,both,both,both,both,both,both,both,both,both,both,both,both,both,both,both,both,both,both,both,both,both,both
road_4537,both,both,both,both,both,both,both,both,both,both,both,both,both,both,both,both,both,both,both,both,both,both,both,both,both,both,both,both,both,both,both
road_4538,both,both,both,both,both,both,both,both,both,both,both,both,both,both,both,both,both,both,both,both,both,both,both,both,both,both,both,both,both,both,both
road_4539,both,both,both,both,both,both,both,both,both,both,both,both,both,both,both,both,both,both,both,both,both,both,both,both,both,both,both,both,both,both,both
road_4540,both,both,both,both,both,both,both,both,both,both,both,both,both,both,both,both,both,both,both,both,both,both,both,both,both,both,both,both,both,both,both
road_4541,both,both,both,both,both,both,both,both,both,both,both,both,both,both,both,both,both,both,both,both,both,both,both,both,both,both,both,both,both,both,both
road_4542,both,both,both,both,both,both,both,both,both,both,both,both,both,both,both,both,both,both,both,both,both,both,both,both,both,both,both,both,both,both,both
road_4543,both,both,both,both,both,both,both,both,both,both,both,both,both,both,both,both,both,both,both,both,both,both,both,both,both,both,both,both,both,both,both
road_4544,both,both,both,both,both,both,both,both,both,both,both,both,both,both,both,both,both,both,both,both,both,both,both,both,both,both,both,both,both,both,both
road_4545,both,both,both,both,both,both,both,both,both,both,both,both,both,both,both,both,both,both,both,both,both,both,both,both,both,both,both,both,both,both,both
road_4546,both,both,both,both,both,both,both,both,both,both,both,both,both,both,both,both,both,both,both,both,both,both,both,both,both,both,both,both,both,both,both
road_4547,both,both,both,both,both,both,both,both,both,both,both,both,both,both,both,both,both,both,both,both,both,both,both,both,both,both,both,both,both,both,both
road_4548,both,both,both,both,both,both,both,both,both,both,both,both,both,both,both,both,both,both,both,both,both,both,both,both,both,both,both,both,both,both,both
road_4549,both,both,both,both,both,both,both,both,both,both,both,both,both,both,both,both,both,both,both,both,both,both,both,both,both,both,both,both,both,both,both
road_4550,both,both,both,both,both,both,both,both,both,both,both,both,both,both,both,both,both,both,both,both,both,both,both,both,both,both,both,both,both,both,both
road_4551,both,both,both,both,both,both,both,both,both,both,both,both,both,both,both,both,both,both,both,both,both,both,both,both,both,both,both,both,both,both,both
road_4552,both,both,both,both,both,both,both,both,both,both,both,both,both,both,both,both,both,both,both,both,both,both,both,both,both,both,both,both,both,both,both
