seg_id,year_type_1994,year_type_1995,year_type_1996,year_type_1997,year_type_1998,year_type_1999,year_type_2000,year_type_2001,year_type_2002,year_type_2003,year_type_2004,year_type_2005,year_type_2006,year_type_2007,year_type_2008,year_type_2009,year_type_2010,year_type_2011,year_type_2012,year_type_2013,year_type_2014,year_type_2015,year_type_2016,year_type_2017,year_type_2018,year_type_2019,year_type_2020,year_type_2021,year_type_2022,year_type_2023,year_type_2024
rail_1,both,both,both,both,both,both,both,both,both,both,both,both,both,both,both,both,both,both,both,both,both,both,both,both,both,both,both,both,both,both,both
rail_2,both,both,both,both,both,both,both,both,both,both,both,both,both,both,both,both,both,both,both,both,both,both,both,both,both,both,both,both,both,both,both
rail_3,both,both,both,both,both,both,both,both,both,both,both,both,both,both,both,both,both,both,both,both,both,both,both,both,both,both,both,both,both,both,both
rail_4,both,both,both,both,both,both,both,both,both,both,both,both,both,both,both,both,both,both,both,both,both,both,both,both,both,both,both,both,both,both,both
rail_5,both,both,both,both,both,both,both,both,both,both,both,both,both,both,both,both,both,both,both,both,both,both,both,both,both,both,both,both,both,both,both
rail_6,goods,goods,goods,goods,goods,goods,goods,goods,goods,goods,goods,goods,goods,goods,goods,goods,goods,goods,goods,goods,goods,goods,goods,goods,goods,goods,goods,goods,goods,goods,goods
rail_7,both,both,both,both,both,both,both,both,both,both,both,both,both,both,both,both,both,both,both,both,both,both,both,both,both,both,both,both,both,both,both
rail_8,both,both,both,both,both,both,both,both,both,both,both,both,both,both,both,both,both,both,both,both,both,both,both,both,both,both,both,both,both,both,both
rail_9,both,both,both,both,both,both,both,both,both,both,both,both,both,both,both,both,both,both,both,both,both,both,both,both,both,both,both,both,both,both,both
rail_10,both,both,both,both,both,both,both,both,both,both,both,both,both,both,both,both,both,both,both,both,both,both,both,both,both,both,both,both,both,both,both
rail_11,both,both,both,both,both,both,both,both,both,both,both,both,both,both,both,both,both,both,both,both,both,both,both,both,both,both,both,both,both,both,both
rail_12,both,both,both,both,both,both,both,both,both,both,both,both,both,both,both,both,both,both,both,both,both,both,both,both,both,both,both,both,both,both,both
rail_13,both,both,both,both,both,both,both,both,both,both,both,both,both,both,both,both,both,both,both,both,both,both,both,both,both,both,both,both,both,both,both
rail_14,both,both,both,both,both,both,both,both,both,both,both,both,both,both,both,both,both,both,both,both,both,both,both,both,both,both,both,both,both,both,both
rail_15,both,both,both,both,both,both,both,both,both,both,both,both,both,both,both,both,both,both,both,both,both,both,both,both,both,both,both,both,both,both,both
rail_16,both,both,both,both,both,both,both,both,both,both,both,both,both,both,both,both,both,both,both,both,both,both,both,both,both,both,both,both,both,both,both
rail_17,both,both,both,both,both,both,both,both,both,both,both,both,both,both,both,both,both,both,both,both,both,both,both,both,both,both,both,both,both,both,both
rail_18,both,both,both,both,both,both,both,both,both,both,both,both,both,both,both,both,both,both,both,both,both,both,both,both,both,both,both,both,both,both,both
rail_19,both,both,both,both,both,both,both,both,both,both,both,both,both,both,both,both,both,both,both,both,both,both,both,both,both,both,both,both,both,both,both
rail_20,both,both,both,both,both,both,both,both,both,both,both,both,both,both,both,both,both,both,both,both,both,both,both,both,both,both,both,both,both,both,both
rail_21,both,both,both,both,both,both,both,both,both,both,both,both,both,both,both,both,both,both,both,both,both,both,both,both,both,both,both,both,both,both,both
rail_22,both,both,both,both,both,both,both,both,both,both,both,both,both,both,both,both,both,both,both,both,both,both,both,both,both,both,both,both,both,both,both
rail_23,both,both,both,both,both,both,both,both,both,both,both,both,both,both,both,both,both,both,both,both,both,both,both,both,both,both,both,both,both,both,both
rail_24,both,both,both,both,both,both,both,both,both,both,both,both,both,both,both,both,both,both,both,both,both,both,both,both,both,both,both,both,both,both,both
rail_25,both,both,both,both,both,both,both,both,both,both,both,both,both,both,both,both,both,both,both,both,both,both,both,both,both,both,both,both,both,both,both
rail_26,both,both,both,both,both,both,both,both,both,both,both,both,both,both,both,both,both,both,both,both,both,both,both,both,both,both,both,both,both,both,both
rail_27,both,both,both,both,both,both,both,both,both,both,both,both,both,both,both,both,both,both,both,both,both,both,both,both,both,both,both,both,both,both,both
rail_28,both,both,both,both,both,both,both,both,both,both,both,both,both,both,both,both,both,both,both,both,both,both,both,both,both,both,both,both,both,both,both
rail_29,both,both,both,both,both,both,both,both,both,both,both,both,both,both,both,both,both,both,both,both,both,both,both,both,both,both,both,both,both,both,both
rail_30,both,both,both,both,both,both,both,both,both,both,both,both,both,both,both,both,both,both,both,both,both,both,both,both,both,both,both,both,both,both,both
rail_31,both,both,both,both,both,both,both,both,both,both,both,both,both,both,both,both,both,both,both,both,both,both,both,both,both,both,both,both,both,both,both
rail_32,both,both,both,both,both,both,both,both,both,both,both,both,both,both,both,both,both,both,both,both,both,both,both,both,both,both,both,both,both,both,both
rail_33,both,both,both,both,both,both,both,both,both,both,both,both,both,both,both,both,both,both,both,both,both,both,both,both,both,both,both,both,both,both,both
rail_34,goods,goods,goods,goods,goods,goods,both,goods,goods,goods,goods,goods,goods,goods,goods,goods,goods,goods,goods,none,none,none,none,none,none,none,none,none,none,none,none
rail_35,both,both,both,both,both,both,both,both,both,both,both,both,both,both,both,both,both,both,both,both,both,both,both,both,both,both,both,both,both,both,both
rail_36,both,both,both,both,both,both,both,both,both,both,both,both,both,both,both,both,both,both,both,both,both,both,both,both,both,both,both,both,both,both,both
rail_37,both,both,both,both,both,both,both,both,both,both,both,both,both,both,both,both,both,both,both,both,both,both,both,both,both,both,both,both,both,both,both
rail_38,both,both,both,both,both,both,both,both,both,both,both,both,both,both,both,both,both,both,both,both,both,both,both,both,both,both,both,both,both,both,both
rail_39,both,both,both,both,both,both,both,both,both,both,both,both,both,both,both,both,both,both,both,both,both,both,both,both,both,both,both,both,both,both,both
rail_40,both,both,both,both,both,both,both,both,both,both,both,both,both,both,both,both,both,both,both,both,both,both,both,both,both,both,both,both,both,both,both
rail_41,both,both,both,both,both,both,both,both,both,both,both,both,both,both,both,both,both,both,both,both,both,both,both,both,both,both,both,both,both,both,both
rail_42,both,both,both,both,both,both,both,both,both,both,both,both,both,both,both,both,both,both,both,both,both,both,both,both,both,both,both,both,both,both,both
rail_43,both,both,both,both,both,both,both,both,both,both,both,both,both,both,both,both,both,both,both,both,both,both,both,both,both,both,both,both,both,both,both
rail_44,both,both,both,both,both,both,both,both,both,both,both,both,both,both,both,both,both,both,both,both,both,both,both,both,both,both,both,both,both,both,both
rail_45,both,both,both,both,both,both,both,both,both,both,both,both,both,both,both,both,both,both,both,both,both,both,both,both,both,both,both,both,both,both,both
rail_46,both,both,both,both,both,both,both,both,both,both,both,both,both,both,both,both,both,both,both,both,both,both,both,both,both,both,both,both,both,both,both
rail_47,both,both,both,both,both,both,both,both,both,both,both,both,both,both,both,both,both,both,both,both,both,both,both,both,both,both,both,both,both,both,both
rail_48,both,both,both,both,both,both,both,both,both,both,both,both,both,both,both,both,both,both,both,both,both,both,both,both,both,both,both,both,both,both,both
rail_49,both,both,both,both,both,both,both,both,both,both,both,both,both,both,both,both,both,both,both,both,both,none,none,none,none,none,both,both,both,both,both
rail_50,none,none,none,none,none,none,none,none,none,none,none,none,none,none,none,none,none,none,none,none,none,none,none,none,none,goods,goods,goods,goods,goods,goods
rail_51,both,both,both,both,both,both,both,both,both,both,both,both,both,both,both,both,both,both,both,both,both,both,both,both,both,both,both,both,both,both,both
rail_52,both,both,both,both,both,both,both,both,both,both,both,both,both,both,both,both,both,both,both,both,both,both,both,both,both,both,both,both,both,both,both
rail_53,both,both,both,both,both,both,both,both,both,both,both,both,both,both,both,both,both,both,both,both,both,both,both,both,both,both,both,both,both,both,both
rail_54,both,both,both,both,both,both,both,both,both,both,both,both,both,both,both,both,both,both,both,both,both,both,both,both,both,both,both,both,both,both,both
rail_55,both,both,both,both,both,both,both,both,both,both,both,both,both,both,both,both,both,both,both,both,both,both,both,both,both,both,both,both,both,both,both
rail_56,both,both,both,both,both,both,both,both,both,both,both,both,both,both,both,both,both,both,both,both,both,both,both,both,both,both,both,both,both,both,both
rail_57,both,both,both,both,both,both,both,both,both,both,both,both,both,both,both,both,both,both,both,both,both,both,both,both,both,both,both,both,both,both,both
rail_58,both,both,both,both,both,both,both,both,both,both,both,both,both,both,both,both,both,both,both,both,both,both,both,both,both,both,both,both,both,both,both
rail_59,both,both,both,both,both,both,both,both,both,both,both,both,both,both,both,both,both,both,both,both,both,both,both,both,both,both,both,both,both,both,both
rail_60,both,both,both,both,both,both,both,both,both,both,both,both,both,both,both,both,both,both,both,both,both,both,both,both,both,both,both,both,both,both,both
rail_61,both,both,both,both,both,both,both,both,both,both,both,both,both,both,both,both,both,both,both,both,both,both,both,both,both,both,both,both,both,both,both
rail_62,both,both,both,both,both,both,both,both,both,both,both,both,both,both,both,both,both,both,both,both,both,both,both,both,both,both,both,both,both,both,both
rail_63,both,both,both,both,both,both,both,both,both,both,both,both,both,both,both,both,both,both,both,both,both,both,both,both,both,both,both,both,both,both,both
rail_64,both,both,both,both,both,both,both,both,both,goods,goods,goods,goods,goods,goods,goods,goods,goods,goods,goods,goods,goods,goods,goods,goods,goods,goods,goods,goods,goods,goods
rail_65,both,both,both,both,both,both,both,both,both,goods,goods,goods,goods,goods,goods,goods,goods,goods,goods,goods,goods,goods,goods,goods,goods,goods,goods,goods,goods,goods,goods
rail_66,both,both,both,both,both,both,both,both,both,goods,goods,goods,goods,goods,goods,goods,goods,goods,goods,goods,goods,goods,goods,goods,goods,goods,goods,goods,goods,goods,goods
rail_67,both,both,both,both,both,both,both,both,both,both,both,both,both,both,both,both,both,both,both,both,both,both,both,both,both,both,both,both,both,both,both
rail_68,both,both,both,both,both,both,both,both,both,both,both,both,both,both,both,both,both,both,both,both,both,both,both,both,both,both,both,both,both,both,both
rail_69,both,both,both,both,both,both,both,both,both,both,both,both,both,both,both,both,both,both,both,both,both,both,both,both,both,both,both,both,both,both,both
rail_70,both,both,both,both,both,both,both,both,both,both,both,both,both,both,both,both,both,both,both,both,both,both,both,both,both,both,both,both,both,both,both
rail_71,both,both,both,both,both,both,both,both,both,both,both,both,both,both,both,both,both,both,both,both,both,both,both,both,both,both,both,both,both,both,both
rail_72,both,both,both,both,both,both,both,both,both,both,both,both,both,both,both,both,both,both,both,both,both,both,both,both,both,both,both,both,both,both,both
rail_73,both,both,both,both,both,both,both,both,both,both,both,both,both,both,both,both,both,both,both,both,both,both,both,both,both,both,both,both,both,both,both
rail_74,both,both,both,both,both,both,both,both,both,both,both,both,both,both,both,both,both,both,both,both,both,both,both,both,both,both,both,both,both,both,both
rail_75,both,both,both,both,both,both,both,both,both,both,both,both,both,both,both,both,both,both,both,both,both,both,both,both,both,both,both,both,both,both,both
rail_76,both,both,both,both,both,both,both,both,both,both,both,both,both,both,both,both,both,both,both,both,both,both,both,both,both,both,both,both,both,both,both
rail_77,both,both,both,both,both,both,both,both,both,both,both,both,both,both,both,both,both,both,both,both,both,both,both,both,both,both,both,both,both,both,both
rail_78,both,both,both,both,both,both,both,both,both,both,both,both,both,both,both,both,both,both,both,both,both,both,both,both,both,both,both,both,both,both,both
rail_79,both,both,both,both,both,both,both,both,both,both,both,both,both,both,both,both,both,both,both,both,both,both,both,both,both,both,both,both,both,both,both
rail_80,both,both,both,both,both,both,both,both,both,both,both,both,both,both,both,both,both,both,both,both,both,both,both,both,both,both,both,both,both,both,both
rail_81,both,both,both,both,both,both,both,both,both,both,both,both,both,both,both,both,both,both,both,both,both,both,both,both,both,both,both,both,both,both,both
rail_82,both,both,both,both,both,both,both,both,both,both,both,both,both,both,both,both,both,both,both,both,both,both,both,both,both,both,both,both,both,both,both
rail_83,both,both,both,both,both,both,both,both,both,both,both,both,both,both,both,both,both,both,both,both,both,both,both,both,both,both,both,both,both,both,both
rail_84,both,both,both,both,both,both,both,both,both,both,both,both,both,both,both,both,both,both,both,both,both,both,both,both,both,both,both,both,both,both,both
rail_85,both,both,both,both,both,both,both,both,both,goods,goods,goods,goods,goods,goods,goods,goods,goods,goods,goods,goods,goods,goods,goods,goods,goods,goods,goods,goods,goods,goods
rail_86,none,none,none,none,none,none,none,none,none,none,none,none,none,none,none,none,none,none,none,none,none,none,none,none,none,none,none,none,none,none,none
rail_87,both,both,both,both,both,both,both,both,both,both,both,both,both,both,both,both,both,both,both,both,both,both,both,both,both,both,both,both,both,both,both
rail_88,both,both,both,both,both,both,both,both,both,both,both,both,both,both,both,both,both,both,both,both,both,both,both,both,both,both,both,both,both,both,both
rail_89,both,both,both,both,both,both,both,both,both,both,both,both,both,both,both,both,both,both,both,both,both,both,both,both,both,both,both,both,both,both,both
rail_90,both,both,both,both,both,both,both,both,both,both,both,both,both,both,both,both,both,both,both,both,both,both,both,both,both,both,both,both,both,both,both
rail_91,both,both,both,both,both,both,both,both,both,both,both,both,both,both,both,both,both,both,both,both,both,both,both,both,both,both,both,both,both,both,both
rail_92,both,both,both,both,both,both,both,both,both,both,both,both,both,both,both,both,both,both,both,both,both,both,both,both,both,both,both,both,both,both,both
rail_93,both,both,both,both,both,both,both,both,both,both,both,both,both,both,both,both,both,both,both,both,both,both,both,both,both,both,both,both,both,both,both
rail_94,both,both,both,both,both,both,both,both,both,both,both,both,both,both,both,both,both,both,both,both,both,both,both,both,both,both,both,both,both,both,both
rail_95,both,both,both,both,both,both,both,both,both,both,both,both,both,both,both,both,both,both,both,both,both,both,both,both,both,both,both,both,both,both,both
rail_96,both,both,both,both,both,both,both,both,both,both,both,both,both,both,both,both,both,both,both,both,both,both,both,both,both,both,both,both,both,both,both
rail_97,both,both,both,both,both,both,both,both,both,both,both,both,both,both,both,both,both,both,both,both,both,both,both,both,both,both,both,both,both,both,both
rail_98,both,both,both,both,both,both,both,both,both,both,both,both,both,both,both,both,both,both,both,both,both,both,both,both,both,both,both,both,both,both,both
rail_99,both,both,both,both,both,both,both,both,both,both,both,both,both,both,both,both,both,both,both,both,both,both,both,both,both,both,both,both,both,both,both
rail_100,both,both,both,both,both,both,both,both,both,both,both,both,both,both,both,both,both,both,both,both,both,both,both,both,both,both,both,both,both,both,both
rail_101,both,both,both,both,both,both,both,both,both,both,both,both,both,both,both,both,both,both,both,both,both,both,both,both,both,both,both,both,both,both,both
rail_102,both,both,both,both,both,both,both,both,both,both,both,both,both,both,both,both,both,both,both,both,both,both,both,both,both,both,both,both,both,both,both
rail_103,both,both,both,both,both,both,both,both,both,both,both,both,both,both,both,both,both,both,both,both,both,both,both,both,both,both,both,both,both,both,both
rail_104,both,both,both,both,both,both,both,both,both,both,both,both,both,both,both,both,both,both,both,both,both,both,both,both,both,both,both,both,both,both,both
rail_105,both,both,both,both,both,both,both,both,both,both,both,both,both,both,both,both,both,both,both,both,both,both,both,both,both,both,both,both,both,both,both
rail_106,both,both,both,both,both,both,both,both,both,both,both,both,both,both,both,both,both,both,both,both,both,both,both,both,both,both,both,both,both,both,both
rail_107,both,both,both,both,both,both,both,both,both,both,both,both,both,both,both,both,both,both,both,both,both,both,both,both,both,both,both,both,both,both,both
rail_108,both,both,both,both,both,both,both,both,both,both,both,both,both,both,both,both,both,both,both,both,both,both,both,both,both,both,both,both,both,both,both
rail_109,both,both,both,both,both,both,both,both,both,both,both,both,both,both,both,both,both,both,both,both,both,both,both,both,both,both,both,both,both,both,both
rail_110,both,both,both,both,both,both,both,both,both,both,both,both,both,both,both,both,both,both,both,both,both,both,both,both,both,both,both,both,both,both,both
rail_111,both,both,both,both,both,both,both,both,both,both,both,both,both,both,both,both,both,both,both,both,both,both,both,both,both,both,both,both,both,both,both
rail_112,both,both,both,both,both,both,both,both,both,both,both,both,both,both,both,both,both,both,both,both,both,both,both,both,both,both,both,both,both,both,both
rail_113,both,both,both,both,both,both,both,both,both,both,both,both,both,both,both,both,both,both,both,both,both,both,both,both,both,both,both,both,both,both,both
rail_114,both,both,both,both,both,both,both,both,both,both,both,both,both,both,both,both,both,both,both,both,both,both,both,both,both,both,both,both,both,both,both
rail_115,both,both,both,both,both,both,both,both,both,both,both,both,none,none,none,none,none,none,none,none,none,none,none,none,none,none,none,none,none,none,none
rail_116,both,both,both,both,both,both,both,both,both,both,both,both,both,both,both,both,both,both,both,both,both,both,both,both,both,both,both,both,both,both,both
rail_117,both,both,both,both,both,both,both,both,both,both,both,both,both,both,both,both,both,both,both,both,both,both,both,both,both,both,both,both,both,both,both
rail_118,both,both,both,both,both,both,both,both,both,both,both,both,both,both,both,both,both,both,both,both,both,both,both,both,both,both,both,both,both,both,both
rail_119,both,both,both,both,both,both,both,both,both,both,both,both,both,both,both,both,both,both,both,both,both,both,both,both,both,both,both,both,both,both,both
rail_120,both,both,both,both,both,both,both,both,both,both,both,both,both,both,both,both,both,both,both,both,both,both,both,both,both,both,both,both,both,both,both
rail_121,both,both,both,both,both,both,both,both,both,both,both,both,both,both,both,both,both,both,both,both,both,both,both,both,both,both,both,both,both,both,both
rail_122,both,both,both,both,both,both,both,both,both,both,both,both,both,both,both,both,both,both,both,both,both,both,both,both,both,both,both,both,both,both,both
rail_123,both,both,both,both,both,both,both,both,both,both,both,both,both,both,both,both,both,both,both,both,both,both,both,both,both,both,both,both,both,both,both
rail_124,both,both,both,both,both,both,both,both,both,both,both,both,both,both,both,both,both,both,both,both,both,both,both,both,both,both,both,both,both,both,both
rail_125,both,both,both,both,both,both,both,both,both,both,both,both,both,both,both,both,both,both,both,both,both,both,both,both,both,both,both,both,both,both,both
rail_126,both,both,both,both,both,both,both,both,both,both,both,both,both,both,both,both,both,both,both,both,both,both,both,both,both,both,both,both,both,both,both
rail_127,both,both,both,both,both,both,both,both,both,both,both,both,both,both,both,both,both,both,both,both,both,both,both,both,both,both,both,both,both,both,both
rail_128,both,both,both,both,both,both,both,both,both,both,both,both,both,both,both,both,both,both,both,both,both,both,both,both,both,both,both,both,both,both,both
rail_129,goods,goods,goods,goods,goods,goods,goods,goods,goods,goods,goods,goods,goods,goods,goods,goods,goods,goods,goods,goods,goods,goods,goods,goods,goods,goods,goods,goods,goods,goods,goods
rail_130,both,both,both,both,both,both,both,both,both,both,both,both,both,both,both,both,both,both,both,both,both,both,both,both,both,both,both,both,both,both,both
rail_131,both,both,both,both,both,both,both,both,both,both,both,both,both,both,both,both,both,both,both,both,both,both,both,both,both,both,both,both,both,both,both
rail_132,both,both,both,both,both,both,both,both,both,both,both,both,both,both,both,both,both,both,both,both,both,both,both,both,both,both,both,both,both,both,both
rail_133,both,both,both,both,both,both,both,both,both,both,both,both,both,both,both,both,both,both,both,both,both,both,both,both,both,both,both,both,both,both,both
rail_134,both,both,both,both,both,both,both,both,both,both,both,both,both,both,both,both,both,both,both,both,both,both,both,both,both,both,both,both,both,both,both
rail_135,both,both,both,both,both,both,both,both,both,both,both,both,both,both,both,both,both,both,both,both,both,both,both,both,both,both,both,both,both,both,both
rail_136,both,both,both,both,both,both,both,both,both,both,both,both,both,both,both,both,both,both,both,both,both,both,both,both,both,both,both,both,both,both,both
rail_137,both,both,both,both,both,both,both,both,both,both,both,both,both,both,both,both,both,both,both,both,both,both,both,both,both,both,both,both,both,both,both
rail_138,both,both,both,both,both,both,both,both,both,both,both,both,both,both,both,both,both,both,both,both,both,both,both,both,both,both,both,both,both,both,both
rail_139,both,both,both,both,both,both,both,both,both,both,both,both,both,both,both,both,both,both,both,both,both,both,both,both,both,both,both,both,both,both,both
rail_140,both,both,both,both,both,both,both,both,both,both,both,both,both,both,both,both,both,both,both,both,both,both,both,both,both,both,both,both,both,both,both
rail_141,both,both,both,both,both,both,both,both,both,both,both,both,both,both,both,both,both,both,both,both,both,both,both,both,both,both,both,both,both,both,both
rail_142,both,both,both,both,both,both,both,both,both,both,both,both,both,both,both,both,both,both,both,both,both,both,both,both,both,both,both,both,both,both,both
rail_143,both,both,both,both,both,both,both,both,both,both,both,both,both,both,both,both,both,both,both,both,both,both,both,both,both,both,both,both,both,both,both
rail_144,both,both,both,both,both,both,both,both,both,both,both,both,both,both,both,both,both,both,both,both,both,both,both,both,both,both,both,both,both,both,both
rail_145,both,both,both,both,both,both,both,both,both,both,both,both,both,both,both,both,both,both,both,both,both,both,both,both,both,both,both,both,both,both,both
rail_146,both,both,both,both,both,both,both,both,both,both,both,both,both,both,both,both,both,both,both,both,both,both,both,both,both,both,both,both,both,both,both
rail_147,both,both,both,both,both,both,both,both,both,both,both,both,both,both,both,both,both,both,both,both,both,both,both,both,both,both,both,both,both,both,both
rail_148,both,both,both,both,both,both,both,both,both,both,both,both,both,both,both,both,both,both,both,both,both,both,both,both,both,both,both,both,both,both,both
rail_149,both,both,both,both,both,both,both,both,both,both,both,both,both,both,both,both,both,both,both,both,both,both,both,both,both,both,both,both,both,both,both
rail_150,both,both,both,both,both,both,both,both,both,both,both,both,both,both,both,both,both,both,both,both,both,both,both,both,both,both,both,both,both,both,both
rail_151,both,both,both,both,both,both,both,both,both,both,both,both,both,both,both,both,both,both,both,both,both,both,both,both,both,both,both,both,both,both,both
rail_152,both,both,both,both,both,both,both,both,both,both,both,both,both,both,both,both,both,both,both,both,both,both,both,both,both,both,both,both,both,both,both
rail_153,both,both,both,both,both,both,both,both,both,both,both,both,both,both,both,both,both,both,both,both,both,both,both,both,both,both,both,both,both,both,both
rail_154,both,both,both,both,both,both,both,both,both,both,both,both,both,both,both,both,both,both,both,both,both,both,both,both,both,both,both,both,both,both,both
rail_155,both,both,both,both,both,both,both,both,both,both,both,both,both,both,both,both,both,both,both,both,both,both,both,both,both,both,both,both,both,both,both
rail_156,both,both,both,both,both,both,both,both,both,both,both,both,both,both,both,both,both,both,both,both,both,both,both,both,both,both,both,both,both,both,both
rail_157,both,both,both,both,both,both,both,both,both,both,both,both,both,both,both,both,both,both,both,both,both,both,both,both,both,both,both,both,both,both,both
rail_158,both,both,both,both,both,both,both,both,both,both,both,both,both,both,both,both,both,both,both,both,both,both,both,both,both,both,both,both,both,both,both
rail_159,both,both,both,both,both,both,both,both,both,both,both,both,both,both,both,both,both,both,both,both,both,both,both,both,both,both,both,both,both,both,both
rail_160,both,both,both,both,both,both,both,both,both,both,both,both,both,both,both,both,both,both,both,both,both,both,both,both,both,both,both,both,both,both,both
rail_161,both,both,both,both,both,both,both,both,both,both,both,both,both,both,both,both,both,both,both,both,both,both,both,both,both,both,both,both,both,both,both
rail_162,both,both,both,both,both,both,both,both,both,both,both,both,both,both,both,both,both,both,both,both,both,both,both,both,both,both,both,both,both,both,both
rail_163,both,both,both,both,both,both,both,both,both,both,both,both,both,both,both,both,both,both,both,both,both,both,both,both,both,both,both,both,both,both,both
rail_164,both,both,both,both,both,both,both,both,both,both,both,both,both,both,both,both,both,both,both,both,both,both,both,both,both,both,both,both,both,both,both
rail_165,both,both,both,both,both,both,both,both,both,both,both,both,both,both,both,both,both,both,both,both,both,both,both,both,both,both,both,both,both,both,both
rail_166,both,both,both,both,both,both,both,both,both,both,both,both,both,both,both,both,both,both,both,both,both,both,both,both,both,both,both,both,both,both,both
rail_167,both,both,both,both,both,both,both,both,both,both,both,both,both,both,both,both,both,both,both,both,both,both,both,both,both,both,both,both,both,both,both
rail_168,both,both,both,both,both,both,both,both,both,both,both,both,both,both,both,both,both,both,both,both,both,both,both,both,both,both,both,both,both,both,both
rail_169,both,both,both,both,both,both,both,both,both,both,both,both,both,both,both,both,both,both,both,both,both,both,both,both,both,both,both,both,both,both,both
rail_170,both,both,both,both,both,both,both,both,both,both,both,both,both,both,both,both,both,both,both,both,both,both,both,both,both,both,both,both,both,both,both
rail_171,both,both,both,both,both,both,both,both,both,both,both,both,both,both,both,both,both,both,both,both,both,both,both,both,both,both,both,both,both,both,both
rail_172,goods,goods,goods,goods,goods,goods,goods,goods,goods,goods,goods,goods,goods,goods,goods,goods,goods,goods,goods,goods,goods,goods,goods,goods,goods,goods,goods,goods,goods,goods,goods
rail_173,goods,goods,goods,goods,goods,goods,goods,goods,goods,goods,goods,goods,goods,goods,goods,goods,goods,goods,goods,goods,goods,goods,goods,goods,goods,goods,goods,goods,goods,goods,goods
rail_174,both,both,both,both,both,both,both,both,both,both,both,both,both,both,both,both,both,both,both,both,both,both,both,both,both,both,both,both,both,both,both
rail_175,both,both,both,both,both,both,both,both,both,both,both,both,both,both,both,both,both,both,both,both,both,both,both,both,both,both,both,both,both,both,both
rail_176,both,both,both,both,both,both,both,both,both,both,both,both,both,both,both,both,both,both,both,both,both,both,both,both,both,both,both,both,both,both,both
rail_177,both,both,both,both,both,both,both,both,both,both,both,both,both,both,both,both,both,both,both,both,both,both,both,both,both,both,both,both,both,both,both
rail_178,both,both,both,both,both,both,both,both,both,both,both,both,both,both,both,both,both,both,both,both,both,both,both,both,both,both,both,both,both,both,both
rail_179,both,both,both,both,both,both,both,both,both,both,both,both,both,both,both,both,both,both,both,both,both,both,both,both,both,both,both,both,both,both,both
rail_180,both,both,both,both,both,both,both,both,both,both,both,both,both,both,both,both,both,both,both,both,both,both,both,both,both,both,both,both,both,both,both
rail_181,both,both,both,both,both,both,both,both,both,both,both,both,both,both,both,both,both,both,both,both,both,both,both,both,both,both,both,both,both,both,both
rail_182,both,both,both,both,both,both,both,both,both,both,both,both,both,both,both,both,both,both,both,both,both,both,both,both,both,both,both,both,both,both,both
rail_183,both,both,both,both,both,both,both,both,both,both,both,both,both,both,both,both,both,both,both,both,both,both,both,both,both,both,both,both,both,both,both
rail_184,both,both,both,both,both,both,both,both,both,both,both,both,both,both,both,both,both,both,both,both,both,both,both,both,both,both,both,both,both,both,both
rail_185,both,both,both,both,both,both,both,both,both,both,both,both,both,both,both,both,both,both,both,both,both,both,both,both,both,both,both,both,both,both,both
rail_186,both,both,both,both,both,both,both,both,both,both,both,both,both,both,both,both,both,both,both,both,both,both,both,both,both,both,both,both,both,both,both
rail_187,both,both,both,both,both,both,both,both,both,both,both,both,both,both,both,both,both,both,both,both,both,both,both,both,both,both,both,both,both,both,both
rail_188,both,both,both,both,both,both,both,both,both,both,both,both,both,both,both,both,both,both,both,both,both,both,both,both,both,both,both,both,both,both,both
rail_189,both,both,both,both,both,both,both,both,both,both,both,both,both,both,both,both,both,both,both,both,both,both,both,both,both,both,both,both,both,both,both
rail_190,both,both,both,both,both,both,both,both,both,both,both,both,both,both,both,both,both,both,both,both,both,both,both,both,both,both,both,both,both,both,both
rail_191,both,both,both,both,both,both,both,both,both,both,both,both,both,both,both,both,both,both,both,both,both,both,both,both,both,both,both,both,both,both,both
rail_192,both,both,both,both,both,both,both,both,both,both,both,both,both,both,both,both,both,both,both,both,both,both,both,both,both,both,both,both,both,both,both
rail_193,both,both,both,both,both,both,both,both,both,both,both,both,both,both,both,both,both,both,both,both,both,both,both,both,both,both,both,both,both,both,both
rail_194,both,both,both,both,both,both,both,both,both,both,both,both,both,both,both,both,both,both,both,both,both,both,both,both,both,both,both,both,both,both,both
rail_195,both,both,both,both,both,both,both,both,both,both,both,both,both,both,both,both,both,both,both,both,both,both,both,both,both,both,both,both,both,both,both
rail_196,both,both,both,both,both,both,both,both,both,both,both,both,both,both,both,both,both,both,both,both,both,both,both,both,both,both,both,both,both,both,both
rail_197,both,both,both,both,both,both,both,both,both,both,both,both,both,both,both,both,both,both,both,both,both,both,both,both,both,both,both,both,both,both,both
rail_198,both,both,both,both,both,both,both,both,both,both,both,both,both,both,both,both,both,both,both,both,both,both,both,both,both,both,both,both,both,both,both
rail_199,both,both,both,both,both,both,both,both,both,both,both,both,both,both,both,both,both,both,both,both,both,both,both,both,both,both,both,both,both,both,both
rail_200,both,both,both,both,both,both,both,both,both,both,both,both,both,both,both,both,both,both,both,both,both,both,both,both,both,both,both,both,both,both,both
rail_201,both,both,both,both,both,both,both,both,both,both,both,both,both,both,both,both,both,both,both,both,both,both,both,both,both,both,both,both,both,both,both
rail_202,both,both,both,both,both,both,both,both,both,both,both,both,both,both,both,both,both,both,both,both,both,both,both,both,both,both,both,both,both,both,both
rail_203,both,both,both,both,both,both,both,both,both,both,both,both,both,both,both,both,both,both,both,both,both,both,both,both,both,both,both,both,both,both,both
rail_204,both,both,both,both,both,both,both,both,both,both,both,both,both,both,both,both,both,both,both,both,both,both,both,both,both,both,both,both,both,both,both
rail_205,both,both,both,both,both,both,both,both,both,both,both,both,both,both,both,both,both,both,both,both,both,both,both,both,both,both,both,both,both,both,both
rail_206,both,both,both,both,both,both,both,both,both,both,both,both,both,both,both,both,both,both,both,both,both,both,both,both,both,both,both,both,both,both,both
rail_207,both,both,both,both,both,both,both,both,both,both,both,both,both,both,both,both,both,both,both,both,both,both,both,both,both,both,both,both,both,both,both
rail_208,both,both,both,both,both,both,both,both,both,both,both,both,both,both,both,both,both,both,both,both,both,both,both,both,both,both,both,both,both,both,both
rail_209,both,both,both,both,both,both,both,both,both,both,both,both,both,both,both,both,both,both,both,both,both,both,both,both,both,both,both,both,both,both,both
rail_210,both,both,both,both,both,both,both,both,both,both,both,both,both,both,both,both,both,both,both,both,both,both,both,both,both,both,both,both,both,both,both
rail_211,both,both,both,both,both,both,both,both,both,both,both,both,both,both,both,both,both,both,both,both,both,both,both,both,both,both,both,both,both,both,both
rail_212,both,both,both,both,both,both,both,both,both,both,both,both,both,both,both,both,both,both,both,both,both,both,both,both,both,both,both,both,both,both,both
rail_213,both,both,both,both,both,both,both,both,both,both,both,both,both,both,both,both,both,both,both,both,both,both,both,both,both,both,both,both,both,both,both
rail_214,both,both,both,both,both,both,both,both,both,both,both,both,both,both,both,both,both,both,both,both,both,both,both,both,both,both,both,both,both,both,both
rail_215,goods,goods,goods,goods,goods,goods,goods,goods,goods,goods,goods,goods,goods,goods,goods,goods,goods,goods,goods,goods,goods,goods,goods,goods,goods,goods,goods,goods,goods,goods,goods
rail_216,both,both,both,both,both,both,both,both,both,both,both,both,both,both,both,both,both,both,both,both,both,both,both,both,both,both,both,both,both,both,both
rail_217,both,both,both,both,both,both,both,both,both,both,both,both,both,both,both,both,both,both,both,both,both,both,both,both,both,both,both,both,both,both,both
rail_218,both,both,both,both,both,both,both,both,both,both,both,both,both,both,both,both,both,both,both,both,both,both,both,both,both,both,both,both,both,both,both
rail_219,both,both,both,both,both,both,both,both,both,both,both,both,both,both,both,both,both,both,both,both,both,both,both,both,both,both,both,both,both,both,both
rail_220,both,both,both,both,both,both,both,both,both,both,both,both,both,both,both,both,both,both,both,both,both,both,both,both,both,both,both,both,both,both,both
rail_221,both,both,both,both,both,both,both,both,both,both,both,both,both,both,both,both,both,both,both,both,both,both,both,both,both,both,both,both,both,both,both
rail_222,both,both,both,both,both,both,both,both,both,both,both,both,both,both,both,both,both,both,both,both,both,both,both,both,both,both,both,both,both,both,both
rail_223,both,both,both,both,both,both,both,both,both,both,both,both,both,both,both,both,both,both,both,both,both,both,both,both,both,both,both,both,both,both,both
rail_224,both,both,both,both,both,both,both,both,both,both,both,both,both,both,both,both,both,both,both,both,both,both,both,both,both,both,both,both,both,both,both
rail_225,both,both,both,both,both,both,both,both,both,both,both,both,both,both,both,both,both,both,both,both,both,both,both,both,both,both,both,both,both,both,both
rail_226,both,both,both,both,both,both,both,both,both,both,both,both,both,both,both,both,both,both,both,both,both,both,both,both,both,both,both,both,both,both,both
rail_227,both,both,both,both,both,both,both,both,both,both,both,both,both,both,both,both,both,both,both,both,both,both,both,both,both,both,both,both,both,both,both
rail_228,both,both,both,both,both,both,both,both,both,both,both,both,both,both,both,both,both,both,both,both,both,both,both,both,both,both,both,both,both,both,both
rail_229,both,both,both,both,both,both,both,both,both,both,both,both,both,both,both,both,both,both,both,both,both,both,both,both,both,both,both,both,both,both,both
rail_230,both,both,both,both,both,both,both,both,both,both,both,both,both,both,both,both,both,both,both,both,both,both,both,both,both,both,both,both,both,both,both
rail_231,both,both,both,both,both,both,both,both,both,both,both,both,both,both,both,both,both,both,both,both,both,both,both,both,both,both,both,both,both,both,both
rail_232,both,both,both,both,both,both,both,both,both,both,both,both,both,both,both,both,both,both,both,both,both,both,both,both,both,both,both,both,both,both,both
rail_233,both,both,both,both,both,both,both,both,both,both,both,both,both,both,both,both,both,both,both,both,both,both,both,both,both,both,both,both,both,both,both
rail_234,both,both,both,both,both,both,both,both,both,both,both,both,both,both,both,both,both,both,both,both,both,both,both,both,both,both,both,both,both,both,both
rail_235,both,both,both,both,both,both,both,both,both,both,both,both,both,both,both,both,both,both,both,both,both,both,both,both,both,both,both,both,both,both,both
rail_236,both,both,both,both,both,both,both,both,both,both,both,both,both,both,both,both,both,both,both,both,both,both,both,both,both,both,both,both,both,both,both
rail_237,both,both,both,both,both,both,both,both,both,both,both,both,both,both,both,both,both,both,both,both,both,both,both,both,both,both,both,both,both,both,both
rail_238,both,both,both,both,both,both,both,both,both,both,both,both,both,both,both,both,both,both,both,both,both,both,both,both,both,both,both,both,both,both,both
rail_239,both,both,both,both,both,both,both,both,both,both,both,both,both,both,both,both,both,both,both,both,both,both,both,both,both,both,both,both,both,both,both
rail_240,both,both,both,both,both,both,both,both,both,both,both,both,both,both,both,both,both,both,both,both,both,both,both,both,both,both,both,both,both,both,both
rail_241,goods,goods,goods,goods,goods,goods,goods,goods,goods,goods,goods,goods,goods,goods,goods,goods,goods,goods,goods,goods,goods,goods,goods,goods,goods,goods,goods,goods,goods,goods,goods
rail_242,both,both,both,both,both,both,both,both,both,both,both,both,both,both,both,both,both,both,both,both,both,both,both,both,both,both,both,both,both,both,both
rail_243,both,both,both,both,both,both,both,both,both,both,both,both,both,both,both,both,both,both,both,both,both,both,both,both,both,both,both,both,both,both,both
rail_244,both,both,both,both,both,both,both,both,both,both,both,both,both,both,both,both,both,both,both,both,both,both,both,both,both,both,both,both,both,both,both
rail_245,both,both,both,both,both,both,both,both,both,both,both,both,both,both,both,both,both,both,both,both,both,both,both,both,both,both,both,both,both,both,both
rail_246,both,both,both,both,both,both,both,both,both,both,both,both,both,both,both,both,both,both,both,both,both,both,both,both,both,both,both,both,both,both,both
rail_247,both,both,both,both,both,both,both,both,both,both,both,both,both,both,both,both,both,both,both,both,both,both,both,both,both,both,both,both,both,both,both
rail_248,both,both,both,both,both,both,both,both,both,both,both,both,both,both,both,both,both,both,both,both,both,both,both,both,both,both,both,both,both,both,both
rail_249,both,both,both,both,both,both,both,both,both,both,both,both,both,both,both,both,both,both,both,both,both,both,both,both,both,both,both,both,both,both,both
rail_250,both,both,both,both,both,both,both,both,both,both,both,both,both,both,both,both,both,both,both,both,both,both,both,both,both,both,both,both,both,both,both
rail_251,both,both,both,both,both,both,both,both,both,both,both,both,both,both,both,both,both,both,both,both,both,both,both,both,both,both,both,both,both,both,both
rail_252,both,both,both,both,both,both,both,both,both,both,both,both,both,both,both,both,both,both,both,both,both,both,both,both,both,both,both,both,both,both,both
rail_253,both,both,both,both,both,both,both,both,both,both,both,both,both,both,both,both,both,both,both,both,both,both,both,both,both,both,both,both,both,both,both
rail_254,both,both,both,both,both,both,both,both,both,both,both,both,both,both,both,both,both,both,both,both,both,both,both,both,both,both,both,both,both,both,both
rail_255,both,both,both,both,both,both,both,both,both,both,both,both,both,both,both,both,both,both,both,both,both,both,both,both,both,both,both,both,both,both,both
rail_256,both,both,both,both,both,both,both,both,both,both,both,both,both,both,both,both,both,both,both,both,both,both,both,both,both,both,both,both,both,both,both
rail_257,both,both,both,both,both,both,both,both,both,both,both,both,both,both,both,both,both,both,both,both,both,both,both,both,both,both,both,both,both,both,both
rail_258,both,both,both,both,both,both,both,both,both,both,both,both,both,both,both,both,both,both,both,both,both,both,both,both,both,both,both,both,both,both,both
rail_259,goods,goods,goods,goods,goods,goods,goods,goods,goods,goods,goods,goods,goods,goods,goods,goods,goods,goods,goods,goods,goods,goods,goods,goods,goods,goods,goods,goods,goods,goods,goods
rail_260,goods,goods,goods,goods,goods,goods,goods,goods,goods,goods,goods,goods,goods,goods,goods,goods,goods,goods,goods,goods,goods,goods,goods,goods,goods,goods,goods,goods,goods,goods,goods
rail_261,both,both,both,both,both,both,both,both,both,both,both,both,both,both,both,both,both,both,both,both,both,both,both,both,both,both,both,both,both,both,both
rail_262,both,both,both,both,both,both,both,both,both,both,both,both,both,both,both,both,both,both,both,both,both,both,both,both,both,both,both,both,both,both,both
rail_263,both,both,both,both,both,both,both,both,both,both,both,both,both,both,both,both,both,both,both,both,both,both,both,both,both,both,both,both,both,both,both
rail_264,goods,goods,goods,goods,goods,goods,goods,goods,goods,goods,goods,goods,goods,goods,goods,goods,goods,goods,goods,goods,goods,goods,goods,goods,goods,goods,goods,goods,goods,goods,goods
rail_265,goods,goods,goods,goods,goods,goods,goods,goods,goods,goods,goods,goods,goods,goods,goods,goods,goods,goods,goods,goods,goods,goods,goods,goods,goods,goods,goods,goods,goods,goods,goods
rail_266,goods,goods,goods,goods,goods,goods,goods,goods,goods,goods,goods,goods,goods,goods,goods,goods,goods,goods,goods,goods,goods,goods,goods,goods,goods,goods,goods,goods,goods,goods,goods
rail_267,goods,goods,goods,goods,goods,goods,goods,goods,goods,goods,goods,goods,goods,goods,goods,goods,goods,goods,goods,goods,goods,goods,goods,goods,goods,goods,goods,goods,goods,goods,goods
rail_268,both,both,both,both,both,both,both,both,both,both,both,both,both,both,both,both,both,both,both,both,both,both,both,both,both,both,both,both,both,both,both
rail_269,both,both,both,both,both,both,both,both,both,both,both,both,both,both,both,both,both,both,both,both,both,both,both,both,both,both,both,both,both,both,both
rail_270,both,both,both,both,both,both,both,both,both,both,both,both,both,both,both,both,both,both,both,both,both,both,both,both,both,both,both,both,both,both,both
rail_271,both,both,both,both,both,both,both,both,both,both,both,both,both,both,both,both,both,both,both,both,both,both,both,both,both,both,both,both,both,both,both
rail_272,both,both,both,both,both,both,both,both,both,both,both,both,both,both,both,both,both,both,both,both,both,both,both,both,both,both,both,both,both,both,both
rail_273,both,both,both,both,both,both,both,both,both,both,both,both,both,both,both,both,both,both,both,both,both,both,both,both,both,both,both,both,both,both,both
rail_274,both,both,both,both,both,both,both,both,both,both,both,both,both,both,both,both,both,both,both,both,both,both,both,both,both,both,both,both,both,both,both
rail_275,both,both,both,both,both,both,both,both,both,both,both,both,both,both,both,both,both,both,both,both,both,both,both,both,both,both,both,both,both,both,both
rail_276,both,both,both,both,both,both,both,both,both,both,both,both,both,both,both,both,both,both,both,both,both,both,both,both,both,both,both,both,both,both,both
rail_277,both,both,none,none,none,none,none,none,none,none,none,none,none,none,none,none,none,none,none,none,none,none,both,both,both,both,both,both,both,both,both
rail_278,goods,goods,goods,goods,goods,goods,goods,goods,goods,goods,goods,goods,goods,goods,goods,goods,goods,goods,goods,goods,goods,goods,goods,goods,goods,goods,goods,goods,goods,goods,goods
rail_279,both,both,both,both,both,both,both,both,both,both,both,both,both,both,both,both,both,both,both,both,both,both,both,both,both,both,both,both,both,both,both
rail_280,goods,goods,goods,goods,goods,goods,goods,goods,goods,goods,goods,goods,goods,goods,goods,goods,goods,goods,goods,goods,goods,goods,goods,goods,goods,goods,goods,goods,goods,goods,goods
rail_281,goods,goods,goods,goods,goods,goods,goods,goods,goods,goods,goods,goods,goods,goods,goods,goods,goods,goods,goods,goods,goods,goods,goods,goods,goods,goods,goods,goods,goods,goods,goods
rail_282,none,none,none,none,none,none,none,none,none,none,none,none,none,none,none,none,none,none,none,none,none,none,none,none,none,none,none,none,none,none,none
rail_283,none,none,none,none,none,none,none,none,none,none,none,none,none,none,none,none,none,none,none,none,none,none,none,none,none,none,none,none,none,none,none
rail_284,goods,goods,goods,goods,goods,goods,goods,goods,goods,goods,goods,goods,goods,goods,goods,goods,goods,goods,goods,goods,goods,goods,goods,goods,goods,goods,goods,goods,goods,goods,goods
rail_285,both,both,both,both,both,both,both,both,none,none,none,none,none,none,none,none,none,none,none,none,none,none,none,none,none,none,none,none,none,none,none
rail_286,both,both,both,both,both,both,both,both,both,both,both,both,both,both,both,both,both,both,both,both,both,both,both,both,both,both,both,both,both,both,both
rail_287,both,both,both,both,both,both,both,both,both,both,both,both,both,both,both,both,both,both,both,both,both,both,both,both,both,both,both,both,both,both,both
rail_288,both,both,both,both,both,both,both,both,both,both,both,both,both,both,both,both,both,both,both,both,both,both,both,both,both,both,both,both,both,both,both
rail_289,both,both,both,both,both,both,both,both,both,both,both,both,both,both,both,both,both,both,both,both,both,both,both,both,both,both,both,both,both,both,both
rail_290,both,both,both,both,both,both,both,both,both,both,both,both,both,both,both,both,both,both,both,both,both,both,both,both,both,both,both,both,both,both,both
rail_291,both,both,both,both,both,both,both,both,both,both,both,both,both,both,both,both,both,both,both,both,both,both,both,both,both,both,both,both,both,both,both
rail_292,both,both,both,both,both,both,both,both,both,both,both,both,both,both,both,both,both,both,both,both,both,both,both,both,both,both,both,both,both,both,both
rail_293,both,both,both,both,both,both,both,both,both,both,both,both,both,both,both,both,both,both,both,both,both,both,both,both,both,both,both,both,both,both,both
rail_294,both,both,both,both,both,both,both,both,both,both,both,both,both,both,both,both,both,both,both,both,both,both,both,both,both,both,both,both,both,both,both
rail_295,both,both,both,both,both,both,both,both,both,both,both,both,both,both,both,both,both,both,both,both,both,both,both,both,both,both,both,both,both,both,both
rail_296,none,none,none,none,none,none,none,none,none,none,none,none,none,none,none,none,none,none,none,none,none,none,none,none,none,both,both,both,both,both,both
rail_297,goods,goods,goods,goods,goods,goods,goods,goods,goods,goods,goods,goods,goods,goods,goods,goods,goods,goods,goods,goods,goods,goods,goods,goods,goods,goods,goods,goods,goods,goods,goods
rail_298,goods,goods,goods,goods,goods,goods,goods,goods,goods,goods,goods,goods,goods,goods,goods,goods,goods,goods,goods,goods,goods,goods,goods,goods,goods,goods,goods,goods,goods,goods,goods
rail_299,passenger,passenger,passenger,passenger,passenger,passenger,passenger,passenger,passenger,passenger,passenger,passenger,passenger,passenger,passenger,passenger,passenger,passenger,passenger,passenger,passenger,passenger,passenger,passenger,passenger,passenger,passenger,passenger,passenger,passenger,passenger
rail_300,passenger,passenger,passenger,passenger,passenger,passenger,passenger,passenger,passenger,passenger,passenger,passenger,passenger,passenger,passenger,passenger,passenger,passenger,passenger,passenger,passenger,passenger,passenger,passenger,passenger,passenger,passenger,passenger,passenger,passenger,passenger
rail_301,both,both,both,both,both,both,both,both,both,both,both,both,both,both,both,both,both,both,both,both,both,both,both,both,both,both,both,both,both,both,both
rail_302,both,both,both,both,both,both,both,both,both,both,both,both,both,both,both,both,both,both,both,both,both,both,both,both,both,both,both,both,both,both,both
rail_303,both,both,both,both,both,both,both,both,both,both,both,both,both,both,both,both,both,both,both,both,both,both,both,both,both,both,both,both,both,both,both
rail_304,both,both,both,both,both,both,both,both,both,both,both,both,both,both,both,both,both,both,both,both,both,both,both,both,both,both,both,both,both,both,both
rail_305,both,both,both,both,both,both,both,both,both,both,both,both,both,both,both,both,both,both,both,both,both,both,both,both,both,both,both,both,both,both,both
rail_306,both,both,both,both,both,both,both,both,both,both,both,both,both,both,both,both,both,both,both,both,both,both,both,both,both,both,both,both,both,both,both
rail_307,both,both,both,both,both,both,both,both,both,both,both,both,both,both,both,both,both,both,both,both,both,both,both,both,both,both,both,both,both,both,both
rail_308,both,both,both,both,both,both,both,both,both,both,both,both,both,both,both,both,both,both,both,none,none,none,none,none,none,none,none,none,none,none,none
rail_309,both,both,both,both,both,both,both,both,both,both,both,both,both,both,both,both,both,both,both,both,both,both,both,both,both,both,both,both,both,both,both
rail_310,passenger,passenger,passenger,passenger,passenger,passenger,passenger,passenger,passenger,passenger,passenger,passenger,passenger,passenger,passenger,passenger,passenger,passenger,passenger,passenger,passenger,passenger,passenger,passenger,passenger,passenger,passenger,passenger,passenger,passenger,passenger
rail_311,both,both,both,both,both,both,both,goods,goods,goods,goods,goods,goods,goods,goods,goods,goods,goods,goods,goods,goods,goods,goods,goods,goods,goods,goods,goods,goods,goods,goods
rail_312,both,both,both,both,both,both,both,both,both,both,both,both,both,both,both,both,both,both,both,both,both,both,both,both,both,both,both,both,both,both,both
rail_313,both,both,both,both,both,both,both,both,both,both,both,both,both,both,both,both,both,both,both,both,both,both,both,both,both,both,both,both,both,both,both
rail_314,both,both,both,both,both,both,both,both,both,both,both,both,both,both,both,both,both,both,both,both,both,both,both,both,both,both,both,both,both,both,both
rail_315,both,both,both,both,both,both,both,both,both,both,both,both,both,both,both,both,both,both,both,both,both,both,both,both,both,both,both,both,both,both,both
rail_316,both,both,both,both,both,both,both,both,both,both,both,both,both,both,both,both,both,both,both,both,both,both,both,both,both,both,both,both,both,both,both
rail_317,both,both,both,both,both,both,both,both,both,both,both,both,both,both,both,both,both,both,both,both,both,both,both,both,both,both,both,both,both,both,both
rail_318,both,both,both,both,both,both,both,both,both,both,both,both,both,both,both,both,both,both,both,both,both,both,both,both,both,both,both,both,both,both,both
rail_319,both,both,both,both,both,both,both,both,both,both,both,both,both,both,both,both,both,both,both,both,both,both,both,both,both,both,both,both,both,both,both
rail_320,both,both,both,both,both,both,both,both,both,both,none,none,none,none,none,none,none,none,none,none,none,none,none,none,none,none,none,none,none,none,none
rail_321,both,both,both,both,both,both,both,both,both,both,none,none,none,none,none,none,none,none,none,none,none,none,none,none,none,none,none,none,none,none,none
rail_322,both,both,both,both,both,both,both,both,both,both,both,both,both,none,none,none,none,none,none,none,none,none,none,none,none,none,none,none,none,none,none
rail_323,both,both,both,both,both,both,both,both,both,both,both,both,both,both,goods,goods,goods,goods,goods,goods,goods,goods,goods,goods,goods,goods,goods,goods,goods,goods,goods
rail_324,both,both,both,both,both,both,both,both,both,both,both,both,both,both,both,both,goods,goods,goods,goods,goods,goods,goods,goods,goods,goods,goods,goods,goods,goods,goods
rail_325,both,both,both,both,both,both,both,both,both,both,both,goods,goods,goods,goods,goods,goods,goods,goods,goods,goods,goods,goods,goods,goods,goods,goods,goods,goods,goods,goods
rail_326,both,both,both,both,both,both,both,both,both,both,both,both,both,both,both,both,both,both,both,both,both,both,both,both,both,both,both,both,both,both,both
rail_327,goods,goods,goods,goods,goods,goods,goods,goods,goods,goods,goods,goods,goods,goods,goods,goods,goods,goods,goods,goods,goods,goods,goods,goods,goods,goods,goods,goods,goods,goods,goods
rail_328,goods,goods,goods,goods,goods,goods,goods,goods,goods,goods,goods,goods,goods,goods,goods,goods,goods,goods,goods,goods,goods,goods,none,none,none,none,none,none,none,none,none
rail_329,goods,goods,goods,goods,goods,goods,goods,goods,goods,goods,goods,goods,goods,goods,goods,goods,goods,goods,goods,goods,goods,goods,goods,goods,goods,goods,goods,goods,goods,goods,goods
rail_330,goods,goods,goods,goods,goods,goods,goods,goods,goods,goods,goods,goods,goods,goods,goods,goods,goods,goods,goods,goods,goods,goods,goods,goods,goods,goods,goods,goods,goods,goods,goods
rail_331,both,both,both,both,both,both,both,both,both,both,both,both,both,both,both,both,both,both,both,both,both,both,both,both,both,both,both,both,both,both,both
rail_332,goods,goods,goods,goods,goods,goods,goods,goods,goods,goods,goods,goods,goods,goods,goods,goods,goods,goods,goods,goods,goods,goods,goods,goods,goods,goods,goods,goods,goods,goods,goods
rail_333,goods,goods,goods,goods,goods,goods,goods,goods,goods,goods,goods,goods,goods,goods,goods,goods,goods,goods,goods,goods,goods,goods,goods,goods,goods,goods,goods,goods,goods,goods,goods
rail_334,both,both,both,both,both,both,both,both,both,both,both,both,both,both,both,both,both,both,both,both,both,both,both,both,both,both,both,both,both,both,both
rail_335,both,both,both,both,both,both,both,both,both,both,both,both,both,both,both,both,both,both,both,both,both,both,both,both,both,both,both,both,both,both,both
rail_336,both,both,both,both,both,both,both,both,both,both,both,both,both,both,both,both,both,both,both,both,both,both,both,both,both,both,both,both,both,both,both
rail_337,both,both,both,both,both,both,both,both,both,both,both,both,both,both,both,both,both,both,both,both,both,both,both,both,both,both,both,both,both,both,both
rail_338,both,both,both,both,both,both,both,both,both,both,both,both,both,both,both,both,both,both,both,both,both,both,both,both,both,both,both,both,both,both,both
rail_339,both,both,both,both,both,both,both,both,both,both,both,both,both,both,both,both,both,both,both,both,both,both,both,both,goods,goods,goods,goods,goods,goods,goods
rail_340,both,both,both,both,both,both,both,both,both,both,both,both,both,both,both,both,both,both,both,both,both,both,both,both,both,both,both,both,both,both,both
rail_341,both,both,both,both,both,both,both,both,both,both,both,both,both,both,both,both,both,both,both,both,both,both,both,both,both,both,both,both,both,both,both
rail_342,goods,goods,goods,goods,goods,both,both,both,both,both,both,both,both,both,both,both,both,both,both,both,both,both,both,both,both,both,both,both,both,both,both
rail_343,both,both,both,both,both,both,both,both,both,both,both,both,both,both,both,both,both,both,both,both,both,both,both,both,both,both,both,both,both,both,both
rail_344,both,both,both,both,both,both,both,both,both,both,both,both,both,both,both,both,both,both,both,both,both,both,both,both,both,both,both,both,both,both,both
rail_345,goods,goods,goods,goods,goods,goods,goods,goods,goods,goods,goods,goods,goods,goods,goods,goods,goods,goods,goods,goods,goods,goods,goods,goods,goods,goods,goods,goods,goods,goods,goods
rail_346,both,both,both,both,both,both,both,both,both,both,none,none,none,none,none,none,none,none,none,none,none,none,none,none,none,none,none,none,none,none,none
rail_347,both,both,both,both,both,both,both,both,both,both,both,both,both,both,both,both,both,both,both,both,both,both,both,both,both,both,both,both,both,both,both
rail_348,both,both,both,both,both,both,both,both,both,both,both,both,both,both,both,both,both,both,both,both,both,both,both,both,both,both,both,both,both,both,both
rail_349,both,both,both,both,both,both,both,both,both,both,both,both,both,both,both,both,both,both,both,both,both,both,both,both,both,both,both,both,both,both,both
rail_350,both,both,both,both,both,both,both,both,both,both,both,both,both,both,both,both,both,both,both,both,both,both,both,both,both,both,both,both,both,both,both
rail_351,both,both,both,both,both,both,both,both,both,both,both,both,both,both,both,both,both,both,both,both,both,both,both,both,both,both,both,both,both,both,both
rail_352,both,both,both,both,both,both,both,both,both,both,both,both,both,both,both,both,both,both,both,both,both,both,both,both,both,both,both,both,both,both,both
rail_353,both,both,both,both,both,both,both,both,both,both,both,both,both,both,both,both,both,both,goods,goods,goods,goods,goods,goods,goods,goods,goods,goods,goods,goods,goods
rail_354,both,both,both,both,both,both,both,both,both,both,both,both,both,both,both,both,both,both,both,both,both,both,both,both,both,both,both,both,both,both,both
rail_355,both,both,both,both,both,both,both,both,both,both,both,both,both,both,both,both,both,both,both,both,both,both,both,both,both,both,both,both,both,both,both
rail_356,both,both,both,both,both,both,both,both,both,both,both,both,both,both,both,both,both,both,both,both,both,both,both,both,both,both,both,both,both,both,both
rail_357,both,both,both,both,both,both,both,both,both,both,both,both,both,both,both,both,both,both,both,both,both,both,both,both,both,both,both,both,both,both,both
rail_358,both,both,both,both,both,both,both,both,both,both,both,both,both,both,both,both,both,both,both,both,both,both,both,both,both,both,both,both,both,both,both
rail_359,both,both,both,both,both,both,both,both,both,both,both,both,both,both,both,both,both,both,both,both,both,both,both,both,both,both,both,both,both,both,both
rail_360,goods,goods,goods,goods,goods,goods,goods,goods,goods,goods,goods,goods,goods,goods,goods,goods,goods,goods,goods,goods,goods,goods,goods,goods,goods,goods,goods,goods,goods,goods,goods
rail_361,both,both,both,both,both,both,both,both,both,both,both,both,both,both,both,both,both,both,both,both,both,both,both,both,both,both,both,both,both,both,both
rail_362,both,both,both,both,both,both,both,both,both,both,both,both,both,both,both,both,both,both,both,both,both,both,both,both,both,both,both,both,both,both,both
rail_363,goods,goods,goods,goods,goods,goods,goods,goods,goods,goods,goods,goods,goods,goods,goods,goods,goods,goods,goods,goods,goods,goods,goods,goods,goods,goods,goods,goods,goods,goods,goods
rail_364,both,both,both,both,both,both,both,both,both,both,both,both,both,both,both,both,both,both,both,both,both,both,both,both,both,both,both,both,both,both,both
rail_365,both,both,both,both,both,both,both,both,both,both,both,both,both,both,both,both,both,both,both,both,both,both,both,both,both,both,both,both,both,both,both
rail_366,passenger,passenger,passenger,passenger,passenger,passenger,passenger,passenger,passenger,passenger,passenger,passenger,passenger,passenger,passenger,passenger,passenger,passenger,passenger,passenger,passenger,passenger,passenger,passenger,passenger,passenger,passenger,passenger,passenger,passenger,passenger
rail_367,both,both,both,both,both,both,both,both,both,both,both,both,both,both,both,both,both,both,both,both,both,both,both,both,both,both,both,both,both,both,both
rail_368,both,both,both,both,both,both,both,both,both,both,both,both,both,both,both,both,both,both,both,both,both,both,both,both,both,both,both,both,both,both,both
rail_369,both,both,both,both,both,both,both,both,both,both,both,both,both,both,both,both,both,both,both,both,both,both,both,both,both,both,both,both,both,both,both
rail_370,both,both,both,both,both,both,both,both,both,both,both,both,both,both,both,both,both,both,both,both,both,both,both,both,both,both,both,both,both,both,both
rail_371,both,both,both,both,both,both,both,both,both,both,both,both,both,both,both,both,both,both,both,both,both,both,both,both,both,both,both,both,both,both,both
rail_372,both,both,both,both,both,both,both,both,both,both,both,both,both,both,both,both,both,both,both,both,both,both,both,both,both,both,both,both,both,both,both
rail_373,goods,goods,goods,goods,goods,goods,goods,goods,goods,goods,goods,goods,goods,goods,goods,goods,goods,goods,goods,goods,goods,goods,goods,goods,goods,goods,goods,goods,goods,goods,goods
rail_374,goods,goods,goods,goods,goods,goods,goods,goods,goods,goods,goods,goods,goods,goods,goods,goods,goods,goods,goods,goods,goods,goods,goods,goods,goods,goods,goods,goods,goods,goods,goods
rail_375,both,both,both,both,both,both,both,both,both,both,both,both,both,both,both,both,both,both,both,both,both,both,both,both,both,both,both,both,both,both,both
rail_376,goods,goods,goods,goods,goods,goods,goods,goods,goods,goods,goods,goods,goods,goods,goods,goods,goods,goods,goods,goods,goods,goods,goods,goods,goods,goods,goods,goods,goods,goods,goods
rail_377,both,both,both,both,both,both,both,both,both,both,both,both,both,both,both,both,both,both,both,both,both,both,both,both,both,both,both,both,both,both,both
rail_378,goods,goods,goods,goods,goods,goods,goods,goods,goods,goods,goods,goods,goods,goods,goods,goods,goods,goods,goods,goods,goods,goods,goods,goods,goods,goods,goods,goods,goods,goods,goods
rail_379,both,both,both,both,both,both,both,both,both,both,both,both,both,both,both,both,both,both,both,both,both,both,both,both,both,both,both,both,both,both,both
rail_380,both,both,both,both,both,both,both,both,both,both,both,both,both,both,both,both,both,both,both,both,both,both,both,both,both,both,both,both,both,both,both
rail_381,both,both,both,both,both,both,both,both,both,both,both,both,both,both,both,both,both,both,both,both,both,both,both,both,both,both,both,both,both,both,both
rail_382,both,both,both,both,both,both,both,both,both,both,both,both,both,both,both,both,both,both,both,both,both,both,both,both,both,both,both,both,both,both,both
rail_383,goods,goods,goods,goods,goods,goods,goods,goods,goods,goods,goods,goods,goods,goods,goods,goods,goods,goods,goods,goods,goods,goods,goods,goods,goods,goods,goods,goods,goods,goods,goods
rail_384,goods,goods,goods,goods,goods,goods,goods,goods,goods,goods,goods,goods,goods,goods,goods,goods,goods,goods,goods,goods,goods,goods,goods,goods,goods,goods,goods,goods,goods,goods,goods
rail_385,both,both,both,both,both,both,both,both,both,both,both,both,both,both,both,both,both,both,both,both,both,both,both,both,both,both,both,both,both,both,both
rail_386,both,both,both,both,both,both,both,both,both,both,both,both,both,both,both,both,both,both,both,both,both,both,both,both,both,both,both,both,both,both,both
rail_387,goods,goods,goods,goods,goods,goods,goods,goods,goods,goods,goods,goods,goods,goods,goods,goods,goods,goods,goods,goods,goods,goods,goods,goods,goods,goods,goods,goods,goods,goods,goods
rail_388,both,both,both,both,both,both,both,both,both,both,both,both,both,both,both,both,both,both,both,both,both,both,both,both,both,both,both,both,both,both,both
rail_389,both,both,both,both,both,both,both,both,both,goods,goods,goods,goods,goods,goods,goods,goods,goods,goods,goods,goods,goods,goods,goods,goods,goods,goods,goods,goods,goods,goods
rail_390,both,both,both,both,both,both,both,both,both,both,both,both,both,both,both,both,both,both,both,both,both,both,both,both,both,both,both,both,both,both,both
rail_391,goods,goods,goods,goods,goods,goods,goods,goods,goods,goods,goods,goods,goods,goods,goods,goods,goods,goods,goods,goods,goods,goods,goods,goods,goods,goods,goods,goods,goods,goods,goods
rail_392,both,both,both,both,both,both,both,both,both,both,both,both,both,both,both,both,both,both,both,both,both,both,both,both,both,both,both,both,both,both,both
rail_393,both,both,both,both,both,both,both,both,both,both,both,both,both,both,both,both,both,both,both,both,both,both,both,both,both,both,both,both,both,both,both
rail_394,both,both,both,both,both,both,both,both,both,both,both,both,both,both,both,both,both,both,both,both,both,both,both,both,both,both,both,both,both,both,both
rail_395,both,both,both,both,both,both,both,both,both,both,both,both,both,both,both,both,both,both,both,both,both,both,both,both,both,both,both,both,both,both,both
rail_396,both,both,both,both,both,both,both,both,both,both,both,both,both,both,both,both,both,both,both,both,both,both,both,both,both,both,both,both,both,both,both
rail_397,both,both,both,both,both,both,both,both,both,both,both,both,both,both,both,both,both,both,both,both,both,both,both,both,both,both,both,both,both,both,both
rail_398,both,both,both,both,both,both,both,both,both,both,both,both,both,both,both,both,both,both,both,both,both,both,both,both,both,both,both,both,both,both,both
rail_399,both,both,both,both,both,both,both,both,both,both,both,both,both,both,both,both,both,both,both,both,both,both,both,both,both,both,both,both,both,both,both
rail_400,both,both,both,both,both,both,both,both,both,both,both,both,both,both,both,both,both,both,both,both,both,both,both,both,both,both,both,both,both,both,both
rail_401,both,both,both,both,both,both,both,both,both,both,both,both,both,both,both,both,both,both,both,both,both,both,both,both,both,both,both,both,both,both,both
rail_402,both,both,both,both,both,both,both,both,both,both,both,both,both,both,both,both,both,both,both,both,both,both,both,both,both,both,both,both,both,both,both
rail_403,both,both,both,both,both,both,both,both,both,both,both,both,both,both,both,both,both,both,both,both,both,both,both,both,both,both,both,both,both,both,both
rail_404,both,both,both,both,both,both,both,both,both,both,both,both,both,both,both,both,both,both,both,both,both,both,both,both,both,both,both,both,both,both,both
rail_405,both,both,both,both,both,both,both,both,both,both,both,both,both,both,both,both,both,both,both,both,both,both,both,both,both,both,both,both,both,both,both
rail_406,both,both,both,both,both,both,both,both,both,both,both,both,both,both,both,both,both,both,both,both,both,both,both,both,both,both,both,both,both,both,both
rail_407,both,both,both,both,both,both,both,both,both,both,both,both,both,both,both,both,both,both,both,both,both,both,both,both,both,both,both,both,both,both,both
rail_408,both,both,both,both,both,both,both,both,both,both,both,both,both,both,both,both,both,both,both,both,both,both,both,both,both,both,both,both,both,both,both
rail_409,both,both,both,both,both,both,both,both,both,both,both,both,both,both,both,both,both,both,both,both,both,both,both,both,both,both,both,both,both,both,both
rail_410,both,both,both,both,both,both,both,both,both,both,both,both,both,both,both,both,both,both,both,both,both,both,both,both,both,both,both,both,both,both,both
rail_411,both,both,both,both,both,both,both,both,both,both,both,both,both,both,both,both,both,both,both,both,both,both,both,both,both,both,both,both,both,both,both
rail_412,both,both,both,both,both,both,both,both,both,both,both,both,both,both,both,both,both,both,both,both,both,both,both,both,both,both,both,both,both,both,both
rail_413,both,both,both,both,both,both,both,both,both,both,both,both,both,both,both,both,both,both,both,both,both,both,both,both,both,both,both,both,both,both,both
rail_414,both,both,both,both,both,both,both,both,both,both,both,both,both,both,both,both,both,both,both,both,both,both,both,both,both,both,both,both,both,both,both
rail_415,both,both,both,both,both,both,both,both,both,both,both,both,both,both,both,both,both,both,both,both,both,both,both,both,both,both,both,both,both,both,both
rail_416,both,both,both,both,both,both,both,both,both,both,both,both,both,both,both,both,both,both,both,both,both,both,both,both,both,both,both,both,both,both,both
rail_417,both,both,both,both,both,both,both,both,both,both,both,both,both,both,both,both,both,both,both,both,both,both,both,both,both,both,both,both,both,both,both
rail_418,both,both,both,both,both,both,both,both,both,both,both,both,both,both,both,both,both,both,both,both,both,both,both,both,both,both,both,both,both,both,both
rail_419,both,both,both,both,both,both,both,both,both,both,both,both,both,both,both,both,both,both,both,both,both,both,both,both,both,both,both,both,both,both,both
rail_420,both,both,both,both,both,both,both,both,both,both,both,both,both,both,both,both,both,both,both,both,both,both,both,both,both,both,both,both,both,both,both
rail_421,both,both,both,both,both,both,both,both,both,both,both,both,both,both,both,both,both,both,both,both,both,both,both,both,both,both,both,both,both,both,both
rail_422,goods,goods,goods,goods,goods,goods,goods,goods,goods,goods,goods,goods,goods,goods,goods,goods,goods,goods,goods,goods,goods,goods,goods,goods,goods,goods,goods,goods,goods,goods,goods
rail_423,both,both,both,both,both,both,both,both,both,both,both,both,both,both,both,both,both,both,both,both,both,both,both,both,both,both,both,both,both,both,both
rail_424,both,both,both,both,both,both,both,both,both,both,both,both,both,both,both,both,both,both,both,both,both,both,both,both,both,both,both,both,both,both,both
rail_425,goods,goods,goods,goods,goods,goods,goods,goods,goods,goods,goods,goods,goods,goods,goods,goods,goods,goods,goods,goods,goods,goods,goods,goods,goods,goods,goods,goods,goods,goods,goods
rail_426,both,both,both,both,both,both,both,both,both,both,both,both,both,both,both,both,both,both,both,both,both,both,both,both,both,both,both,both,both,both,both
rail_427,both,both,both,both,both,both,both,both,both,both,both,both,both,both,both,both,both,both,both,both,both,both,both,both,both,both,both,both,both,both,both
rail_428,both,both,both,both,both,both,both,both,both,both,both,both,both,both,both,both,both,both,both,both,both,both,both,both,both,both,both,both,both,both,both
rail_429,both,both,both,both,both,both,both,both,both,both,both,both,both,both,both,both,both,both,both,both,both,both,both,both,both,both,both,both,both,both,both
rail_430,both,both,both,both,both,both,both,both,both,both,both,both,both,both,both,both,both,both,both,both,both,both,both,both,both,both,both,both,both,both,both
rail_431,both,both,both,both,both,both,both,both,both,both,both,both,both,both,both,both,both,both,both,both,both,both,both,both,both,both,both,both,both,both,both
rail_432,both,both,both,both,both,both,both,both,both,both,both,both,both,both,both,both,both,both,both,both,both,both,both,both,both,both,both,both,both,both,both
rail_433,both,both,both,both,both,both,both,both,both,both,both,both,both,both,both,both,both,both,both,both,both,both,both,both,both,both,both,both,both,both,both
rail_434,both,both,both,both,both,both,both,both,both,both,both,both,both,both,both,both,both,both,both,both,both,both,both,both,both,both,both,both,both,both,both
rail_435,both,both,both,both,both,both,both,both,both,both,both,both,both,both,both,both,both,both,both,both,both,both,both,both,both,both,both,both,both,both,both
rail_436,both,both,both,both,both,both,both,both,both,both,both,both,both,both,both,both,both,both,both,both,both,both,both,both,both,both,both,both,both,both,both
rail_437,both,both,both,both,both,both,both,both,both,both,both,both,both,both,both,both,both,both,both,both,both,both,both,both,both,both,both,both,both,both,both
rail_438,goods,goods,goods,goods,goods,goods,goods,goods,goods,goods,goods,goods,goods,goods,goods,goods,goods,goods,goods,goods,goods,goods,goods,goods,goods,goods,goods,goods,goods,goods,goods
rail_439,both,both,both,both,both,both,both,both,both,both,both,both,both,both,both,both,both,both,both,both,both,both,both,both,both,both,both,both,both,both,both
rail_440,goods,goods,goods,goods,goods,goods,goods,goods,goods,goods,goods,goods,goods,goods,goods,goods,goods,goods,goods,goods,goods,goods,goods,goods,goods,goods,goods,goods,goods,goods,goods
rail_441,both,both,both,both,both,both,both,both,both,both,both,both,both,both,both,both,both,both,both,both,both,both,both,both,both,both,both,both,both,both,both
rail_442,both,both,both,both,both,both,both,both,both,both,both,both,both,both,both,both,both,both,both,both,both,both,both,both,both,both,both,both,both,both,both
rail_443,both,both,both,both,both,both,both,both,both,both,both,both,both,both,both,both,both,both,both,both,both,both,both,both,both,both,both,both,both,both,both
rail_444,both,both,both,both,both,both,both,both,both,both,both,both,both,both,both,both,both,both,both,both,both,both,both,both,both,both,both,both,both,both,both
rail_445,both,both,both,both,both,both,both,both,both,both,both,both,both,both,both,both,both,both,both,both,both,both,both,both,both,both,both,both,both,both,both
rail_446,both,both,both,both,both,both,both,both,both,both,both,both,both,both,both,both,both,both,both,both,both,both,both,both,both,both,both,both,both,both,both
rail_447,goods,goods,goods,goods,goods,goods,goods,goods,goods,goods,goods,goods,goods,goods,goods,goods,goods,goods,goods,goods,goods,goods,goods,goods,goods,goods,goods,goods,goods,goods,goods
rail_448,both,both,both,both,both,both,both,both,both,both,both,both,both,both,both,both,both,both,both,both,both,both,both,both,both,both,both,both,both,both,both
rail_449,both,both,both,both,both,both,both,both,both,both,both,both,both,both,both,both,both,both,both,both,both,both,both,both,both,both,both,both,both,both,both
rail_450,both,both,both,both,both,both,both,both,both,both,both,both,both,both,both,both,both,both,both,both,both,both,both,both,both,both,both,both,both,both,both
rail_451,both,both,both,both,both,both,both,both,both,both,both,both,both,both,both,both,both,both,both,both,both,both,both,both,both,both,both,both,both,both,both
rail_452,both,both,both,both,both,both,both,both,both,both,both,both,both,both,both,both,both,both,both,both,both,both,both,both,both,both,both,both,both,both,both
rail_453,both,both,both,both,both,both,both,both,both,both,both,both,both,both,both,both,both,both,both,both,both,both,both,both,both,both,both,both,both,both,both
rail_454,both,both,both,both,both,both,both,both,both,both,both,both,both,both,both,both,both,both,both,both,both,both,both,both,both,both,both,both,both,both,both
rail_455,both,both,both,both,both,both,both,both,both,both,both,both,both,both,both,both,both,both,both,both,both,both,both,both,both,both,both,both,both,both,both
rail_456,goods,goods,goods,goods,goods,goods,goods,goods,goods,goods,goods,goods,goods,goods,goods,goods,goods,goods,goods,goods,goods,goods,goods,goods,goods,goods,goods,goods,goods,goods,goods
rail_457,both,both,both,both,both,both,both,both,both,both,both,both,both,both,both,both,both,both,both,both,both,both,both,both,both,both,both,both,both,both,both
rail_458,goods,goods,goods,goods,goods,goods,goods,goods,goods,goods,goods,goods,goods,goods,goods,goods,goods,goods,goods,goods,goods,goods,goods,goods,goods,goods,goods,goods,goods,goods,goods
rail_459,both,both,both,both,both,both,both,both,both,both,both,both,both,both,both,both,both,both,both,both,both,both,both,both,both,both,both,both,both,both,both
rail_460,both,both,both,both,both,both,both,both,both,both,both,both,both,both,both,both,both,both,both,both,both,both,both,both,both,both,both,both,both,both,both
rail_461,both,both,both,both,both,both,both,both,both,both,both,both,both,both,both,both,both,both,both,both,both,both,both,both,both,both,both,both,both,both,both
rail_462,both,both,both,both,both,both,both,both,both,both,both,both,both,both,both,both,both,both,both,both,both,both,both,both,both,both,both,both,both,both,both
rail_463,goods,goods,goods,goods,goods,goods,goods,goods,goods,goods,goods,goods,goods,goods,goods,goods,goods,goods,goods,goods,goods,goods,goods,goods,goods,goods,goods,goods,goods,goods,goods
rail_464,goods,goods,goods,goods,goods,goods,goods,goods,goods,goods,goods,goods,goods,goods,goods,goods,goods,goods,goods,goods,goods,goods,goods,goods,goods,goods,goods,goods,goods,goods,goods
rail_465,goods,goods,goods,goods,goods,goods,goods,goods,goods,goods,goods,goods,goods,goods,goods,goods,goods,goods,goods,goods,goods,goods,goods,goods,goods,goods,goods,goods,goods,goods,goods
rail_466,goods,goods,goods,goods,goods,goods,goods,goods,goods,goods,goods,goods,goods,goods,goods,goods,goods,goods,goods,goods,goods,goods,goods,goods,goods,goods,goods,goods,goods,goods,goods
rail_467,goods,goods,goods,goods,goods,goods,goods,goods,goods,goods,goods,goods,goods,goods,goods,goods,goods,goods,goods,goods,goods,goods,goods,goods,goods,goods,goods,goods,goods,goods,goods
rail_468,goods,goods,goods,goods,goods,goods,goods,goods,goods,goods,goods,goods,goods,goods,goods,goods,goods,goods,goods,goods,goods,goods,goods,goods,goods,goods,goods,goods,goods,goods,goods
rail_469,goods,goods,goods,goods,goods,goods,goods,goods,goods,goods,goods,goods,goods,goods,goods,goods,goods,goods,goods,goods,goods,goods,goods,goods,goods,goods,goods,goods,goods,goods,goods
rail_470,goods,goods,goods,goods,goods,goods,goods,goods,goods,goods,goods,goods,goods,goods,goods,goods,goods,goods,goods,goods,goods,goods,goods,goods,goods,goods,goods,goods,goods,goods,goods
rail_471,both,both,both,both,both,both,both,both,both,both,both,both,both,both,both,both,both,both,both,both,both,both,both,both,both,both,both,both,both,both,both
rail_472,both,both,both,both,both,both,both,both,both,both,both,both,both,both,both,both,both,both,both,both,both,both,both,both,both,both,both,both,both,both,both
rail_473,goods,goods,goods,goods,goods,goods,goods,goods,goods,goods,goods,goods,goods,goods,goods,goods,goods,goods,goods,goods,goods,goods,goods,goods,goods,goods,goods,goods,goods,goods,goods
rail_474,both,both,both,both,both,both,both,both,both,both,both,both,both,both,both,both,both,both,both,both,both,both,both,both,both,both,both,both,both,both,both
rail_475,both,both,both,both,both,both,both,both,both,both,both,both,both,both,both,both,both,both,both,both,both,both,both,both,both,both,both,both,both,both,both
rail_476,both,both,both,both,both,both,both,both,both,both,both,both,both,both,both,both,both,both,both,both,both,both,both,both,both,both,both,both,both,both,both
rail_477,both,both,both,both,both,both,both,both,both,both,both,both,both,both,both,both,both,both,both,both,both,both,both,both,both,both,both,both,both,both,both
rail_478,both,both,both,both,both,both,both,both,both,both,both,both,both,both,both,both,both,both,both,both,both,both,both,both,both,both,both,both,both,both,both
rail_479,both,both,both,both,both,both,both,both,both,both,both,both,both,both,both,both,both,both,both,both,both,both,both,both,both,both,both,both,both,both,both
rail_480,both,both,both,both,both,both,both,both,both,both,both,both,both,both,both,both,both,both,both,both,both,both,both,both,both,both,both,both,both,both,both
rail_481,goods,goods,goods,goods,goods,goods,goods,goods,goods,goods,goods,goods,goods,goods,goods,goods,goods,goods,goods,goods,goods,goods,goods,goods,goods,goods,goods,goods,goods,goods,goods
rail_482,both,both,both,both,both,both,both,both,both,both,both,both,both,both,both,both,both,both,both,both,both,both,both,both,both,both,both,both,both,both,both
rail_483,both,both,both,both,both,both,both,both,both,both,both,both,both,both,both,both,both,both,both,both,both,both,both,both,both,both,both,both,both,both,both
rail_484,both,both,both,both,both,both,both,both,both,both,both,both,both,both,both,both,both,both,both,both,both,both,both,both,both,both,both,both,both,both,both
rail_485,both,both,both,both,both,both,both,both,both,both,both,both,both,both,both,both,both,both,both,both,both,both,both,both,both,both,both,both,both,both,both
rail_486,both,both,both,both,both,both,both,both,both,both,both,both,both,both,both,both,both,both,both,both,both,both,both,both,both,both,both,both,both,both,both
rail_487,both,both,both,both,both,both,both,both,both,both,both,both,both,both,both,both,both,both,both,both,both,both,both,both,both,both,both,both,both,both,both
rail_488,both,both,both,both,both,both,both,both,both,both,both,both,both,both,both,both,both,both,both,both,both,both,both,both,both,both,both,both,both,both,both
rail_489,both,both,both,both,both,both,both,both,both,both,both,both,both,both,both,both,both,both,both,both,both,both,both,both,both,both,both,both,both,both,both
rail_490,both,both,both,both,both,both,both,both,both,both,both,both,both,both,both,both,both,both,both,both,both,both,both,both,both,both,both,both,both,both,both
rail_491,both,both,both,both,both,both,both,both,both,both,both,both,both,both,both,both,both,both,both,both,both,both,both,both,both,both,both,both,both,both,both
rail_492,both,both,both,both,both,both,both,both,both,both,both,both,both,both,both,both,both,both,both,both,both,both,both,both,both,both,both,both,both,both,both
rail_493,both,both,both,both,both,both,both,both,both,both,both,both,both,both,both,both,both,both,both,both,both,both,both,both,both,both,both,both,both,both,both
rail_494,both,both,both,both,both,both,both,both,both,both,both,both,both,both,both,both,both,both,both,both,both,both,both,both,both,both,both,both,both,both,both
rail_495,both,both,both,both,both,both,both,both,both,both,both,both,both,both,both,both,both,both,both,both,both,both,both,both,both,both,both,both,both,both,both
rail_496,both,both,both,both,both,both,both,both,both,both,both,both,both,both,both,both,both,both,both,both,both,both,both,both,both,both,both,both,both,both,both
rail_497,both,both,both,both,both,both,both,both,both,both,both,both,both,both,both,both,both,both,both,both,both,both,both,both,both,both,both,both,both,both,both
rail_498,both,both,both,both,both,both,both,both,both,both,both,both,both,both,both,both,both,both,both,both,both,both,both,both,both,both,both,both,both,both,both
rail_499,none,none,none,none,none,none,none,none,none,none,none,none,none,none,none,none,none,none,none,none,none,none,none,none,none,none,none,none,none,none,none
rail_500,both,both,both,both,both,both,both,both,both,both,both,both,both,both,both,both,both,both,both,both,both,both,both,both,both,both,both,both,both,both,both
rail_501,both,both,both,both,both,both,both,both,both,both,both,both,both,both,both,both,both,both,both,both,both,both,both,both,both,both,both,both,both,both,both
rail_502,both,both,both,both,both,both,both,both,both,both,both,both,both,both,both,both,both,both,both,both,both,both,both,both,both,both,both,both,both,both,both
rail_503,both,both,both,both,both,both,both,both,both,both,both,both,both,both,both,both,both,both,both,both,both,both,both,both,both,both,both,both,both,both,both
rail_504,both,both,both,both,both,both,both,both,both,both,both,both,both,both,both,both,both,both,both,both,both,both,both,both,both,both,both,both,both,both,both
rail_505,both,both,both,both,both,both,both,both,both,both,both,both,both,both,both,both,both,both,both,both,both,both,both,both,both,both,both,both,both,both,both
rail_506,both,both,both,both,both,both,both,both,both,both,both,both,both,both,both,both,both,both,both,both,both,both,both,both,both,both,both,both,both,both,both
rail_507,both,both,both,both,both,both,both,both,both,both,both,both,both,both,both,both,both,both,both,both,both,both,both,both,both,both,both,both,both,both,both
rail_508,both,both,both,both,both,both,both,both,both,both,both,both,both,both,both,both,both,both,both,both,both,both,both,both,both,both,both,both,both,both,both
rail_509,both,both,both,both,both,both,both,both,both,both,both,both,both,both,both,both,both,both,both,both,both,both,both,both,both,both,both,both,both,both,both
rail_510,both,both,both,both,both,both,both,both,both,both,both,both,both,both,both,both,both,both,both,both,both,both,both,both,both,both,both,both,both,both,both
rail_511,both,both,both,both,both,both,both,both,both,both,both,both,both,both,both,both,both,both,both,both,both,both,both,both,both,both,both,both,both,both,both
rail_512,both,both,both,both,both,both,both,both,both,both,both,both,both,both,both,both,both,both,both,both,both,both,both,both,both,both,both,both,both,both,both
rail_513,both,both,both,both,both,both,both,both,both,both,both,both,both,both,both,both,both,both,both,both,both,both,both,both,both,both,both,both,both,both,both
rail_514,both,both,both,both,both,both,both,both,both,both,both,both,both,both,both,both,both,both,both,both,both,both,both,both,both,both,both,both,both,both,both
rail_515,both,both,both,both,both,both,both,both,both,both,both,both,both,both,both,both,both,both,both,both,both,both,both,both,both,both,both,both,both,both,both
rail_516,both,both,both,both,both,both,both,both,both,both,both,both,both,both,both,both,both,both,both,both,both,both,both,both,both,both,both,both,both,both,both
rail_517,both,both,both,both,both,both,both,both,both,both,both,both,both,both,both,both,both,both,both,both,both,both,both,both,both,both,both,both,both,both,both
rail_518,both,both,both,both,both,both,both,both,both,both,both,both,both,both,both,both,both,both,both,both,both,both,both,both,both,both,both,both,both,both,both
rail_519,both,both,both,both,both,both,both,both,both,both,both,both,both,both,both,both,both,both,both,both,both,both,both,both,both,both,both,both,both,both,both
rail_520,both,both,both,both,both,both,both,both,both,both,both,both,both,both,both,both,both,both,both,both,both,both,both,both,both,both,both,both,both,both,both
rail_521,both,both,both,both,both,both,both,both,both,both,both,both,both,both,both,both,both,both,both,both,both,both,both,both,both,both,both,both,both,both,both
rail_522,both,both,both,both,both,both,both,both,both,both,both,both,both,both,both,both,both,both,both,both,both,both,both,both,both,both,both,both,both,both,both
rail_523,both,both,both,both,both,both,both,both,both,both,both,both,both,both,both,both,both,both,both,both,both,both,both,both,both,both,both,both,both,both,both
rail_524,goods,goods,goods,goods,goods,goods,goods,goods,goods,goods,goods,goods,goods,goods,goods,goods,goods,goods,goods,goods,goods,goods,goods,goods,goods,goods,goods,goods,goods,goods,goods
rail_525,both,both,both,both,both,both,both,both,both,both,both,both,both,both,both,both,both,both,both,both,both,both,both,both,both,both,both,both,both,both,both
rail_526,both,both,both,both,both,both,both,both,both,both,both,both,both,both,both,both,both,both,both,both,both,both,both,both,both,both,both,both,both,both,both
rail_527,both,both,both,both,both,both,both,both,both,both,both,both,both,both,both,both,both,both,both,both,both,both,both,both,both,both,both,both,both,both,both
rail_528,both,both,both,both,both,both,both,both,both,both,both,both,both,both,both,both,both,both,both,both,both,both,both,both,both,both,both,both,both,both,both
rail_529,both,both,both,both,both,both,both,both,both,both,both,both,both,both,both,both,both,both,both,both,both,both,both,both,both,both,both,both,both,both,both
rail_530,both,both,both,both,both,both,both,both,both,both,both,both,both,both,both,both,both,both,both,both,both,both,both,both,both,both,both,both,both,both,both
rail_531,both,both,both,both,both,both,both,both,both,both,both,both,both,both,both,both,both,both,both,both,both,both,both,both,both,both,both,both,both,both,both
rail_532,both,both,both,both,both,both,both,both,both,both,both,both,both,both,both,both,both,both,both,both,both,both,both,both,both,both,both,both,both,both,both
rail_533,both,both,both,both,both,both,both,both,both,both,both,both,both,both,both,both,both,both,both,both,both,both,both,both,both,both,both,both,both,both,both
rail_534,both,both,both,both,both,both,both,both,both,both,both,both,both,both,both,both,both,both,both,both,both,both,both,both,both,both,both,both,both,both,both
rail_535,goods,goods,goods,goods,goods,goods,goods,goods,goods,goods,goods,goods,goods,goods,goods,goods,goods,goods,goods,goods,goods,goods,goods,goods,goods,goods,goods,goods,goods,goods,goods
rail_536,goods,goods,goods,goods,goods,goods,goods,goods,goods,goods,goods,goods,goods,goods,goods,goods,goods,goods,goods,goods,goods,goods,goods,goods,goods,goods,goods,goods,goods,goods,goods
rail_537,goods,goods,goods,goods,goods,goods,goods,goods,goods,goods,goods,goods,goods,goods,goods,goods,goods,goods,goods,goods,goods,goods,goods,goods,goods,goods,goods,goods,goods,goods,goods
rail_538,both,both,both,both,both,both,both,both,both,both,both,both,both,both,both,both,both,both,both,both,both,both,both,both,both,both,both,both,both,both,both
rail_539,both,both,both,both,both,both,both,both,both,both,both,both,both,both,both,both,both,both,both,both,both,both,both,both,both,both,both,both,both,both,both
rail_540,both,both,both,both,both,both,both,both,both,both,both,both,both,both,both,both,both,both,both,both,both,both,both,both,both,both,both,both,both,both,both
rail_541,both,both,both,both,both,both,both,both,both,both,both,both,both,both,both,both,both,both,both,both,both,both,both,both,both,both,both,both,both,both,both
rail_542,both,both,both,both,both,both,both,both,both,both,both,both,both,both,both,both,both,both,both,both,both,both,both,both,both,both,both,both,both,both,both
rail_543,both,both,both,both,both,both,both,both,both,both,both,both,both,both,both,both,both,both,both,both,both,both,both,both,both,both,both,both,both,both,both
rail_544,both,both,both,both,both,both,both,both,both,both,both,both,both,both,both,both,both,both,both,both,both,both,both,both,both,both,both,both,both,both,both
rail_545,both,both,both,both,both,both,both,both,both,both,both,both,both,both,both,both,both,both,both,both,both,both,both,both,both,both,both,both,both,both,both
rail_546,both,both,both,both,both,both,both,both,both,both,both,both,both,both,both,both,both,both,both,both,both,both,both,both,both,both,both,both,both,both,both
rail_547,both,both,both,both,both,both,both,both,both,both,both,both,both,both,both,both,both,both,both,both,both,both,both,both,both,both,both,both,both,both,both
rail_548,both,both,both,both,both,both,both,both,both,both,both,both,both,both,both,both,both,both,both,both,both,both,both,both,both,both,both,both,both,both,both
rail_549,goods,goods,goods,goods,goods,goods,goods,goods,goods,goods,goods,goods,goods,goods,goods,goods,goods,goods,goods,goods,goods,both,both,both,both,both,both,both,both,both,both
rail_550,goods,goods,goods,goods,goods,goods,goods,goods,goods,goods,goods,goods,goods,goods,goods,goods,goods,goods,goods,goods,goods,both,both,both,both,both,both,both,both,both,both
rail_551,both,both,both,both,both,both,both,both,both,both,both,both,both,both,both,both,both,both,both,both,both,both,both,both,both,both,both,both,both,both,both
rail_552,both,both,both,both,both,both,both,both,both,both,both,both,both,both,both,both,both,both,both,both,both,both,both,both,both,both,both,both,both,both,both
rail_553,both,both,both,both,both,both,both,both,both,both,both,both,both,both,both,both,both,both,both,both,both,both,both,both,both,both,both,both,both,both,both
rail_554,both,both,both,both,both,both,both,both,both,both,both,both,both,both,both,both,both,both,both,both,both,both,both,both,both,both,both,both,both,both,both
rail_555,both,both,both,both,both,both,both,both,both,both,both,both,both,both,both,both,both,both,both,both,both,both,both,both,both,both,both,both,both,both,both
rail_556,both,both,both,both,both,both,both,both,both,both,both,both,both,both,both,both,both,both,both,both,both,both,both,both,both,both,both,both,both,both,both
rail_557,both,both,both,both,both,both,both,both,both,both,both,both,both,both,both,both,both,both,both,both,both,both,both,both,both,both,both,both,both,both,both
rail_558,both,both,both,both,both,both,both,both,both,both,both,both,both,both,both,both,both,both,both,both,both,both,both,both,both,both,both,both,both,both,both
rail_559,both,both,both,both,both,both,both,both,both,both,both,both,both,both,both,both,both,both,both,both,both,both,both,both,both,both,both,both,both,both,both
rail_560,goods,goods,goods,goods,goods,goods,goods,goods,goods,goods,goods,goods,goods,goods,goods,goods,goods,goods,goods,goods,goods,goods,goods,goods,goods,goods,goods,goods,goods,goods,goods
rail_561,both,both,both,both,both,both,both,both,both,both,both,both,both,both,both,both,both,both,both,both,both,both,both,both,both,both,both,both,both,both,both
rail_562,both,both,both,both,both,both,both,both,both,both,both,both,both,both,both,both,both,both,both,both,both,both,both,both,both,both,both,both,both,both,both
rail_563,both,both,both,both,both,both,both,both,both,both,both,both,both,both,both,both,both,both,both,both,both,both,both,both,both,both,both,both,both,both,both
rail_564,both,both,both,both,both,both,both,both,both,both,both,both,both,both,both,both,both,both,both,both,both,both,both,both,both,both,both,both,both,both,both
rail_565,both,both,both,both,both,both,both,both,both,both,both,both,both,both,both,both,both,both,both,both,both,both,both,both,both,both,both,both,both,both,both
rail_566,both,both,both,both,both,both,both,both,both,both,both,both,both,both,both,both,both,both,both,both,both,both,both,both,both,both,both,both,both,both,both
rail_567,both,both,both,both,both,both,both,both,both,both,both,both,both,both,both,both,both,both,both,both,both,both,both,both,both,both,both,both,both,both,both
rail_568,both,both,both,both,both,both,both,both,both,both,both,both,both,both,both,both,both,both,both,both,both,both,both,both,both,both,both,both,both,both,both
rail_569,both,both,both,both,both,both,both,both,both,both,both,both,both,both,both,both,both,both,both,both,both,both,both,both,both,both,both,both,both,both,both
rail_570,both,both,both,both,both,both,both,both,both,both,both,both,both,both,both,both,both,both,both,both,both,both,both,both,both,both,both,both,both,both,both
rail_571,goods,goods,goods,goods,goods,goods,goods,goods,goods,goods,goods,goods,goods,goods,goods,goods,goods,goods,goods,goods,goods,goods,goods,goods,goods,goods,goods,goods,goods,goods,goods
rail_572,both,both,both,both,both,both,both,both,both,both,both,both,both,both,both,both,both,both,both,both,both,both,both,both,both,both,both,both,both,both,both
rail_573,both,both,both,both,both,both,both,both,both,both,both,both,both,both,both,both,both,both,both,both,both,both,both,both,both,both,both,both,both,both,both
rail_574,both,both,both,both,both,both,both,both,both,both,both,both,both,both,both,both,both,both,both,both,both,both,both,both,both,both,both,both,both,both,both
rail_575,both,both,both,both,both,both,both,both,both,both,both,both,both,both,both,both,both,both,both,both,both,both,both,both,both,both,both,both,both,both,both
rail_576,both,both,both,both,both,both,both,both,both,both,both,both,both,both,both,both,both,both,both,both,both,both,both,both,both,both,both,both,both,both,both
rail_577,both,both,both,both,both,both,both,both,both,both,both,both,both,both,both,both,both,both,both,both,both,both,both,both,both,both,both,both,both,both,both
rail_578,passenger,passenger,passenger,passenger,passenger,passenger,passenger,passenger,passenger,passenger,passenger,passenger,passenger,passenger,passenger,passenger,passenger,passenger,passenger,passenger,passenger,passenger,passenger,passenger,passenger,passenger,passenger,passenger,passenger,passenger,passenger
rail_579,both,both,both,both,both,both,both,both,both,both,both,both,both,both,both,both,both,both,both,both,both,both,both,both,both,both,both,both,both,both,both
rail_580,both,both,both,both,both,both,both,both,both,both,both,both,both,both,both,both,both,both,both,both,both,both,both,both,both,both,both,both,both,both,both
rail_581,both,both,both,both,both,both,both,both,both,both,both,both,both,both,both,both,both,both,both,both,both,both,both,both,both,both,both,both,both,both,both
rail_582,both,both,both,both,both,both,both,both,both,both,both,both,both,both,both,both,both,both,both,both,both,both,both,both,both,both,both,both,both,both,both
rail_583,passenger,passenger,passenger,passenger,passenger,passenger,passenger,passenger,passenger,passenger,passenger,passenger,passenger,passenger,passenger,passenger,passenger,passenger,passenger,passenger,passenger,passenger,passenger,passenger,passenger,passenger,passenger,passenger,passenger,passenger,passenger
rail_584,passenger,passenger,passenger,passenger,passenger,passenger,passenger,passenger,passenger,passenger,passenger,passenger,passenger,passenger,passenger,passenger,passenger,passenger,passenger,passenger,passenger,passenger,passenger,passenger,passenger,passenger,passenger,passenger,passenger,passenger,passenger
rail_585,passenger,passenger,passenger,passenger,passenger,passenger,passenger,passenger,passenger,passenger,passenger,passenger,passenger,passenger,passenger,passenger,passenger,passenger,passenger,passenger,passenger,passenger,passenger,passenger,passenger,passenger,passenger,passenger,passenger,passenger,passenger
rail_586,passenger,passenger,passenger,passenger,passenger,passenger,passenger,passenger,passenger,passenger,passenger,passenger,passenger,passenger,passenger,passenger,passenger,passenger,passenger,passenger,passenger,passenger,passenger,passenger,passenger,passenger,passenger,passenger,passenger,passenger,passenger
rail_587,passenger,passenger,passenger,passenger,passenger,passenger,passenger,passenger,passenger,passenger,passenger,passenger,passenger,passenger,passenger,passenger,passenger,passenger,passenger,passenger,passenger,passenger,passenger,passenger,passenger,passenger,passenger,passenger,passenger,passenger,passenger
rail_588,both,both,both,both,both,both,both,both,both,both,both,both,both,both,both,both,both,both,both,both,both,both,both,both,both,both,both,both,both,both,both
rail_589,both,both,both,both,both,both,both,both,both,both,both,both,both,both,both,both,both,both,both,both,both,both,both,both,both,both,both,both,both,both,both
rail_590,goods,goods,goods,goods,goods,goods,goods,goods,goods,goods,goods,goods,goods,goods,goods,goods,goods,goods,goods,goods,goods,goods,goods,goods,goods,goods,goods,goods,goods,goods,goods
rail_591,both,both,both,both,both,both,both,both,both,both,both,both,both,both,both,both,both,both,both,both,both,both,both,both,both,both,both,both,both,both,both
rail_592,both,both,both,both,both,both,both,both,both,both,both,both,both,both,both,both,both,both,both,both,both,both,both,both,both,both,both,both,both,both,both
rail_593,both,both,both,both,both,both,both,both,both,both,both,both,both,both,both,both,both,both,both,both,both,both,both,both,both,both,both,both,both,both,both
rail_594,both,both,both,both,both,both,both,both,both,both,both,both,both,both,both,both,both,both,both,both,both,both,both,both,both,both,both,both,both,both,both
rail_595,both,both,both,both,both,both,both,both,both,both,both,both,both,both,both,both,both,both,both,both,both,both,both,both,both,both,both,both,both,both,both
rail_596,both,both,both,both,both,both,both,both,both,both,both,both,both,both,both,both,both,both,both,both,both,both,both,both,both,both,both,both,both,both,both
rail_597,both,both,both,both,both,both,both,both,both,both,both,both,both,both,both,both,both,both,both,both,both,both,both,both,both,both,both,both,both,both,both
rail_598,goods,goods,goods,goods,goods,goods,goods,goods,goods,goods,goods,goods,goods,goods,goods,goods,goods,goods,goods,goods,goods,goods,goods,goods,goods,goods,goods,goods,goods,goods,goods
rail_599,both,both,both,both,both,both,both,both,both,both,both,both,both,both,both,both,both,both,both,both,both,goods,goods,goods,goods,goods,goods,goods,goods,goods,goods
rail_600,both,both,both,both,both,both,both,both,both,both,both,both,both,both,both,both,both,both,both,both,both,both,both,both,both,both,both,both,both,both,both
rail_601,both,both,both,both,both,both,both,both,both,both,both,both,both,both,both,both,both,both,both,both,both,both,both,both,both,both,both,both,both,both,both
rail_602,goods,goods,goods,goods,goods,goods,goods,goods,goods,goods,goods,goods,goods,goods,goods,goods,goods,goods,goods,goods,goods,goods,goods,goods,goods,goods,goods,goods,goods,goods,goods
rail_603,goods,goods,goods,goods,goods,goods,goods,goods,goods,goods,goods,goods,goods,goods,goods,goods,goods,goods,goods,goods,goods,goods,goods,goods,goods,goods,goods,goods,goods,goods,goods
rail_604,goods,goods,goods,goods,goods,goods,goods,goods,goods,goods,goods,goods,goods,goods,goods,goods,goods,goods,goods,goods,goods,goods,goods,goods,goods,goods,goods,goods,goods,goods,goods
rail_605,goods,goods,goods,goods,goods,goods,goods,goods,goods,goods,goods,goods,goods,goods,goods,goods,goods,goods,goods,goods,goods,goods,goods,goods,goods,goods,goods,goods,goods,goods,goods
rail_606,both,both,both,both,both,both,both,both,both,both,both,both,both,both,both,both,both,both,both,both,both,both,both,both,both,both,both,both,both,both,both
rail_607,both,both,both,both,both,both,both,both,both,both,both,both,both,both,both,both,both,both,both,both,both,both,both,both,both,both,both,both,both,both,both
rail_608,both,both,both,both,both,both,both,both,both,both,both,both,both,both,both,both,both,both,both,both,both,both,both,both,both,both,both,both,both,both,both
rail_609,both,both,both,both,both,both,both,both,both,both,both,both,both,both,both,both,both,both,both,both,both,both,both,both,both,both,both,both,both,both,both
rail_610,both,both,both,both,both,both,both,both,both,both,both,both,both,both,both,both,both,both,both,both,both,both,both,both,both,both,both,both,both,both,both
rail_611,none,none,none,none,none,none,none,none,none,none,none,none,none,none,none,none,none,none,none,none,none,none,none,none,none,none,none,none,none,none,none
rail_612,goods,goods,goods,goods,goods,goods,goods,goods,goods,goods,goods,goods,goods,goods,goods,goods,goods,goods,goods,goods,goods,goods,goods,goods,goods,goods,goods,goods,goods,goods,goods
rail_613,both,both,both,both,both,both,both,both,both,both,both,both,both,both,both,both,both,both,both,both,both,both,both,both,both,both,both,both,both,both,both
rail_614,both,both,both,both,both,both,both,both,both,both,both,both,both,both,both,both,both,both,both,both,both,both,both,both,both,both,both,both,both,both,both
rail_615,passenger,passenger,passenger,passenger,passenger,passenger,passenger,passenger,passenger,passenger,passenger,passenger,passenger,passenger,passenger,passenger,passenger,passenger,passenger,passenger,passenger,passenger,passenger,passenger,passenger,passenger,passenger,passenger,passenger,passenger,passenger
rail_616,passenger,passenger,passenger,passenger,passenger,passenger,passenger,passenger,passenger,passenger,passenger,passenger,passenger,passenger,passenger,passenger,passenger,passenger,passenger,passenger,passenger,passenger,passenger,passenger,passenger,passenger,passenger,passenger,passenger,passenger,passenger
rail_617,passenger,passenger,passenger,passenger,passenger,passenger,passenger,passenger,passenger,passenger,passenger,passenger,passenger,passenger,passenger,passenger,passenger,passenger,passenger,passenger,passenger,passenger,passenger,passenger,passenger,passenger,passenger,passenger,passenger,passenger,passenger
rail_618,both,both,both,both,both,both,both,both,both,both,both,both,both,both,both,both,both,both,both,both,both,both,both,both,both,both,both,both,both,both,both
rail_619,passenger,passenger,passenger,passenger,passenger,passenger,passenger,passenger,passenger,passenger,passenger,passenger,passenger,passenger,passenger,passenger,passenger,passenger,passenger,passenger,passenger,passenger,passenger,passenger,passenger,passenger,passenger,passenger,passenger,passenger,passenger
rail_620,passenger,passenger,passenger,passenger,passenger,passenger,passenger,passenger,passenger,passenger,passenger,passenger,passenger,passenger,passenger,passenger,passenger,passenger,passenger,passenger,passenger,passenger,passenger,passenger,passenger,passenger,passenger,passenger,passenger,passenger,passenger
rail_621,passenger,passenger,passenger,passenger,passenger,passenger,passenger,passenger,passenger,passenger,passenger,passenger,passenger,passenger,passenger,passenger,passenger,passenger,passenger,passenger,passenger,passenger,passenger,passenger,passenger,passenger,passenger,passenger,passenger,passenger,passenger
rail_622,both,both,both,both,both,both,both,both,both,both,both,both,both,both,both,both,both,both,both,both,both,both,both,both,both,both,both,both,both,both,both
rail_623,both,both,both,both,both,both,both,both,both,both,both,both,both,both,both,both,both,both,both,both,both,both,both,both,both,both,both,both,both,both,both
rail_624,goods,goods,goods,goods,goods,goods,goods,goods,goods,goods,goods,goods,goods,goods,goods,goods,goods,goods,goods,goods,goods,goods,goods,goods,goods,goods,goods,goods,goods,goods,goods
rail_625,goods,goods,goods,goods,goods,goods,goods,goods,goods,goods,goods,goods,goods,goods,goods,goods,goods,goods,goods,goods,goods,goods,goods,goods,goods,goods,goods,goods,goods,goods,goods
rail_626,goods,goods,goods,goods,goods,goods,goods,goods,goods,goods,goods,goods,goods,goods,goods,goods,goods,goods,goods,goods,goods,goods,goods,goods,goods,goods,goods,goods,goods,goods,goods
rail_627,both,both,both,both,both,both,both,both,both,both,both,both,both,both,both,both,both,both,both,both,both,both,both,both,both,both,both,both,both,both,both
rail_628,both,both,both,both,both,both,both,both,both,both,both,both,both,both,both,both,both,both,both,both,both,both,both,both,both,both,both,both,both,both,both
rail_629,both,both,both,both,both,both,both,both,both,both,both,both,both,both,both,both,both,both,both,both,both,both,both,both,both,both,both,both,both,both,both
rail_630,both,both,both,both,both,both,both,both,both,both,both,both,both,both,both,both,both,both,both,both,both,both,both,both,both,both,both,both,both,both,both
rail_631,passenger,passenger,passenger,passenger,passenger,passenger,passenger,passenger,passenger,passenger,passenger,passenger,passenger,passenger,passenger,passenger,passenger,passenger,passenger,passenger,passenger,passenger,passenger,passenger,passenger,passenger,passenger,passenger,passenger,passenger,passenger
rail_632,goods,goods,goods,goods,goods,goods,goods,goods,goods,goods,goods,goods,goods,goods,goods,goods,goods,goods,goods,goods,goods,goods,goods,goods,goods,goods,goods,goods,goods,goods,goods
rail_633,goods,goods,goods,goods,goods,goods,goods,goods,goods,goods,goods,goods,goods,goods,goods,goods,goods,goods,goods,goods,goods,goods,goods,goods,goods,goods,goods,goods,goods,goods,goods
rail_634,both,both,both,both,both,both,both,both,both,both,both,both,both,both,both,both,both,both,both,both,both,both,both,both,both,both,both,both,both,both,both
rail_635,both,both,both,both,both,both,both,both,both,both,both,both,both,both,both,both,both,both,both,both,both,both,both,both,both,both,both,both,both,both,both
rail_636,both,both,both,both,both,both,both,both,both,both,both,both,both,both,both,both,both,both,both,both,both,both,both,both,both,both,both,both,both,both,both
rail_637,both,both,both,both,both,both,both,both,both,both,both,both,both,both,both,both,both,both,both,both,both,both,both,both,both,both,both,both,both,both,both
rail_638,both,both,both,both,both,both,both,both,both,both,both,both,both,both,both,both,both,both,both,both,both,both,both,both,both,both,both,both,both,both,both
rail_639,both,both,both,both,both,both,both,both,both,both,both,both,both,both,both,both,both,both,both,both,both,both,both,both,both,both,both,both,both,both,both
rail_640,both,both,both,both,both,both,both,both,both,both,both,both,both,both,both,both,both,both,both,both,both,both,both,both,both,both,both,both,both,both,both
rail_641,goods,goods,goods,goods,goods,goods,goods,goods,goods,goods,goods,goods,goods,goods,goods,goods,goods,goods,goods,goods,goods,goods,goods,goods,goods,goods,goods,goods,goods,goods,both
rail_642,goods,goods,goods,goods,goods,goods,goods,goods,goods,goods,goods,goods,goods,goods,goods,goods,goods,goods,goods,goods,goods,goods,goods,goods,goods,goods,goods,goods,goods,goods,both
rail_643,goods,goods,goods,goods,goods,goods,goods,goods,goods,goods,goods,goods,goods,goods,goods,goods,goods,goods,goods,goods,goods,goods,goods,goods,goods,goods,goods,goods,goods,goods,both
rail_644,goods,goods,goods,goods,goods,goods,goods,goods,goods,goods,goods,goods,goods,goods,goods,goods,goods,goods,goods,goods,goods,goods,goods,goods,goods,goods,goods,goods,goods,goods,goods
rail_645,both,both,both,both,both,both,both,both,both,both,both,both,both,both,both,both,both,both,both,both,both,both,both,both,both,both,both,both,both,both,both
rail_646,both,both,both,both,both,both,both,both,both,both,both,both,both,both,both,both,both,both,both,both,both,both,both,both,both,both,both,both,both,both,both
rail_647,both,both,both,both,both,both,both,both,both,both,both,both,both,both,both,both,both,both,both,both,both,both,both,both,both,both,both,both,both,both,both
rail_648,both,both,both,both,both,both,both,both,both,both,both,both,both,both,both,both,both,both,both,both,both,both,both,both,both,both,both,both,both,both,both
rail_649,both,both,both,both,both,both,both,both,both,both,both,both,both,both,both,both,both,both,both,both,both,both,both,both,both,both,both,both,both,both,both
rail_650,both,both,both,both,both,both,both,both,both,both,both,both,both,both,both,both,both,both,both,both,both,both,both,both,both,both,both,both,both,both,both
rail_651,both,both,both,both,both,both,both,both,both,both,both,both,both,both,both,both,both,both,both,both,both,both,both,both,both,both,both,both,both,both,both
rail_652,both,both,both,both,both,both,both,both,both,both,both,both,both,both,both,both,both,both,both,both,both,both,both,both,both,both,both,both,both,both,both
rail_653,both,both,both,both,both,both,both,both,both,both,both,both,both,both,both,both,both,both,both,both,both,both,both,both,both,both,both,both,both,both,both
rail_654,both,both,both,both,both,both,both,both,both,both,both,both,both,both,both,both,both,both,both,both,both,both,both,both,both,both,both,both,both,both,both
rail_655,both,both,both,both,both,both,both,both,both,both,both,both,both,both,both,both,both,both,both,both,both,both,both,both,both,both,both,both,both,both,both
rail_656,both,both,both,both,both,both,both,both,both,both,both,both,both,both,both,both,both,both,both,both,both,both,both,both,both,both,both,both,both,both,both
rail_657,both,both,both,both,both,both,both,both,both,both,both,both,both,both,both,both,both,both,both,both,both,both,both,both,both,both,both,both,both,both,both
rail_658,passenger,passenger,passenger,passenger,passenger,passenger,passenger,passenger,passenger,passenger,passenger,passenger,passenger,passenger,passenger,passenger,passenger,passenger,passenger,passenger,passenger,passenger,passenger,passenger,passenger,passenger,passenger,passenger,passenger,passenger,passenger
rail_659,passenger,passenger,passenger,passenger,passenger,passenger,passenger,passenger,passenger,passenger,passenger,passenger,passenger,passenger,passenger,passenger,passenger,passenger,passenger,passenger,passenger,passenger,passenger,passenger,passenger,passenger,passenger,passenger,passenger,passenger,passenger
rail_660,passenger,passenger,passenger,passenger,passenger,passenger,passenger,passenger,passenger,passenger,passenger,passenger,passenger,passenger,passenger,passenger,passenger,passenger,passenger,passenger,passenger,passenger,passenger,passenger,passenger,passenger,passenger,passenger,passenger,passenger,passenger
rail_661,both,both,both,both,both,both,both,both,both,both,both,both,both,both,both,both,both,both,both,both,both,both,both,both,both,both,both,both,both,both,both
rail_662,both,both,both,both,both,both,both,both,both,both,both,both,both,both,both,both,both,both,both,both,both,both,both,both,both,both,both,both,both,both,both
rail_663,passenger,passenger,passenger,passenger,passenger,passenger,passenger,passenger,passenger,passenger,passenger,passenger,passenger,passenger,passenger,passenger,passenger,passenger,passenger,passenger,passenger,passenger,passenger,passenger,passenger,passenger,passenger,passenger,passenger,passenger,passenger
rail_664,both,both,both,both,both,both,both,both,both,both,both,both,both,both,both,both,both,both,both,both,both,both,both,both,both,both,both,both,both,both,both
rail_665,goods,goods,goods,goods,goods,goods,goods,goods,goods,goods,goods,goods,goods,goods,goods,goods,goods,goods,goods,goods,goods,goods,goods,goods,goods,goods,goods,goods,goods,goods,goods
rail_666,passenger,passenger,passenger,passenger,passenger,passenger,passenger,passenger,passenger,passenger,passenger,passenger,passenger,passenger,passenger,passenger,passenger,passenger,passenger,passenger,passenger,passenger,passenger,passenger,passenger,passenger,passenger,passenger,passenger,passenger,passenger
rail_667,passenger,passenger,passenger,passenger,passenger,passenger,passenger,passenger,passenger,passenger,passenger,passenger,passenger,passenger,passenger,passenger,passenger,passenger,passenger,passenger,passenger,passenger,passenger,passenger,passenger,passenger,passenger,passenger,passenger,passenger,passenger
rail_668,passenger,passenger,passenger,passenger,passenger,passenger,passenger,passenger,passenger,passenger,passenger,passenger,passenger,passenger,passenger,passenger,passenger,passenger,passenger,passenger,passenger,passenger,passenger,passenger,passenger,passenger,passenger,passenger,passenger,passenger,passenger
rail_669,passenger,passenger,passenger,passenger,passenger,passenger,passenger,passenger,passenger,passenger,passenger,passenger,passenger,passenger,passenger,passenger,passenger,passenger,passenger,passenger,passenger,passenger,passenger,passenger,passenger,passenger,passenger,passenger,passenger,passenger,passenger
rail_670,passenger,passenger,passenger,passenger,passenger,passenger,passenger,passenger,passenger,passenger,passenger,passenger,passenger,passenger,passenger,passenger,passenger,passenger,passenger,passenger,passenger,passenger,passenger,passenger,passenger,passenger,passenger,passenger,passenger,passenger,passenger
rail_671,passenger,passenger,passenger,passenger,passenger,passenger,passenger,passenger,passenger,passenger,passenger,passenger,passenger,passenger,passenger,passenger,passenger,passenger,passenger,passenger,passenger,passenger,passenger,passenger,passenger,passenger,passenger,passenger,passenger,passenger,passenger
rail_672,passenger,passenger,passenger,passenger,passenger,passenger,passenger,passenger,passenger,passenger,passenger,passenger,passenger,passenger,passenger,passenger,passenger,passenger,passenger,passenger,passenger,passenger,passenger,passenger,passenger,passenger,passenger,passenger,passenger,passenger,passenger
rail_673,both,both,both,both,both,both,both,both,both,both,both,both,both,both,both,both,both,both,both,both,both,both,both,both,both,both,both,both,both,both,both
rail_674,both,both,both,both,both,both,both,both,both,both,both,both,both,both,both,both,both,both,both,both,both,both,both,both,both,both,both,both,both,both,both
rail_675,none,none,none,none,none,none,none,none,none,none,none,none,none,none,none,none,none,none,none,none,none,none,none,none,none,none,none,none,none,none,none
rail_676,passenger,passenger,passenger,passenger,passenger,passenger,passenger,passenger,passenger,passenger,passenger,passenger,passenger,passenger,passenger,passenger,passenger,passenger,passenger,passenger,passenger,passenger,passenger,passenger,passenger,passenger,passenger,passenger,passenger,passenger,passenger
rail_677,passenger,passenger,passenger,passenger,passenger,passenger,passenger,passenger,passenger,passenger,passenger,passenger,passenger,passenger,passenger,passenger,passenger,passenger,passenger,passenger,passenger,passenger,passenger,passenger,passenger,passenger,passenger,passenger,passenger,passenger,passenger
rail_678,passenger,passenger,passenger,passenger,passenger,passenger,passenger,passenger,passenger,passenger,passenger,passenger,passenger,passenger,passenger,passenger,passenger,passenger,passenger,passenger,passenger,passenger,passenger,passenger,passenger,passenger,passenger,passenger,passenger,passenger,passenger
rail_679,goods,goods,goods,goods,goods,goods,goods,goods,goods,goods,goods,goods,goods,goods,goods,goods,goods,goods,goods,goods,goods,goods,goods,goods,goods,goods,goods,goods,goods,goods,goods
rail_680,both,both,both,both,both,both,both,both,both,both,both,both,both,both,both,both,both,both,both,both,both,both,both,both,both,both,both,both,both,both,both
rail_681,goods,goods,goods,goods,goods,goods,goods,goods,goods,goods,goods,goods,goods,goods,goods,goods,both,both,both,both,both,both,both,both,both,both,both,both,both,both,both
rail_682,goods,goods,goods,goods,goods,goods,goods,goods,goods,goods,goods,goods,goods,goods,goods,goods,goods,goods,goods,goods,goods,goods,goods,goods,goods,goods,goods,goods,goods,goods,goods
rail_683,passenger,passenger,passenger,passenger,passenger,passenger,passenger,passenger,passenger,passenger,passenger,passenger,passenger,passenger,passenger,passenger,passenger,passenger,passenger,passenger,passenger,passenger,passenger,passenger,passenger,passenger,passenger,passenger,passenger,passenger,passenger
rail_684,passenger,passenger,passenger,passenger,passenger,passenger,passenger,passenger,passenger,passenger,passenger,passenger,passenger,passenger,passenger,passenger,passenger,passenger,passenger,passenger,passenger,passenger,passenger,passenger,passenger,passenger,passenger,passenger,passenger,passenger,passenger
rail_685,passenger,passenger,passenger,passenger,passenger,passenger,passenger,passenger,passenger,passenger,passenger,passenger,passenger,passenger,passenger,passenger,passenger,passenger,passenger,passenger,passenger,passenger,passenger,passenger,passenger,passenger,passenger,passenger,passenger,passenger,passenger
rail_686,goods,goods,goods,goods,goods,goods,goods,goods,goods,goods,goods,goods,goods,goods,goods,goods,goods,goods,goods,goods,goods,goods,goods,goods,goods,goods,goods,goods,goods,goods,goods
rail_687,both,both,both,both,both,both,both,both,both,both,both,both,both,both,both,both,both,both,both,both,both,both,both,both,both,both,both,both,both,both,both
rail_688,passenger,passenger,passenger,passenger,passenger,passenger,passenger,passenger,passenger,passenger,passenger,passenger,passenger,passenger,passenger,passenger,passenger,passenger,passenger,passenger,passenger,passenger,passenger,passenger,passenger,passenger,passenger,passenger,passenger,passenger,passenger
rail_689,both,both,both,both,both,both,both,both,both,both,both,both,both,both,both,both,both,both,both,both,both,both,both,both,both,both,both,both,both,both,both
rail_690,goods,goods,goods,goods,goods,goods,goods,goods,goods,goods,goods,goods,goods,goods,goods,goods,goods,goods,goods,goods,goods,goods,goods,goods,goods,goods,goods,goods,goods,goods,goods
rail_691,both,both,both,both,both,both,both,both,both,both,both,both,both,both,both,both,both,both,both,both,both,both,both,both,both,both,both,both,both,both,both
rail_692,both,both,both,both,both,both,both,both,both,both,both,both,both,both,both,both,both,both,both,both,both,both,both,both,both,both,both,both,both,both,both
rail_693,goods,goods,goods,goods,goods,goods,goods,goods,goods,goods,goods,goods,goods,goods,goods,goods,goods,goods,goods,goods,goods,goods,goods,goods,goods,goods,goods,goods,goods,goods,goods
rail_694,goods,goods,goods,goods,goods,goods,goods,goods,goods,goods,goods,goods,goods,goods,goods,goods,goods,goods,goods,goods,goods,goods,goods,goods,goods,goods,goods,goods,goods,goods,goods
rail_695,both,both,both,both,both,both,both,both,both,both,both,both,both,both,both,both,both,both,both,both,both,both,both,both,both,both,both,both,both,both,both
rail_696,passenger,passenger,passenger,passenger,passenger,passenger,passenger,passenger,passenger,passenger,passenger,passenger,passenger,passenger,passenger,passenger,passenger,passenger,passenger,passenger,passenger,passenger,passenger,passenger,passenger,passenger,passenger,passenger,passenger,passenger,passenger
rail_697,passenger,passenger,passenger,passenger,passenger,passenger,passenger,passenger,passenger,passenger,passenger,passenger,passenger,passenger,passenger,passenger,passenger,passenger,passenger,passenger,passenger,passenger,passenger,passenger,passenger,passenger,passenger,passenger,passenger,passenger,passenger
rail_698,both,both,both,both,both,both,both,both,both,both,both,both,both,both,both,both,both,both,both,both,both,both,both,both,both,both,both,both,both,both,both
rail_699,both,both,both,both,both,both,both,both,both,both,both,both,both,both,both,both,both,both,both,both,both,both,both,both,both,both,both,both,both,both,both
rail_700,both,both,both,both,both,both,both,both,both,both,both,both,both,both,both,both,both,both,both,both,both,both,both,both,both,both,both,both,both,both,both
rail_701,both,both,both,both,both,both,both,both,both,both,both,both,both,both,both,both,both,both,both,both,both,both,both,both,both,both,both,both,both,both,both
rail_702,both,both,both,both,both,both,both,both,both,both,both,both,both,both,both,both,both,both,both,both,both,both,both,both,both,both,both,both,both,both,both
rail_703,both,both,both,both,both,both,both,both,both,both,both,both,both,both,both,both,both,both,both,both,both,both,both,both,both,both,both,both,both,both,both
rail_704,both,both,both,both,both,both,both,both,both,both,both,both,both,both,both,both,both,both,both,both,both,both,both,both,both,both,both,both,both,both,both
rail_705,passenger,passenger,passenger,passenger,passenger,passenger,passenger,passenger,passenger,passenger,passenger,passenger,passenger,passenger,passenger,passenger,passenger,passenger,passenger,passenger,passenger,passenger,passenger,passenger,passenger,passenger,passenger,passenger,passenger,passenger,passenger
rail_706,passenger,passenger,passenger,passenger,passenger,passenger,passenger,passenger,passenger,passenger,passenger,passenger,passenger,passenger,passenger,passenger,passenger,passenger,passenger,passenger,passenger,passenger,passenger,passenger,passenger,passenger,passenger,passenger,passenger,passenger,passenger
rail_707,goods,goods,goods,goods,goods,goods,goods,goods,goods,goods,goods,goods,goods,goods,goods,goods,goods,goods,goods,goods,both,both,both,both,both,both,both,both,both,both,both
rail_708,goods,goods,goods,goods,goods,goods,goods,goods,goods,goods,goods,goods,goods,goods,goods,goods,goods,goods,goods,goods,both,both,both,both,both,both,both,both,both,both,both
rail_709,passenger,passenger,passenger,passenger,passenger,passenger,passenger,passenger,passenger,passenger,passenger,passenger,passenger,passenger,passenger,passenger,passenger,passenger,passenger,passenger,passenger,passenger,passenger,passenger,passenger,passenger,passenger,passenger,passenger,passenger,passenger
rail_710,both,both,both,both,both,both,both,both,both,both,both,both,both,both,both,both,both,both,both,both,both,both,both,both,both,both,both,both,both,both,both
rail_711,both,both,both,both,both,both,both,both,both,both,both,both,both,both,both,both,both,both,both,both,both,both,both,both,both,both,both,both,both,both,both
rail_712,both,both,both,both,both,both,both,both,both,both,both,both,both,both,both,both,both,both,both,both,both,both,both,both,both,both,both,both,both,both,both
rail_713,both,both,both,both,both,both,both,both,both,both,both,both,both,both,both,both,both,both,both,both,both,both,both,both,both,both,both,both,both,both,both
rail_714,both,both,both,both,both,both,both,both,both,both,both,both,both,both,both,both,both,both,both,both,both,both,both,both,both,both,both,both,both,both,both
rail_715,both,both,both,both,both,both,both,both,both,both,both,both,both,both,both,both,both,both,both,both,both,both,both,both,both,both,both,both,both,both,both
rail_716,both,both,both,both,both,both,both,both,both,both,both,both,both,both,both,both,both,both,both,both,both,both,both,both,both,both,both,both,both,both,both
rail_717,both,both,both,both,both,both,both,both,both,both,both,both,both,both,both,both,both,both,both,both,both,both,both,both,both,both,both,both,both,both,both
rail_718,both,both,both,both,both,both,both,both,both,both,both,both,both,both,both,both,both,both,both,both,both,both,both,both,both,both,both,both,both,both,both
rail_719,both,both,both,both,both,both,both,both,both,both,both,both,both,both,both,both,both,both,both,both,both,both,both,both,both,both,both,both,both,both,both
rail_720,both,both,both,both,both,both,both,both,both,both,both,both,both,both,both,both,both,both,both,both,both,both,both,both,both,both,both,both,both,both,both
rail_721,both,both,both,both,both,both,both,both,both,both,both,both,both,both,both,both,both,both,both,both,both,both,both,both,both,both,both,both,both,both,both
rail_722,passenger,passenger,passenger,passenger,passenger,passenger,passenger,passenger,passenger,passenger,passenger,passenger,passenger,passenger,passenger,passenger,passenger,passenger,passenger,passenger,passenger,passenger,passenger,passenger,passenger,passenger,passenger,passenger,passenger,passenger,passenger
rail_723,both,both,both,both,both,both,both,both,both,both,both,both,both,both,both,both,both,both,both,both,both,both,both,both,both,both,both,both,both,both,both
rail_724,both,both,both,both,both,both,both,both,both,both,both,both,both,both,both,both,both,both,both,both,both,both,both,both,both,both,both,both,both,both,both
rail_725,both,both,both,both,both,both,both,both,both,both,both,both,both,both,both,both,both,both,both,both,both,both,both,both,both,both,both,both,both,both,both
rail_726,both,both,both,both,both,both,both,both,both,both,both,both,both,both,both,both,both,both,both,both,both,both,both,both,both,both,both,both,both,both,both
rail_727,passenger,passenger,passenger,passenger,passenger,passenger,passenger,passenger,passenger,passenger,passenger,passenger,passenger,passenger,passenger,passenger,passenger,passenger,passenger,passenger,passenger,passenger,passenger,passenger,passenger,passenger,passenger,passenger,passenger,passenger,passenger
rail_728,goods,goods,goods,goods,goods,goods,goods,goods,goods,goods,goods,goods,goods,goods,goods,goods,goods,goods,goods,goods,goods,goods,goods,goods,both,both,both,both,both,both,both
rail_729,both,both,both,both,both,both,both,both,both,both,both,both,both,both,both,both,both,both,both,both,both,both,both,both,both,both,both,both,both,both,both
rail_730,both,both,both,both,both,both,both,both,both,both,both,both,both,both,both,both,both,both,both,both,both,both,both,both,both,both,both,both,both,both,both
rail_731,passenger,passenger,passenger,passenger,passenger,passenger,passenger,passenger,passenger,passenger,passenger,passenger,passenger,passenger,passenger,passenger,passenger,passenger,passenger,passenger,passenger,passenger,passenger,passenger,passenger,passenger,passenger,passenger,passenger,passenger,passenger
rail_732,passenger,passenger,passenger,passenger,passenger,passenger,passenger,passenger,passenger,passenger,passenger,passenger,passenger,passenger,passenger,passenger,passenger,passenger,passenger,passenger,passenger,passenger,passenger,passenger,passenger,passenger,passenger,passenger,passenger,passenger,passenger
rail_733,both,both,both,both,both,both,both,both,both,both,both,both,both,both,both,both,both,both,both,both,both,both,both,both,both,both,both,both,both,both,both
rail_734,both,both,both,both,both,both,both,both,both,both,both,both,both,both,both,both,both,both,both,both,both,both,both,both,both,both,both,both,both,both,both
rail_735,passenger,passenger,passenger,passenger,passenger,passenger,passenger,passenger,passenger,passenger,passenger,passenger,passenger,passenger,passenger,passenger,passenger,passenger,passenger,passenger,passenger,passenger,passenger,passenger,passenger,passenger,passenger,passenger,passenger,passenger,passenger
rail_736,passenger,passenger,passenger,passenger,passenger,passenger,passenger,passenger,passenger,passenger,passenger,passenger,passenger,passenger,passenger,passenger,passenger,passenger,passenger,passenger,passenger,passenger,passenger,passenger,passenger,passenger,passenger,passenger,passenger,passenger,passenger
rail_737,goods,goods,goods,goods,goods,goods,goods,goods,goods,goods,goods,goods,goods,goods,goods,goods,goods,goods,goods,goods,goods,goods,goods,goods,goods,goods,goods,goods,goods,goods,goods
rail_738,goods,goods,goods,goods,goods,goods,goods,goods,goods,goods,goods,goods,goods,goods,goods,goods,goods,goods,goods,goods,goods,goods,goods,goods,goods,goods,goods,goods,goods,goods,goods
rail_739,goods,goods,goods,goods,goods,goods,goods,goods,goods,goods,goods,goods,goods,goods,goods,goods,goods,goods,goods,goods,goods,goods,goods,goods,goods,goods,goods,goods,goods,goods,goods
rail_740,goods,goods,goods,goods,goods,goods,goods,goods,goods,goods,goods,goods,goods,goods,goods,goods,goods,goods,goods,goods,goods,goods,goods,goods,goods,goods,goods,goods,goods,goods,goods
rail_741,goods,goods,goods,goods,goods,goods,goods,goods,goods,goods,goods,goods,goods,goods,goods,goods,goods,goods,goods,goods,goods,goods,goods,goods,goods,goods,goods,goods,goods,goods,goods
rail_742,goods,goods,goods,goods,goods,goods,goods,goods,goods,goods,goods,goods,goods,goods,goods,goods,goods,goods,goods,goods,goods,goods,goods,goods,goods,goods,goods,goods,goods,goods,goods
rail_743,goods,goods,goods,goods,goods,goods,goods,goods,goods,goods,goods,goods,goods,goods,goods,goods,goods,goods,goods,goods,goods,goods,goods,goods,goods,goods,goods,goods,goods,goods,goods
rail_744,goods,goods,goods,goods,goods,goods,goods,goods,goods,goods,goods,goods,goods,goods,goods,goods,goods,goods,goods,goods,goods,goods,goods,goods,goods,goods,goods,goods,goods,goods,goods
rail_745,goods,goods,goods,goods,goods,goods,goods,goods,goods,goods,goods,goods,goods,goods,goods,goods,goods,goods,goods,goods,goods,goods,goods,goods,goods,goods,goods,goods,goods,goods,goods
rail_746,goods,goods,goods,goods,goods,goods,goods,goods,goods,goods,goods,goods,goods,goods,goods,goods,goods,goods,goods,goods,goods,goods,goods,goods,goods,goods,goods,goods,goods,goods,goods
rail_747,both,both,both,both,both,both,both,both,both,both,both,both,both,both,both,both,both,both,both,both,both,both,both,both,both,both,both,both,both,both,both
rail_748,passenger,passenger,passenger,passenger,passenger,passenger,passenger,passenger,passenger,passenger,passenger,passenger,passenger,passenger,passenger,passenger,passenger,passenger,passenger,passenger,passenger,passenger,passenger,passenger,passenger,passenger,passenger,passenger,passenger,passenger,passenger
rail_749,passenger,passenger,passenger,passenger,passenger,passenger,passenger,passenger,passenger,passenger,passenger,passenger,passenger,passenger,passenger,passenger,passenger,passenger,passenger,passenger,passenger,passenger,passenger,passenger,passenger,passenger,passenger,passenger,passenger,passenger,passenger
rail_750,both,both,both,both,both,both,both,both,both,both,both,both,both,both,both,both,both,both,both,both,both,both,both,both,both,both,both,both,both,both,both
rail_751,both,both,both,both,both,both,both,both,both,both,both,both,both,both,both,both,both,both,both,both,both,both,both,both,both,both,both,both,both,both,both
rail_752,passenger,passenger,passenger,passenger,passenger,passenger,passenger,passenger,passenger,passenger,passenger,passenger,passenger,passenger,passenger,passenger,passenger,passenger,passenger,passenger,passenger,passenger,passenger,passenger,passenger,passenger,passenger,passenger,passenger,passenger,passenger
rail_753,passenger,passenger,passenger,passenger,passenger,passenger,passenger,passenger,passenger,passenger,passenger,passenger,passenger,passenger,passenger,passenger,passenger,passenger,passenger,passenger,passenger,passenger,passenger,passenger,passenger,passenger,passenger,passenger,passenger,passenger,passenger
rail_754,both,both,both,both,both,both,both,both,both,both,both,both,both,both,both,both,both,both,both,both,both,both,both,both,both,both,both,both,both,both,both
rail_755,both,both,both,both,both,both,both,both,both,both,both,both,both,both,both,both,both,both,both,both,both,both,both,both,both,both,both,both,both,both,both
rail_756,both,both,both,both,both,both,both,both,both,both,both,both,both,both,both,both,both,both,both,both,both,both,both,both,both,both,both,both,both,both,both
rail_757,both,both,both,both,both,both,both,both,both,both,both,both,both,both,both,both,both,both,both,both,both,both,both,both,both,both,both,both,both,both,both
rail_758,both,both,both,both,both,both,both,both,both,both,both,both,both,both,both,both,both,both,both,both,both,both,both,both,both,both,both,both,both,both,both
rail_759,passenger,passenger,passenger,passenger,passenger,passenger,passenger,passenger,passenger,passenger,passenger,passenger,passenger,passenger,passenger,passenger,passenger,passenger,passenger,passenger,passenger,passenger,passenger,passenger,passenger,passenger,passenger,passenger,passenger,passenger,passenger
rail_760,passenger,passenger,passenger,passenger,passenger,passenger,passenger,passenger,passenger,passenger,passenger,passenger,passenger,passenger,passenger,passenger,passenger,passenger,passenger,passenger,passenger,passenger,passenger,passenger,passenger,passenger,passenger,passenger,passenger,passenger,passenger
rail_761,passenger,passenger,passenger,passenger,passenger,passenger,passenger,passenger,passenger,passenger,passenger,passenger,passenger,passenger,passenger,passenger,passenger,passenger,passenger,passenger,passenger,passenger,passenger,passenger,passenger,passenger,passenger,passenger,passenger,passenger,passenger
rail_762,passenger,passenger,passenger,passenger,passenger,passenger,passenger,passenger,passenger,passenger,passenger,passenger,passenger,passenger,passenger,passenger,passenger,passenger,passenger,passenger,passenger,passenger,passenger,passenger,passenger,passenger,passenger,passenger,passenger,passenger,passenger
rail_763,passenger,passenger,passenger,passenger,passenger,passenger,passenger,passenger,passenger,passenger,passenger,passenger,passenger,passenger,passenger,passenger,passenger,passenger,passenger,passenger,passenger,passenger,passenger,passenger,passenger,passenger,passenger,passenger,passenger,passenger,passenger
rail_764,passenger,passenger,passenger,passenger,passenger,passenger,passenger,passenger,passenger,passenger,passenger,passenger,passenger,passenger,passenger,passenger,passenger,passenger,passenger,passenger,passenger,passenger,passenger,passenger,passenger,passenger,passenger,passenger,passenger,passenger,passenger
rail_765,passenger,passenger,passenger,passenger,passenger,passenger,passenger,passenger,passenger,passenger,passenger,passenger,passenger,passenger,passenger,passenger,passenger,passenger,passenger,passenger,passenger,passenger,passenger,passenger,passenger,passenger,passenger,passenger,passenger,passenger,passenger
rail_766,goods,goods,goods,goods,goods,goods,goods,goods,goods,goods,goods,goods,goods,goods,goods,goods,goods,goods,goods,goods,goods,goods,goods,goods,goods,goods,goods,goods,goods,goods,goods
rail_767,goods,goods,goods,goods,goods,goods,goods,goods,goods,goods,goods,goods,goods,goods,goods,goods,goods,goods,goods,goods,goods,goods,goods,goods,goods,goods,goods,goods,goods,goods,goods
rail_768,passenger,passenger,passenger,passenger,passenger,passenger,passenger,passenger,passenger,passenger,passenger,passenger,passenger,passenger,passenger,passenger,passenger,passenger,passenger,passenger,passenger,passenger,passenger,passenger,passenger,passenger,passenger,passenger,passenger,passenger,passenger
rail_769,both,both,both,both,both,both,both,both,both,both,both,both,both,both,both,both,both,both,both,both,both,both,both,both,both,both,both,both,both,both,both
rail_770,passenger,passenger,passenger,passenger,passenger,passenger,passenger,passenger,passenger,passenger,passenger,passenger,passenger,passenger,passenger,passenger,passenger,passenger,passenger,passenger,passenger,passenger,passenger,passenger,passenger,passenger,passenger,passenger,passenger,passenger,passenger
rail_771,passenger,passenger,passenger,passenger,passenger,passenger,passenger,passenger,passenger,passenger,passenger,passenger,passenger,passenger,passenger,passenger,passenger,passenger,passenger,passenger,passenger,passenger,passenger,passenger,passenger,passenger,passenger,passenger,passenger,passenger,passenger
rail_772,passenger,passenger,passenger,passenger,passenger,passenger,passenger,passenger,passenger,passenger,passenger,passenger,passenger,passenger,passenger,passenger,passenger,passenger,passenger,passenger,passenger,passenger,passenger,passenger,passenger,passenger,passenger,passenger,passenger,passenger,passenger
rail_773,goods,goods,goods,goods,goods,goods,goods,goods,goods,goods,goods,goods,goods,goods,goods,goods,goods,goods,goods,goods,goods,goods,goods,goods,goods,goods,goods,goods,goods,goods,goods
rail_774,goods,goods,goods,goods,goods,goods,goods,goods,goods,goods,goods,goods,goods,goods,goods,goods,goods,goods,goods,goods,goods,goods,goods,goods,goods,goods,goods,goods,goods,goods,goods
rail_775,goods,goods,goods,goods,goods,goods,goods,goods,goods,goods,goods,goods,goods,goods,goods,goods,goods,goods,goods,goods,goods,goods,goods,goods,goods,goods,goods,goods,goods,goods,goods
rail_776,goods,goods,goods,goods,goods,goods,goods,goods,goods,goods,goods,goods,goods,goods,goods,goods,goods,goods,goods,goods,goods,goods,goods,goods,goods,goods,goods,goods,goods,goods,goods
rail_777,both,both,both,both,both,both,both,both,both,both,both,both,both,both,both,both,both,both,both,both,both,both,both,both,both,both,both,both,both,both,both
rail_778,both,both,both,both,both,both,both,both,both,both,both,both,both,both,both,both,both,both,both,both,both,both,both,both,both,both,both,both,both,both,both
rail_779,both,both,both,both,both,both,both,both,both,both,both,both,both,both,both,both,both,both,both,both,both,both,both,both,both,both,both,both,both,both,both
rail_780,both,both,both,both,both,both,both,both,both,both,both,both,both,both,both,both,both,both,both,both,both,both,both,both,both,both,both,both,both,both,both
rail_781,both,both,both,both,both,both,both,both,both,both,both,both,both,both,both,both,both,both,both,both,both,both,both,both,both,both,both,both,both,both,both
rail_782,both,both,both,both,both,both,both,both,both,both,both,both,both,both,both,both,both,both,both,both,both,both,both,both,both,both,both,both,both,both,both
rail_783,both,both,both,both,both,both,both,both,both,both,both,both,both,both,both,both,both,both,both,both,both,both,both,both,both,both,both,both,both,both,both
rail_784,both,both,both,both,both,both,both,both,both,both,both,both,both,both,both,both,both,both,both,both,both,both,both,both,both,both,both,both,both,both,both
rail_785,both,both,both,both,both,both,both,both,both,both,both,both,both,both,both,both,both,both,both,both,both,both,both,both,both,both,both,both,both,both,both
rail_786,passenger,passenger,passenger,passenger,passenger,passenger,passenger,passenger,passenger,passenger,passenger,passenger,passenger,passenger,passenger,passenger,passenger,passenger,passenger,passenger,passenger,passenger,passenger,passenger,passenger,passenger,passenger,passenger,passenger,passenger,passenger
rail_787,passenger,passenger,passenger,passenger,passenger,passenger,passenger,passenger,passenger,passenger,passenger,passenger,passenger,passenger,passenger,passenger,passenger,passenger,passenger,passenger,passenger,passenger,passenger,passenger,passenger,passenger,passenger,passenger,passenger,passenger,passenger
rail_788,both,both,both,both,both,both,both,both,both,both,both,both,both,both,both,both,both,both,both,both,both,both,both,both,both,both,both,both,both,both,both
rail_789,passenger,passenger,passenger,passenger,passenger,passenger,passenger,passenger,passenger,passenger,passenger,passenger,passenger,passenger,passenger,passenger,passenger,passenger,passenger,passenger,passenger,passenger,passenger,passenger,passenger,passenger,passenger,passenger,passenger,passenger,passenger
rail_790,both,both,both,both,both,both,both,both,both,both,both,both,both,both,both,both,both,both,both,both,both,both,both,both,both,both,both,both,both,both,both
rail_791,both,both,both,both,both,both,both,both,both,both,both,both,both,both,both,both,both,both,both,both,both,both,both,both,both,both,both,both,both,both,both
rail_792,both,both,both,both,both,both,both,both,both,both,both,both,both,both,both,both,both,both,both,both,both,both,both,both,both,both,both,both,both,both,both
rail_793,both,both,both,both,both,both,both,both,both,both,both,both,both,both,both,both,both,both,both,both,both,both,both,both,both,both,both,both,both,both,both
rail_794,both,both,both,both,both,both,both,both,both,both,both,both,both,both,both,both,both,both,both,both,both,both,both,both,both,both,both,both,both,both,both
rail_795,both,both,both,both,both,both,both,both,both,both,both,both,both,both,both,both,both,both,both,both,both,both,both,both,both,both,both,both,both,both,both
rail_796,both,both,both,both,both,both,both,both,both,both,both,both,both,both,both,both,both,both,both,both,both,both,both,both,both,both,both,both,both,both,both
rail_797,both,both,both,both,both,both,both,both,both,both,both,both,both,both,both,both,both,both,both,both,both,both,both,both,both,both,both,both,both,both,both
rail_798,both,both,both,both,both,both,both,both,both,both,both,both,both,both,both,both,both,both,both,both,both,both,both,both,both,both,both,both,both,both,both
rail_799,both,both,both,both,both,both,both,both,both,both,both,both,both,both,both,both,both,both,both,both,both,both,both,both,both,both,both,both,both,both,both
rail_800,both,both,both,both,both,both,both,both,both,both,both,both,both,both,both,both,both,both,both,both,both,both,both,both,both,both,both,both,both,both,both
rail_801,passenger,passenger,passenger,passenger,passenger,passenger,passenger,passenger,passenger,passenger,passenger,passenger,passenger,passenger,passenger,passenger,passenger,passenger,passenger,passenger,passenger,passenger,passenger,passenger,passenger,passenger,passenger,passenger,passenger,passenger,passenger
rail_802,passenger,passenger,passenger,passenger,passenger,passenger,passenger,passenger,passenger,passenger,passenger,passenger,passenger,passenger,passenger,passenger,passenger,passenger,passenger,passenger,passenger,passenger,passenger,passenger,passenger,passenger,passenger,passenger,passenger,passenger,passenger
rail_803,passenger,passenger,passenger,passenger,passenger,passenger,passenger,passenger,passenger,passenger,passenger,passenger,passenger,passenger,passenger,passenger,passenger,passenger,passenger,passenger,passenger,passenger,passenger,passenger,passenger,passenger,passenger,passenger,passenger,passenger,passenger
rail_804,passenger,passenger,passenger,passenger,passenger,passenger,passenger,passenger,passenger,passenger,passenger,passenger,passenger,passenger,passenger,passenger,passenger,passenger,passenger,passenger,passenger,passenger,passenger,passenger,passenger,passenger,passenger,passenger,passenger,passenger,passenger
rail_805,passenger,passenger,passenger,passenger,passenger,passenger,passenger,passenger,passenger,passenger,passenger,passenger,passenger,passenger,passenger,passenger,passenger,passenger,passenger,passenger,passenger,passenger,passenger,passenger,passenger,passenger,passenger,passenger,passenger,passenger,passenger
rail_806,passenger,passenger,passenger,passenger,passenger,passenger,passenger,passenger,passenger,passenger,passenger,passenger,passenger,passenger,passenger,passenger,passenger,passenger,passenger,passenger,passenger,passenger,passenger,passenger,passenger,passenger,passenger,passenger,passenger,passenger,passenger
rail_807,passenger,passenger,passenger,passenger,passenger,passenger,passenger,passenger,passenger,passenger,passenger,passenger,passenger,passenger,passenger,passenger,passenger,passenger,passenger,passenger,passenger,passenger,passenger,passenger,passenger,passenger,passenger,passenger,passenger,passenger,passenger
rail_808,both,both,both,both,both,both,both,both,both,both,both,both,both,both,both,both,both,both,both,both,both,both,both,both,both,both,both,both,both,both,both
rail_809,goods,goods,goods,goods,goods,goods,goods,goods,goods,goods,goods,goods,goods,goods,goods,goods,goods,goods,goods,goods,goods,goods,goods,goods,goods,goods,goods,goods,goods,goods,goods
rail_810,goods,goods,goods,goods,goods,goods,goods,goods,goods,goods,goods,goods,goods,goods,goods,goods,goods,goods,goods,goods,goods,goods,goods,goods,goods,goods,goods,goods,goods,goods,goods
rail_811,passenger,passenger,passenger,passenger,passenger,passenger,passenger,passenger,passenger,passenger,passenger,passenger,passenger,passenger,passenger,passenger,passenger,passenger,passenger,passenger,passenger,passenger,passenger,passenger,passenger,passenger,passenger,passenger,passenger,passenger,passenger
rail_812,passenger,passenger,passenger,passenger,passenger,passenger,passenger,passenger,passenger,passenger,passenger,passenger,passenger,passenger,passenger,passenger,passenger,passenger,passenger,passenger,passenger,passenger,passenger,passenger,passenger,passenger,passenger,passenger,passenger,passenger,passenger
rail_813,both,both,both,both,both,both,both,both,both,both,both,both,both,both,both,both,both,both,both,both,both,both,both,both,both,both,both,both,both,both,both
rail_814,both,both,both,both,both,both,both,both,both,both,both,both,both,both,both,both,both,both,both,both,both,both,both,both,both,both,both,both,both,both,both
rail_815,passenger,passenger,passenger,passenger,passenger,passenger,passenger,passenger,passenger,passenger,passenger,passenger,passenger,passenger,passenger,passenger,passenger,passenger,passenger,passenger,passenger,passenger,passenger,passenger,passenger,passenger,passenger,passenger,passenger,passenger,passenger
rail_816,passenger,passenger,passenger,passenger,passenger,passenger,passenger,passenger,passenger,passenger,passenger,passenger,passenger,passenger,passenger,passenger,passenger,passenger,passenger,passenger,passenger,passenger,passenger,passenger,passenger,passenger,passenger,passenger,passenger,passenger,passenger
rail_817,passenger,passenger,passenger,passenger,passenger,passenger,passenger,passenger,passenger,passenger,passenger,passenger,passenger,passenger,passenger,passenger,passenger,passenger,passenger,passenger,passenger,passenger,passenger,passenger,passenger,passenger,passenger,passenger,passenger,passenger,passenger
rail_818,both,both,both,both,both,both,both,both,both,both,both,both,both,both,both,both,both,both,both,both,both,both,both,both,both,both,both,both,both,both,both
rail_819,passenger,passenger,passenger,passenger,passenger,passenger,passenger,passenger,passenger,passenger,passenger,passenger,passenger,passenger,passenger,passenger,passenger,passenger,passenger,passenger,passenger,passenger,passenger,passenger,passenger,passenger,passenger,passenger,passenger,passenger,passenger
rail_820,both,both,both,both,both,both,both,both,both,both,both,both,both,both,both,both,both,both,both,both,both,both,both,both,both,both,both,both,both,both,both
rail_821,passenger,passenger,passenger,passenger,passenger,passenger,passenger,passenger,passenger,passenger,passenger,passenger,passenger,passenger,passenger,passenger,passenger,passenger,passenger,passenger,passenger,passenger,passenger,passenger,passenger,passenger,passenger,passenger,passenger,passenger,passenger
rail_822,passenger,passenger,passenger,passenger,passenger,passenger,passenger,passenger,passenger,passenger,passenger,passenger,passenger,passenger,passenger,passenger,passenger,passenger,passenger,passenger,passenger,passenger,passenger,passenger,passenger,passenger,passenger,passenger,passenger,passenger,passenger
rail_823,passenger,passenger,passenger,passenger,passenger,passenger,passenger,passenger,passenger,passenger,passenger,passenger,passenger,passenger,passenger,passenger,passenger,passenger,passenger,passenger,passenger,passenger,passenger,passenger,passenger,passenger,passenger,passenger,passenger,passenger,passenger
rail_824,passenger,passenger,passenger,passenger,passenger,passenger,passenger,passenger,passenger,passenger,passenger,passenger,passenger,passenger,passenger,passenger,passenger,passenger,passenger,passenger,passenger,passenger,passenger,passenger,passenger,passenger,passenger,passenger,passenger,passenger,passenger
rail_825,both,both,both,both,both,both,both,both,both,both,both,both,both,both,both,both,both,both,both,both,both,both,both,both,both,both,both,both,both,both,both
rail_826,both,both,both,both,both,both,both,both,both,both,both,both,both,both,both,both,both,both,both,both,both,both,both,both,both,both,both,both,both,both,both
rail_827,passenger,passenger,passenger,passenger,passenger,passenger,passenger,passenger,passenger,passenger,passenger,passenger,passenger,passenger,passenger,passenger,passenger,passenger,passenger,passenger,passenger,passenger,passenger,passenger,passenger,passenger,passenger,passenger,passenger,passenger,passenger
rail_828,both,both,both,both,both,both,both,both,both,both,both,both,both,both,both,both,both,both,both,both,both,both,both,both,both,both,both,both,both,both,both
rail_829,passenger,passenger,passenger,passenger,passenger,passenger,passenger,passenger,passenger,passenger,passenger,passenger,passenger,passenger,passenger,passenger,passenger,passenger,passenger,passenger,passenger,passenger,passenger,passenger,passenger,passenger,passenger,passenger,passenger,passenger,passenger
rail_830,passenger,passenger,passenger,passenger,passenger,passenger,passenger,passenger,passenger,passenger,passenger,passenger,passenger,passenger,passenger,passenger,passenger,passenger,passenger,passenger,passenger,passenger,passenger,passenger,passenger,passenger,passenger,passenger,passenger,passenger,passenger
rail_831,both,both,both,both,both,both,both,both,both,both,both,both,both,both,both,both,both,both,both,both,both,both,both,both,both,both,both,both,both,both,both
rail_832,both,both,both,both,both,both,both,both,both,both,both,both,both,both,both,both,both,both,both,both,both,both,both,both,both,both,both,both,both,both,both
rail_833,both,both,both,both,both,both,both,both,both,both,both,both,both,both,both,both,both,both,both,both,both,both,both,both,both,both,both,both,both,both,both
rail_834,both,both,both,both,both,both,both,both,both,both,both,both,both,both,both,both,both,both,both,both,both,both,both,both,both,both,both,both,both,both,both
rail_835,passenger,passenger,passenger,passenger,passenger,passenger,passenger,passenger,passenger,passenger,passenger,passenger,passenger,passenger,passenger,passenger,passenger,passenger,passenger,passenger,passenger,passenger,passenger,passenger,passenger,passenger,passenger,passenger,passenger,passenger,passenger
rail_836,both,both,both,both,both,both,both,both,both,both,both,both,both,both,both,both,both,both,both,both,both,both,both,both,both,both,both,both,both,both,both
rail_837,passenger,passenger,passenger,passenger,passenger,passenger,passenger,passenger,passenger,passenger,passenger,passenger,passenger,passenger,passenger,passenger,passenger,passenger,passenger,passenger,passenger,passenger,passenger,passenger,passenger,passenger,passenger,passenger,passenger,passenger,passenger
rail_838,passenger,passenger,passenger,passenger,passenger,passenger,passenger,passenger,passenger,passenger,passenger,passenger,passenger,passenger,passenger,passenger,passenger,passenger,passenger,passenger,passenger,passenger,passenger,passenger,passenger,passenger,passenger,passenger,passenger,passenger,passenger
rail_839,both,both,both,both,both,both,both,both,both,both,both,both,both,both,both,both,both,both,both,both,both,both,both,both,both,both,both,both,both,both,both
rail_840,passenger,passenger,passenger,passenger,passenger,passenger,passenger,passenger,passenger,passenger,passenger,passenger,passenger,passenger,passenger,passenger,passenger,passenger,passenger,passenger,passenger,passenger,passenger,passenger,passenger,passenger,passenger,passenger,passenger,passenger,passenger
rail_841,passenger,passenger,passenger,passenger,passenger,passenger,passenger,passenger,passenger,passenger,passenger,passenger,passenger,passenger,passenger,passenger,passenger,passenger,passenger,passenger,passenger,passenger,passenger,passenger,passenger,passenger,passenger,passenger,passenger,passenger,passenger
rail_842,both,both,both,both,both,both,both,both,both,both,both,both,both,both,both,both,both,both,both,both,both,both,both,both,both,both,both,both,both,both,both
rail_843,both,both,both,both,both,both,both,both,both,both,both,both,both,both,both,both,both,both,both,both,both,both,both,both,both,both,both,both,both,both,both
rail_844,both,both,both,both,both,both,both,both,both,both,both,both,both,both,both,both,both,both,both,both,both,both,both,both,both,both,both,both,both,both,both
rail_845,both,both,both,both,both,both,both,both,both,both,both,both,both,both,both,both,both,both,both,both,both,both,both,both,both,both,both,both,both,both,both
rail_846,passenger,passenger,passenger,passenger,passenger,passenger,passenger,passenger,passenger,passenger,passenger,passenger,passenger,passenger,passenger,passenger,passenger,passenger,passenger,passenger,passenger,passenger,passenger,passenger,passenger,passenger,passenger,passenger,passenger,passenger,passenger
rail_847,passenger,passenger,passenger,passenger,passenger,passenger,passenger,passenger,passenger,passenger,passenger,passenger,passenger,passenger,passenger,passenger,passenger,passenger,passenger,passenger,passenger,passenger,passenger,passenger,passenger,passenger,passenger,passenger,passenger,passenger,passenger
rail_848,passenger,passenger,passenger,passenger,passenger,passenger,passenger,passenger,passenger,passenger,passenger,passenger,passenger,passenger,passenger,passenger,passenger,passenger,passenger,passenger,passenger,passenger,passenger,passenger,passenger,passenger,passenger,passenger,passenger,passenger,passenger
rail_849,passenger,passenger,passenger,passenger,passenger,passenger,passenger,passenger,passenger,passenger,passenger,passenger,passenger,passenger,passenger,passenger,passenger,passenger,passenger,passenger,passenger,passenger,passenger,passenger,passenger,passenger,passenger,passenger,passenger,passenger,passenger
rail_850,passenger,passenger,passenger,passenger,passenger,passenger,passenger,passenger,passenger,passenger,passenger,passenger,passenger,passenger,passenger,passenger,passenger,passenger,passenger,passenger,passenger,passenger,passenger,passenger,passenger,passenger,passenger,passenger,passenger,passenger,passenger
rail_851,passenger,passenger,passenger,passenger,passenger,passenger,passenger,passenger,passenger,passenger,passenger,passenger,passenger,passenger,passenger,passenger,passenger,passenger,passenger,passenger,passenger,passenger,passenger,passenger,passenger,passenger,passenger,passenger,passenger,passenger,passenger
rail_852,passenger,passenger,passenger,passenger,passenger,passenger,passenger,passenger,passenger,passenger,passenger,passenger,passenger,passenger,passenger,passenger,passenger,passenger,passenger,passenger,passenger,passenger,passenger,passenger,passenger,passenger,passenger,passenger,passenger,passenger,passenger
rail_853,passenger,passenger,passenger,passenger,passenger,passenger,passenger,passenger,passenger,passenger,passenger,passenger,passenger,passenger,passenger,passenger,passenger,passenger,passenger,passenger,passenger,passenger,passenger,passenger,passenger,passenger,passenger,passenger,passenger,passenger,passenger
rail_854,passenger,passenger,passenger,passenger,passenger,passenger,passenger,passenger,passenger,passenger,passenger,passenger,passenger,passenger,passenger,passenger,passenger,passenger,passenger,passenger,passenger,passenger,passenger,passenger,passenger,passenger,passenger,passenger,passenger,passenger,passenger
rail_855,passenger,passenger,passenger,passenger,passenger,passenger,passenger,passenger,passenger,passenger,passenger,passenger,passenger,passenger,passenger,passenger,passenger,passenger,passenger,passenger,passenger,passenger,passenger,passenger,passenger,passenger,passenger,passenger,passenger,passenger,passenger
rail_856,both,both,both,both,both,both,both,both,both,both,both,both,both,both,both,both,both,both,both,both,both,both,both,both,both,both,both,both,both,both,both
rail_857,goods,goods,goods,goods,goods,goods,goods,goods,goods,goods,goods,goods,goods,goods,goods,goods,goods,goods,goods,goods,goods,goods,goods,goods,goods,goods,goods,goods,goods,goods,goods
rail_858,passenger,passenger,passenger,passenger,passenger,passenger,passenger,passenger,passenger,passenger,passenger,passenger,passenger,passenger,passenger,passenger,passenger,passenger,passenger,passenger,passenger,passenger,passenger,passenger,passenger,passenger,passenger,passenger,passenger,passenger,passenger
rail_859,both,both,both,both,both,both,both,both,both,both,both,both,both,both,both,both,both,both,both,both,both,both,both,both,both,both,both,both,both,both,both
rail_860,passenger,passenger,passenger,passenger,passenger,passenger,passenger,passenger,passenger,passenger,passenger,passenger,passenger,passenger,passenger,passenger,passenger,passenger,passenger,passenger,passenger,passenger,passenger,passenger,passenger,passenger,passenger,passenger,passenger,passenger,passenger
rail_861,passenger,passenger,passenger,passenger,passenger,passenger,passenger,passenger,passenger,passenger,passenger,passenger,passenger,passenger,passenger,passenger,passenger,passenger,passenger,passenger,passenger,passenger,passenger,passenger,passenger,passenger,passenger,passenger,passenger,passenger,passenger
rail_862,passenger,passenger,passenger,passenger,passenger,passenger,passenger,passenger,passenger,passenger,passenger,passenger,passenger,passenger,passenger,passenger,passenger,passenger,passenger,passenger,passenger,passenger,passenger,passenger,passenger,passenger,passenger,passenger,passenger,passenger,passenger
rail_863,passenger,passenger,passenger,passenger,passenger,passenger,passenger,passenger,passenger,passenger,passenger,passenger,passenger,passenger,passenger,passenger,passenger,passenger,passenger,passenger,passenger,passenger,passenger,passenger,passenger,passenger,passenger,passenger,passenger,passenger,passenger
rail_864,passenger,passenger,passenger,passenger,passenger,passenger,passenger,passenger,passenger,passenger,passenger,passenger,passenger,passenger,passenger,passenger,passenger,passenger,passenger,passenger,passenger,passenger,passenger,passenger,passenger,passenger,passenger,passenger,passenger,passenger,passenger
rail_865,passenger,passenger,passenger,passenger,passenger,passenger,passenger,passenger,passenger,passenger,passenger,passenger,passenger,passenger,passenger,passenger,passenger,passenger,passenger,passenger,passenger,passenger,passenger,passenger,passenger,passenger,passenger,passenger,passenger,passenger,passenger
rail_866,both,both,both,both,both,both,both,both,both,both,both,both,both,both,both,both,both,both,both,both,both,both,both,both,both,both,both,both,both,both,both
rail_867,passenger,passenger,passenger,passenger,passenger,passenger,passenger,passenger,passenger,passenger,passenger,passenger,passenger,passenger,passenger,passenger,passenger,passenger,passenger,passenger,passenger,passenger,passenger,passenger,passenger,passenger,passenger,passenger,passenger,passenger,passenger
rail_868,passenger,passenger,passenger,passenger,passenger,passenger,passenger,passenger,passenger,passenger,passenger,passenger,passenger,passenger,passenger,passenger,passenger,passenger,passenger,passenger,passenger,passenger,passenger,passenger,passenger,passenger,passenger,passenger,passenger,passenger,passenger
rail_869,passenger,passenger,passenger,passenger,passenger,passenger,passenger,passenger,passenger,passenger,passenger,passenger,passenger,passenger,passenger,passenger,passenger,passenger,passenger,passenger,passenger,passenger,passenger,passenger,passenger,passenger,passenger,passenger,passenger,passenger,passenger
rail_870,passenger,passenger,passenger,passenger,passenger,passenger,passenger,passenger,passenger,passenger,passenger,passenger,passenger,passenger,passenger,passenger,passenger,passenger,passenger,passenger,passenger,passenger,passenger,passenger,passenger,passenger,passenger,passenger,passenger,passenger,passenger
rail_871,passenger,passenger,passenger,passenger,passenger,passenger,passenger,passenger,passenger,passenger,passenger,passenger,passenger,passenger,passenger,passenger,passenger,passenger,passenger,passenger,passenger,passenger,passenger,passenger,passenger,passenger,passenger,passenger,passenger,passenger,passenger
rail_872,both,both,both,both,both,both,both,both,both,both,both,both,both,both,both,both,both,both,both,both,both,both,both,both,both,both,both,both,both,both,both
rail_873,both,both,both,both,both,both,both,both,both,both,both,both,both,both,both,both,both,both,both,both,both,both,both,both,both,both,both,both,both,both,both
rail_874,both,both,both,both,both,both,both,both,both,both,both,both,both,both,both,both,both,both,both,both,both,both,both,both,both,both,both,both,both,both,both
rail_875,both,both,both,both,both,both,both,both,both,both,both,both,both,both,both,both,both,both,both,both,both,both,both,both,both,both,both,both,both,both,both
rail_876,both,both,both,both,both,both,both,both,both,both,both,both,both,both,both,both,both,both,both,both,both,both,both,both,both,both,both,both,both,both,both
rail_877,both,both,both,both,both,both,both,both,both,both,both,both,both,both,both,both,both,both,both,both,both,both,both,both,both,both,both,both,both,both,both
rail_878,both,both,both,both,both,both,both,both,both,both,both,both,both,both,both,both,both,both,both,both,both,both,both,both,both,both,both,both,both,both,both
rail_879,both,both,both,both,both,both,both,both,both,both,both,both,both,both,both,both,both,both,both,both,both,both,both,both,both,both,both,both,both,both,both
rail_880,both,both,both,both,both,both,both,both,both,both,both,both,both,both,both,both,both,both,both,both,both,both,both,both,both,both,both,both,both,both,both
rail_881,both,both,both,both,both,both,both,both,both,both,both,both,both,both,both,both,both,both,both,both,both,both,both,both,both,both,both,both,both,both,both
rail_882,both,both,both,both,both,both,both,both,both,both,both,both,both,both,both,both,both,both,both,both,both,both,both,both,both,both,both,both,both,both,both
rail_883,both,both,both,both,both,both,both,both,both,both,both,both,both,both,both,both,both,both,both,both,both,both,both,both,both,both,both,both,both,both,both
rail_884,both,both,both,both,both,both,both,both,both,both,both,both,both,both,both,both,both,both,both,both,both,both,both,both,both,both,both,both,both,both,both
rail_885,both,both,both,both,both,both,both,both,both,both,both,both,both,both,both,both,both,both,both,both,both,both,both,both,both,both,both,both,both,both,both
rail_886,passenger,passenger,passenger,passenger,passenger,passenger,passenger,passenger,passenger,passenger,passenger,passenger,passenger,passenger,passenger,passenger,passenger,passenger,passenger,passenger,passenger,passenger,passenger,passenger,passenger,passenger,passenger,passenger,passenger,passenger,passenger
rail_887,goods,goods,goods,goods,goods,goods,goods,goods,goods,goods,goods,goods,goods,goods,goods,goods,goods,goods,goods,goods,goods,goods,goods,goods,goods,goods,goods,goods,goods,goods,goods
rail_888,goods,goods,goods,goods,goods,goods,goods,goods,goods,goods,goods,goods,goods,goods,goods,goods,goods,goods,goods,goods,goods,goods,goods,goods,goods,goods,goods,goods,goods,goods,goods
rail_889,passenger,passenger,passenger,passenger,passenger,passenger,passenger,passenger,passenger,passenger,passenger,passenger,passenger,passenger,passenger,passenger,passenger,passenger,passenger,passenger,passenger,passenger,passenger,passenger,passenger,passenger,passenger,passenger,passenger,passenger,passenger
rail_890,passenger,passenger,passenger,passenger,passenger,passenger,passenger,passenger,passenger,passenger,passenger,passenger,passenger,passenger,passenger,passenger,passenger,passenger,passenger,passenger,passenger,passenger,passenger,passenger,passenger,passenger,passenger,passenger,passenger,passenger,passenger
rail_891,passenger,passenger,passenger,passenger,passenger,passenger,passenger,passenger,passenger,passenger,passenger,passenger,passenger,passenger,passenger,passenger,passenger,passenger,passenger,passenger,passenger,passenger,passenger,passenger,passenger,passenger,passenger,passenger,passenger,passenger,passenger
rail_892,passenger,passenger,passenger,passenger,passenger,passenger,passenger,passenger,passenger,passenger,passenger,passenger,passenger,passenger,passenger,passenger,passenger,passenger,passenger,passenger,passenger,passenger,passenger,passenger,passenger,passenger,passenger,passenger,passenger,passenger,passenger
rail_893,passenger,passenger,passenger,passenger,passenger,passenger,passenger,passenger,passenger,passenger,passenger,passenger,passenger,passenger,passenger,passenger,passenger,passenger,passenger,passenger,passenger,passenger,passenger,passenger,passenger,passenger,passenger,passenger,passenger,passenger,passenger
rail_894,both,both,both,both,both,both,both,both,both,both,both,both,both,both,both,both,both,both,both,both,both,both,both,both,both,both,both,both,both,both,both
rail_895,goods,goods,goods,goods,goods,goods,goods,goods,goods,goods,goods,goods,goods,goods,goods,goods,goods,goods,goods,goods,goods,goods,goods,goods,goods,goods,goods,goods,goods,goods,goods
rail_896,passenger,passenger,passenger,passenger,passenger,passenger,passenger,passenger,passenger,passenger,passenger,passenger,passenger,passenger,passenger,passenger,passenger,passenger,passenger,passenger,passenger,passenger,passenger,passenger,passenger,passenger,passenger,passenger,passenger,passenger,passenger
rail_897,passenger,passenger,passenger,passenger,passenger,passenger,passenger,passenger,passenger,passenger,passenger,passenger,passenger,passenger,passenger,passenger,passenger,passenger,passenger,passenger,passenger,passenger,passenger,passenger,passenger,passenger,passenger,passenger,passenger,passenger,passenger
rail_898,passenger,passenger,passenger,passenger,passenger,passenger,passenger,passenger,passenger,passenger,passenger,passenger,passenger,passenger,passenger,passenger,passenger,passenger,passenger,passenger,passenger,passenger,passenger,passenger,passenger,passenger,passenger,passenger,passenger,passenger,passenger
rail_899,passenger,passenger,passenger,passenger,passenger,passenger,passenger,passenger,passenger,passenger,passenger,passenger,passenger,passenger,passenger,passenger,passenger,passenger,passenger,passenger,passenger,passenger,passenger,passenger,passenger,passenger,passenger,passenger,passenger,passenger,passenger
rail_900,passenger,passenger,passenger,passenger,passenger,passenger,passenger,passenger,passenger,passenger,passenger,passenger,passenger,passenger,passenger,passenger,passenger,passenger,passenger,passenger,passenger,passenger,passenger,passenger,passenger,passenger,passenger,passenger,passenger,passenger,passenger
rail_901,passenger,passenger,passenger,passenger,passenger,passenger,passenger,passenger,passenger,passenger,passenger,passenger,passenger,passenger,passenger,passenger,passenger,passenger,passenger,passenger,passenger,passenger,passenger,passenger,passenger,passenger,passenger,passenger,passenger,passenger,passenger
rail_902,passenger,passenger,passenger,passenger,passenger,passenger,passenger,passenger,passenger,passenger,passenger,passenger,passenger,passenger,passenger,passenger,passenger,passenger,passenger,passenger,passenger,passenger,passenger,passenger,passenger,passenger,passenger,passenger,passenger,passenger,passenger
rail_903,both,both,both,both,both,both,both,both,both,both,both,both,both,both,both,both,both,both,both,both,both,both,both,both,both,both,both,both,both,both,both
rail_904,passenger,passenger,passenger,passenger,passenger,passenger,passenger,passenger,passenger,passenger,passenger,passenger,passenger,passenger,passenger,passenger,passenger,passenger,passenger,passenger,passenger,passenger,passenger,passenger,passenger,passenger,passenger,passenger,passenger,passenger,passenger
rail_905,passenger,passenger,passenger,passenger,passenger,passenger,passenger,passenger,passenger,passenger,passenger,passenger,passenger,passenger,passenger,passenger,passenger,passenger,passenger,passenger,passenger,passenger,passenger,passenger,passenger,passenger,passenger,passenger,passenger,passenger,passenger
rail_906,passenger,passenger,passenger,passenger,passenger,passenger,passenger,passenger,passenger,passenger,passenger,passenger,passenger,passenger,passenger,passenger,passenger,passenger,passenger,passenger,passenger,passenger,passenger,passenger,passenger,passenger,passenger,passenger,passenger,passenger,passenger
rail_907,passenger,passenger,passenger,passenger,passenger,passenger,passenger,passenger,passenger,passenger,passenger,passenger,passenger,passenger,passenger,passenger,passenger,passenger,passenger,passenger,passenger,passenger,passenger,passenger,passenger,passenger,passenger,passenger,passenger,passenger,passenger
rail_908,passenger,passenger,passenger,passenger,passenger,passenger,passenger,passenger,passenger,passenger,passenger,passenger,passenger,passenger,passenger,passenger,passenger,passenger,passenger,passenger,passenger,passenger,passenger,passenger,passenger,passenger,passenger,passenger,passenger,passenger,passenger
rail_909,both,both,both,both,both,both,both,both,both,both,both,both,both,both,both,both,both,both,both,both,both,both,both,both,both,both,both,both,both,both,both
rail_910,passenger,passenger,passenger,passenger,passenger,passenger,passenger,passenger,passenger,passenger,passenger,passenger,passenger,passenger,passenger,passenger,passenger,passenger,passenger,passenger,passenger,passenger,passenger,passenger,passenger,passenger,passenger,passenger,passenger,passenger,passenger
rail_911,both,both,both,both,both,both,both,both,both,both,both,both,both,both,both,both,both,both,both,both,both,both,both,both,both,both,both,both,both,both,both
rail_912,both,both,both,both,both,both,both,both,both,both,both,both,both,both,both,both,both,both,both,both,both,both,both,both,both,both,both,both,both,both,both
rail_913,both,both,both,both,both,both,both,both,both,both,both,both,both,both,both,both,both,both,both,both,both,both,both,both,both,both,both,both,both,both,both
rail_914,both,both,both,both,both,both,both,both,both,both,both,both,both,both,both,both,both,both,both,both,both,both,both,both,both,both,both,both,both,both,both
rail_915,passenger,passenger,passenger,passenger,passenger,passenger,passenger,passenger,passenger,passenger,passenger,passenger,passenger,passenger,passenger,passenger,passenger,passenger,passenger,passenger,passenger,passenger,passenger,passenger,passenger,passenger,passenger,passenger,passenger,passenger,passenger
rail_916,passenger,passenger,passenger,passenger,passenger,passenger,passenger,passenger,passenger,passenger,passenger,passenger,passenger,passenger,passenger,passenger,passenger,passenger,passenger,passenger,passenger,passenger,passenger,passenger,passenger,passenger,passenger,passenger,passenger,passenger,passenger
rail_917,both,both,both,both,both,both,both,both,both,both,both,both,both,both,both,both,both,both,both,both,both,both,both,both,both,both,both,both,both,both,both
rail_918,both,both,both,both,both,both,both,both,both,both,both,both,both,both,both,both,both,both,both,both,both,both,both,both,both,both,both,both,both,both,both
rail_919,both,both,both,both,both,both,both,both,both,both,both,both,both,both,both,both,both,both,both,both,both,both,both,both,both,both,both,both,both,both,both
rail_920,passenger,passenger,passenger,passenger,passenger,passenger,passenger,passenger,passenger,passenger,passenger,passenger,passenger,passenger,passenger,passenger,passenger,passenger,passenger,passenger,passenger,passenger,passenger,passenger,passenger,passenger,passenger,passenger,passenger,passenger,passenger
rail_921,goods,goods,goods,goods,goods,goods,goods,goods,goods,goods,goods,goods,goods,goods,goods,goods,goods,goods,goods,goods,goods,goods,goods,goods,goods,goods,goods,goods,goods,goods,goods
rail_922,passenger,passenger,passenger,passenger,passenger,passenger,passenger,passenger,passenger,passenger,passenger,passenger,passenger,passenger,passenger,passenger,passenger,passenger,passenger,passenger,passenger,passenger,passenger,passenger,passenger,passenger,passenger,passenger,passenger,passenger,passenger
rail_923,both,both,both,both,both,both,both,both,both,both,both,both,both,both,both,both,both,both,both,both,both,both,both,both,both,both,both,both,both,both,both
rail_924,goods,goods,goods,goods,goods,goods,goods,goods,goods,goods,goods,goods,goods,goods,goods,goods,goods,goods,goods,goods,goods,goods,goods,goods,goods,goods,goods,goods,goods,goods,goods
rail_925,goods,goods,goods,goods,goods,goods,goods,goods,goods,goods,goods,goods,goods,goods,goods,goods,goods,goods,goods,goods,goods,goods,goods,goods,goods,goods,goods,goods,goods,goods,goods
rail_926,passenger,passenger,passenger,passenger,passenger,passenger,passenger,passenger,passenger,passenger,passenger,passenger,passenger,passenger,passenger,passenger,passenger,passenger,passenger,passenger,passenger,passenger,passenger,passenger,passenger,passenger,passenger,passenger,passenger,passenger,passenger
rail_927,both,both,both,both,both,both,both,both,both,both,both,both,both,both,both,both,both,both,both,both,both,both,both,both,both,both,both,both,both,both,both
rail_928,both,both,both,both,both,both,both,both,both,both,both,both,both,both,both,both,both,both,both,both,both,both,both,both,both,both,both,both,both,both,both
rail_929,passenger,passenger,passenger,passenger,passenger,passenger,passenger,passenger,passenger,passenger,passenger,passenger,passenger,passenger,passenger,passenger,passenger,passenger,passenger,passenger,passenger,passenger,passenger,passenger,passenger,passenger,passenger,passenger,passenger,passenger,passenger
rail_930,passenger,passenger,passenger,passenger,passenger,passenger,passenger,passenger,passenger,passenger,passenger,passenger,passenger,passenger,passenger,passenger,passenger,passenger,passenger,passenger,passenger,passenger,passenger,passenger,passenger,passenger,passenger,passenger,passenger,passenger,passenger
rail_931,both,both,both,both,both,both,both,both,both,both,both,both,both,both,both,both,both,both,both,both,both,both,both,both,both,both,both,both,both,both,both
rail_932,passenger,passenger,passenger,passenger,passenger,passenger,passenger,passenger,passenger,passenger,passenger,passenger,passenger,passenger,passenger,passenger,passenger,passenger,passenger,passenger,passenger,passenger,passenger,passenger,passenger,passenger,passenger,passenger,passenger,passenger,passenger
rail_933,passenger,passenger,passenger,passenger,passenger,passenger,passenger,passenger,passenger,passenger,passenger,passenger,passenger,passenger,passenger,passenger,passenger,passenger,passenger,passenger,passenger,passenger,passenger,passenger,passenger,passenger,passenger,passenger,passenger,passenger,passenger
rail_934,passenger,passenger,passenger,passenger,passenger,passenger,passenger,passenger,passenger,passenger,passenger,passenger,passenger,passenger,passenger,passenger,passenger,passenger,passenger,passenger,passenger,passenger,passenger,passenger,passenger,passenger,passenger,passenger,passenger,passenger,passenger
rail_935,both,both,both,both,both,both,both,both,both,both,both,both,both,both,both,both,both,both,both,both,both,both,both,both,both,both,both,both,both,both,both
rail_936,both,both,both,both,both,both,both,both,both,both,both,both,both,both,both,both,both,both,both,both,both,both,both,both,both,both,both,both,both,both,both
rail_937,passenger,passenger,passenger,passenger,passenger,passenger,passenger,passenger,passenger,passenger,passenger,passenger,passenger,passenger,passenger,passenger,passenger,passenger,passenger,passenger,passenger,passenger,passenger,passenger,passenger,passenger,passenger,passenger,passenger,passenger,passenger
rail_938,both,both,both,both,both,both,both,both,both,both,both,both,both,both,both,both,both,both,both,both,both,both,both,both,both,both,both,both,both,both,both
rail_939,both,both,both,both,both,both,both,both,both,both,both,both,both,both,both,both,both,both,both,both,both,both,both,both,both,both,both,both,both,both,both
rail_940,passenger,passenger,passenger,passenger,passenger,passenger,passenger,passenger,passenger,passenger,passenger,passenger,passenger,passenger,passenger,passenger,passenger,passenger,passenger,passenger,passenger,passenger,passenger,passenger,passenger,passenger,passenger,passenger,passenger,passenger,passenger
rail_941,passenger,passenger,passenger,passenger,passenger,passenger,passenger,passenger,passenger,passenger,passenger,passenger,passenger,passenger,passenger,passenger,passenger,passenger,passenger,passenger,passenger,passenger,passenger,passenger,passenger,passenger,passenger,passenger,passenger,passenger,passenger
rail_942,passenger,passenger,passenger,passenger,passenger,passenger,passenger,passenger,passenger,passenger,passenger,passenger,passenger,passenger,passenger,passenger,passenger,passenger,passenger,passenger,passenger,passenger,passenger,passenger,passenger,passenger,passenger,passenger,passenger,passenger,passenger
rail_943,both,both,both,both,both,both,both,both,both,both,both,both,both,both,both,both,both,both,both,both,both,both,both,both,both,both,both,both,both,both,both
rail_944,both,both,both,both,both,both,both,both,both,both,both,both,both,both,both,both,both,both,both,both,both,both,both,both,both,both,both,both,both,both,both
rail_945,passenger,passenger,passenger,passenger,passenger,passenger,passenger,passenger,passenger,passenger,passenger,passenger,passenger,passenger,passenger,passenger,passenger,passenger,passenger,passenger,passenger,passenger,passenger,passenger,passenger,passenger,passenger,passenger,passenger,passenger,passenger
rail_946,passenger,passenger,passenger,passenger,passenger,passenger,passenger,passenger,passenger,passenger,passenger,passenger,passenger,passenger,passenger,passenger,passenger,passenger,passenger,passenger,passenger,passenger,passenger,passenger,passenger,passenger,passenger,passenger,passenger,passenger,passenger
rail_947,passenger,passenger,passenger,passenger,passenger,passenger,passenger,passenger,passenger,passenger,passenger,passenger,passenger,passenger,passenger,passenger,passenger,passenger,passenger,passenger,passenger,passenger,passenger,passenger,passenger,passenger,passenger,passenger,passenger,passenger,passenger
rail_948,passenger,passenger,passenger,passenger,passenger,passenger,passenger,passenger,passenger,passenger,passenger,passenger,passenger,passenger,passenger,passenger,passenger,passenger,passenger,passenger,passenger,passenger,passenger,passenger,passenger,passenger,passenger,passenger,passenger,passenger,passenger
rail_949,passenger,passenger,passenger,passenger,passenger,passenger,passenger,passenger,passenger,passenger,passenger,passenger,passenger,passenger,passenger,passenger,passenger,passenger,passenger,passenger,passenger,passenger,passenger,passenger,passenger,passenger,passenger,passenger,passenger,passenger,passenger
rail_950,passenger,passenger,passenger,passenger,passenger,passenger,passenger,passenger,passenger,passenger,passenger,passenger,passenger,passenger,passenger,passenger,passenger,passenger,passenger,passenger,passenger,passenger,passenger,passenger,passenger,passenger,passenger,passenger,passenger,passenger,passenger
rail_951,both,both,both,both,both,both,both,both,both,both,both,both,both,both,both,both,both,both,both,both,both,both,both,both,both,both,both,both,both,both,both
rail_952,both,both,both,both,both,both,both,both,both,both,both,both,both,both,both,both,both,both,both,both,both,both,both,both,both,both,both,both,both,both,both
rail_953,both,both,both,both,both,both,both,both,both,both,both,both,both,both,both,both,both,both,both,both,both,both,both,both,both,both,both,both,both,both,both
rail_954,passenger,passenger,passenger,passenger,passenger,passenger,passenger,passenger,passenger,passenger,passenger,passenger,passenger,passenger,passenger,passenger,passenger,passenger,passenger,passenger,passenger,passenger,passenger,passenger,passenger,passenger,passenger,passenger,passenger,passenger,passenger
rail_955,passenger,passenger,passenger,passenger,passenger,passenger,passenger,passenger,passenger,passenger,passenger,passenger,passenger,passenger,passenger,passenger,passenger,passenger,passenger,passenger,passenger,passenger,passenger,passenger,passenger,passenger,passenger,passenger,passenger,passenger,passenger
rail_956,passenger,passenger,passenger,passenger,passenger,passenger,passenger,passenger,passenger,passenger,passenger,passenger,passenger,passenger,passenger,passenger,passenger,passenger,passenger,passenger,passenger,passenger,passenger,passenger,passenger,passenger,passenger,passenger,passenger,passenger,passenger
rail_957,passenger,passenger,passenger,passenger,passenger,passenger,passenger,passenger,passenger,passenger,passenger,passenger,passenger,passenger,passenger,passenger,passenger,passenger,passenger,passenger,passenger,passenger,passenger,passenger,passenger,passenger,passenger,passenger,passenger,passenger,passenger
rail_958,passenger,passenger,passenger,passenger,passenger,passenger,passenger,passenger,passenger,passenger,passenger,passenger,passenger,passenger,passenger,passenger,passenger,passenger,passenger,passenger,passenger,passenger,passenger,passenger,passenger,passenger,passenger,passenger,passenger,passenger,passenger
rail_959,passenger,passenger,passenger,passenger,passenger,passenger,passenger,passenger,passenger,passenger,passenger,passenger,passenger,passenger,passenger,passenger,passenger,passenger,passenger,passenger,passenger,passenger,passenger,passenger,passenger,passenger,passenger,passenger,passenger,passenger,passenger
rail_960,passenger,passenger,passenger,passenger,passenger,passenger,passenger,passenger,passenger,passenger,passenger,passenger,passenger,passenger,passenger,passenger,passenger,passenger,passenger,passenger,passenger,passenger,passenger,passenger,passenger,passenger,passenger,passenger,passenger,passenger,passenger
rail_961,passenger,passenger,passenger,passenger,passenger,passenger,passenger,passenger,passenger,passenger,passenger,passenger,passenger,passenger,passenger,passenger,passenger,passenger,passenger,passenger,passenger,passenger,passenger,passenger,passenger,passenger,passenger,passenger,passenger,passenger,passenger
rail_962,passenger,passenger,passenger,passenger,passenger,passenger,passenger,passenger,passenger,passenger,passenger,passenger,passenger,passenger,passenger,passenger,passenger,passenger,passenger,passenger,passenger,passenger,passenger,passenger,passenger,passenger,passenger,passenger,passenger,passenger,passenger
rail_963,passenger,passenger,passenger,passenger,passenger,passenger,passenger,passenger,passenger,passenger,passenger,passenger,passenger,passenger,passenger,passenger,passenger,passenger,passenger,passenger,passenger,passenger,passenger,passenger,passenger,passenger,passenger,passenger,passenger,passenger,passenger
rail_964,passenger,passenger,passenger,passenger,passenger,passenger,passenger,passenger,passenger,passenger,passenger,passenger,passenger,passenger,passenger,passenger,passenger,passenger,passenger,passenger,passenger,passenger,passenger,passenger,passenger,passenger,passenger,passenger,passenger,passenger,passenger
rail_965,both,both,both,both,both,both,both,both,both,both,both,both,both,both,both,both,both,both,both,both,both,both,both,both,both,both,both,both,both,both,both
rail_966,both,both,both,both,both,both,both,both,both,both,both,both,both,both,both,both,both,both,both,both,both,both,both,both,both,both,both,both,both,both,both
rail_967,both,both,both,both,both,both,both,both,both,both,both,both,both,both,both,both,both,both,both,both,both,both,both,both,both,both,both,both,both,both,both
rail_968,passenger,passenger,passenger,passenger,passenger,passenger,passenger,passenger,passenger,passenger,passenger,passenger,passenger,passenger,passenger,passenger,passenger,passenger,passenger,passenger,passenger,passenger,passenger,passenger,passenger,passenger,passenger,passenger,passenger,passenger,passenger
rail_969,passenger,passenger,passenger,passenger,passenger,passenger,passenger,passenger,passenger,passenger,passenger,passenger,passenger,passenger,passenger,passenger,passenger,passenger,passenger,passenger,passenger,passenger,passenger,passenger,passenger,passenger,passenger,passenger,passenger,passenger,passenger
rail_970,passenger,passenger,passenger,passenger,passenger,passenger,passenger,passenger,passenger,passenger,passenger,passenger,passenger,passenger,passenger,passenger,passenger,passenger,passenger,passenger,passenger,passenger,passenger,passenger,passenger,passenger,passenger,passenger,passenger,passenger,passenger
rail_971,passenger,passenger,passenger,passenger,passenger,passenger,passenger,passenger,passenger,passenger,passenger,passenger,passenger,passenger,passenger,passenger,passenger,passenger,passenger,passenger,passenger,passenger,passenger,passenger,passenger,passenger,passenger,passenger,passenger,passenger,passenger
rail_972,passenger,passenger,passenger,passenger,passenger,passenger,passenger,passenger,passenger,passenger,passenger,passenger,passenger,passenger,passenger,passenger,passenger,passenger,passenger,passenger,passenger,passenger,passenger,passenger,passenger,passenger,passenger,passenger,passenger,passenger,passenger
rail_973,passenger,passenger,passenger,passenger,passenger,passenger,passenger,passenger,passenger,passenger,passenger,passenger,passenger,passenger,passenger,passenger,passenger,passenger,passenger,passenger,passenger,passenger,passenger,passenger,passenger,passenger,passenger,passenger,passenger,passenger,passenger
rail_974,passenger,passenger,passenger,passenger,passenger,passenger,passenger,passenger,passenger,passenger,passenger,passenger,passenger,passenger,passenger,passenger,passenger,passenger,passenger,passenger,passenger,passenger,passenger,passenger,passenger,passenger,passenger,passenger,passenger,passenger,passenger
rail_975,passenger,passenger,passenger,passenger,passenger,passenger,passenger,passenger,passenger,passenger,passenger,passenger,passenger,passenger,passenger,passenger,passenger,passenger,passenger,passenger,passenger,passenger,passenger,passenger,passenger,passenger,passenger,passenger,passenger,passenger,passenger
rail_976,passenger,passenger,passenger,passenger,passenger,passenger,passenger,passenger,passenger,passenger,passenger,passenger,passenger,passenger,passenger,passenger,passenger,passenger,passenger,passenger,passenger,passenger,passenger,passenger,passenger,passenger,passenger,passenger,passenger,passenger,passenger
rail_977,passenger,passenger,passenger,passenger,passenger,passenger,passenger,passenger,passenger,passenger,passenger,passenger,passenger,passenger,passenger,passenger,passenger,passenger,passenger,passenger,passenger,passenger,passenger,passenger,passenger,passenger,passenger,passenger,passenger,passenger,passenger
rail_978,passenger,passenger,passenger,passenger,passenger,passenger,passenger,passenger,passenger,passenger,passenger,passenger,passenger,passenger,passenger,passenger,passenger,passenger,passenger,passenger,passenger,passenger,passenger,passenger,passenger,passenger,passenger,passenger,passenger,passenger,passenger
rail_979,passenger,passenger,passenger,passenger,passenger,passenger,passenger,passenger,passenger,passenger,passenger,passenger,passenger,passenger,passenger,passenger,passenger,passenger,passenger,passenger,passenger,passenger,passenger,passenger,passenger,passenger,passenger,passenger,passenger,passenger,passenger
rail_980,passenger,passenger,passenger,passenger,passenger,passenger,passenger,passenger,passenger,passenger,passenger,passenger,passenger,passenger,passenger,passenger,passenger,passenger,passenger,passenger,passenger,passenger,passenger,passenger,passenger,passenger,passenger,passenger,passenger,passenger,passenger
rail_981,passenger,passenger,passenger,passenger,passenger,passenger,passenger,passenger,passenger,passenger,passenger,passenger,passenger,passenger,passenger,passenger,passenger,passenger,passenger,passenger,passenger,passenger,passenger,passenger,passenger,passenger,passenger,passenger,passenger,passenger,passenger
rail_982,passenger,passenger,passenger,passenger,passenger,passenger,passenger,passenger,passenger,passenger,passenger,passenger,passenger,passenger,passenger,passenger,passenger,passenger,passenger,passenger,passenger,passenger,passenger,passenger,passenger,passenger,passenger,passenger,passenger,passenger,passenger
rail_983,passenger,passenger,passenger,passenger,passenger,passenger,passenger,passenger,passenger,passenger,passenger,passenger,passenger,passenger,passenger,passenger,passenger,passenger,passenger,passenger,passenger,passenger,passenger,passenger,passenger,passenger,passenger,passenger,passenger,passenger,passenger
rail_984,both,both,both,both,both,both,both,both,both,both,both,both,both,both,both,both,both,both,both,both,both,both,both,both,both,both,both,both,both,both,both
rail_985,both,both,both,both,both,both,both,both,both,both,both,both,both,both,both,both,both,both,both,both,both,both,both,both,both,both,both,both,both,both,both
rail_986,both,both,both,both,both,both,both,both,both,both,both,both,both,both,both,both,both,both,both,both,both,both,both,both,both,both,both,both,both,both,both
rail_987,both,both,both,both,both,both,both,both,both,both,both,both,both,both,both,both,both,both,both,both,both,both,both,both,both,both,both,both,both,both,both
rail_988,passenger,passenger,passenger,passenger,passenger,passenger,passenger,passenger,passenger,passenger,passenger,passenger,passenger,passenger,passenger,passenger,passenger,passenger,passenger,passenger,passenger,passenger,passenger,passenger,passenger,passenger,passenger,passenger,passenger,passenger,passenger
rail_989,passenger,passenger,passenger,passenger,passenger,passenger,passenger,passenger,passenger,passenger,passenger,passenger,passenger,passenger,passenger,passenger,passenger,passenger,passenger,passenger,passenger,passenger,passenger,passenger,passenger,passenger,passenger,passenger,passenger,passenger,passenger
rail_990,passenger,passenger,passenger,passenger,passenger,passenger,passenger,passenger,passenger,passenger,passenger,passenger,passenger,passenger,passenger,passenger,passenger,passenger,passenger,passenger,passenger,passenger,passenger,passenger,passenger,passenger,passenger,passenger,passenger,passenger,passenger
rail_991,passenger,passenger,passenger,passenger,passenger,passenger,passenger,passenger,passenger,passenger,passenger,passenger,passenger,passenger,passenger,passenger,passenger,passenger,passenger,passenger,passenger,passenger,passenger,passenger,passenger,passenger,passenger,passenger,passenger,passenger,passenger
rail_992,passenger,passenger,passenger,passenger,passenger,passenger,passenger,passenger,passenger,passenger,passenger,passenger,passenger,passenger,passenger,passenger,passenger,passenger,passenger,passenger,passenger,passenger,passenger,passenger,passenger,passenger,passenger,passenger,passenger,passenger,passenger
rail_993,passenger,passenger,passenger,passenger,passenger,passenger,passenger,passenger,passenger,passenger,passenger,passenger,passenger,passenger,passenger,passenger,passenger,passenger,passenger,passenger,passenger,passenger,passenger,passenger,passenger,passenger,passenger,passenger,passenger,passenger,passenger
rail_994,both,both,both,both,both,both,both,both,both,both,both,both,both,both,both,both,both,both,both,both,both,both,both,both,both,both,both,both,both,both,both
rail_995,both,both,both,both,both,both,both,both,both,both,both,both,both,both,both,both,both,both,both,both,both,both,both,both,both,both,both,both,both,both,both
rail_996,both,both,both,both,both,both,both,both,both,both,both,both,both,both,both,both,both,both,both,both,both,both,both,both,both,both,both,both,both,both,both
rail_997,passenger,passenger,passenger,passenger,passenger,passenger,passenger,passenger,passenger,passenger,passenger,passenger,passenger,passenger,passenger,passenger,passenger,passenger,passenger,passenger,passenger,passenger,passenger,passenger,passenger,passenger,passenger,passenger,passenger,passenger,passenger
rail_998,passenger,passenger,passenger,passenger,passenger,passenger,passenger,passenger,passenger,passenger,passenger,passenger,passenger,passenger,passenger,passenger,passenger,passenger,passenger,passenger,passenger,passenger,passenger,passenger,passenger,passenger,passenger,passenger,passenger,passenger,passenger
rail_999,passenger,passenger,passenger,passenger,passenger,passenger,passenger,passenger,passenger,passenger,passenger,passenger,passenger,passenger,passenger,passenger,passenger,passenger,passenger,passenger,passenger,passenger,passenger,passenger,passenger,passenger,passenger,passenger,passenger,passenger,passenger
rail_1000,passenger,passenger,passenger,passenger,passenger,passenger,passenger,passenger,passenger,passenger,passenger,passenger,passenger,passenger,passenger,passenger,passenger,passenger,passenger,passenger,passenger,passenger,passenger,passenger,passenger,passenger,passenger,passenger,passenger,passenger,passenger
rail_1001,passenger,passenger,passenger,passenger,passenger,passenger,passenger,passenger,passenger,passenger,passenger,passenger,passenger,passenger,passenger,passenger,passenger,passenger,passenger,passenger,passenger,passenger,passenger,passenger,passenger,passenger,passenger,passenger,passenger,passenger,passenger
rail_1002,passenger,passenger,passenger,passenger,passenger,passenger,passenger,passenger,passenger,passenger,passenger,passenger,passenger,passenger,passenger,passenger,passenger,passenger,passenger,passenger,passenger,passenger,passenger,passenger,passenger,passenger,passenger,passenger,passenger,passenger,passenger
rail_1003,passenger,passenger,passenger,passenger,passenger,passenger,passenger,passenger,passenger,passenger,passenger,passenger,passenger,passenger,passenger,passenger,passenger,passenger,passenger,passenger,passenger,passenger,passenger,passenger,passenger,passenger,passenger,passenger,passenger,passenger,passenger
rail_1004,passenger,passenger,passenger,passenger,passenger,passenger,passenger,passenger,passenger,passenger,passenger,passenger,passenger,passenger,passenger,passenger,passenger,passenger,passenger,passenger,passenger,passenger,passenger,passenger,passenger,passenger,passenger,passenger,passenger,passenger,passenger
rail_1005,passenger,passenger,passenger,passenger,passenger,passenger,passenger,passenger,passenger,passenger,passenger,passenger,passenger,passenger,passenger,passenger,passenger,passenger,passenger,passenger,passenger,passenger,passenger,passenger,passenger,passenger,passenger,passenger,passenger,passenger,passenger
rail_1006,passenger,passenger,passenger,passenger,passenger,passenger,passenger,passenger,passenger,passenger,passenger,passenger,passenger,passenger,passenger,passenger,passenger,passenger,passenger,passenger,passenger,passenger,passenger,passenger,passenger,passenger,passenger,passenger,passenger,passenger,passenger
rail_1007,passenger,passenger,passenger,passenger,passenger,passenger,passenger,passenger,passenger,passenger,passenger,passenger,passenger,passenger,passenger,passenger,passenger,passenger,passenger,passenger,passenger,passenger,passenger,passenger,passenger,passenger,passenger,passenger,passenger,passenger,passenger
rail_1008,passenger,passenger,passenger,passenger,passenger,passenger,passenger,passenger,passenger,passenger,passenger,passenger,passenger,passenger,passenger,passenger,passenger,passenger,passenger,passenger,passenger,passenger,passenger,passenger,passenger,passenger,passenger,passenger,passenger,passenger,passenger
rail_1009,passenger,passenger,passenger,passenger,passenger,passenger,passenger,passenger,passenger,passenger,passenger,passenger,passenger,passenger,passenger,passenger,passenger,passenger,passenger,passenger,passenger,passenger,passenger,passenger,passenger,passenger,passenger,passenger,passenger,passenger,passenger
rail_1010,passenger,passenger,passenger,passenger,passenger,passenger,passenger,passenger,passenger,passenger,passenger,passenger,passenger,passenger,passenger,passenger,passenger,passenger,passenger,passenger,passenger,passenger,passenger,passenger,passenger,passenger,passenger,passenger,passenger,passenger,passenger
rail_1011,passenger,passenger,passenger,passenger,passenger,passenger,passenger,passenger,passenger,passenger,passenger,passenger,passenger,passenger,passenger,passenger,passenger,passenger,passenger,passenger,passenger,passenger,passenger,passenger,passenger,passenger,passenger,passenger,passenger,passenger,passenger
rail_1012,passenger,passenger,passenger,passenger,passenger,passenger,passenger,passenger,passenger,passenger,passenger,passenger,passenger,passenger,passenger,passenger,passenger,passenger,passenger,passenger,passenger,passenger,passenger,passenger,passenger,passenger,passenger,passenger,passenger,passenger,passenger
